age_days,breakout_ratio,caption,channel,comment_count,curiosity,desc_len,dur_promise,duration,engagement,greed,has_caps,has_emoji,has_link,has_number,has_pipe,is_compare,is_question,len_char,len_word,like_count,n_tags,num_parity,pain,published,seed,subscribers,title,video_id,view_count,views_per_day
1,0.11,False,HEO CAO BỒI - Snack dinh dưỡng,2,False,0,False,36,0.0128,False,False,False,False,False,False,False,True,97,22,4,0,,False,2026-08-04T11:00:23Z,khám phá vũ trụ,98300,Những thành viên đầu tiên cùng tham gia vùng đất kỳ ảo là ai đây ta?? Các bạn có đoán được không?,6A4BQiPUapk,470,470
1,0.27,False,HEO CAO BỒI - Snack dinh dưỡng,0,False,0,False,28,0.009,False,True,False,False,True,False,False,True,99,23,10,0,odd,False,2026-08-03T04:45:36Z,khám phá vũ trụ,98300,5 hệ năng lượng đã xuất hiện tại Vùng đất kỳ ảo rồi đây!! Bạn nghĩ mình sẽ thuộc hệ năng lương nào?,rlbZXCZW5_U,1111,1111
2,0.21,False,HEO CAO BỒI - Snack dinh dưỡng,4,False,0,False,600,0.0196,False,True,False,False,True,True,False,False,64,15,13,0,even,False,2026-08-02T10:00:23Z,khám phá vũ trụ,98300,PHIM HOẠT HÌNH HEO CAO BỒI | TẬP 46: BIỆT ĐỘI SIÊU TỐC XUẤT KÍCH,ZrteYYaEVps,868,434
3,0.61,False,HEO CAO BỒI - Snack dinh dưỡng,2,False,0,False,15,0.0103,False,False,False,False,False,False,False,False,73,17,24,0,,False,2026-08-01T08:45:06Z,khám phá vũ trụ,98300,"Nghệ An đâu rồi taa, cho Heo Cao Bồi thấy cánh tay của các bạn thôi nào!!",MhRaHIV9zUc,2535,845
3,4.5,False,HEO CAO BỒI - Snack dinh dưỡng,2,False,0,False,6,0.0047,False,True,False,False,False,False,False,True,97,22,86,0,,False,2026-08-01T04:30:17Z,khám phá vũ trụ,98300,"Bạn sẽ trúng hoạt động nào trong bộ sưu tập đây?? Mở ly Xốt lắc, khám phá thế giới màu sắc thôi!!",1PQyYz1Oypc,18562,6187
3,0.16,False,HEO CAO BỒI - Snack dinh dưỡng,1,False,164,False,29,0.0104,False,True,False,False,True,True,False,False,74,16,6,0,even,False,2026-08-01T02:45:04Z,khám phá vũ trụ,98300,PHIM HOẠT HÌNH HEO CAO BỒI | HIGHLIGHT TẬP 46: BIỆT ĐỘI SIÊU TỐC XUẤT KÍCH,KU2oZBiGaag,676,225
9,0.35,False,HEO CAO BỒI - Snack dinh dưỡng,1,False,0,False,446,0.0146,False,True,False,False,True,True,False,False,75,17,20,0,even,False,2026-07-26T10:00:24Z,khám phá vũ trụ,98300,PHIM HOẠT HÌNH HEO CAO BỒI ĐẶC BIỆT | TẬP 2: HỌC VIỆN ĐẠI DƯƠNG (PHẦN CUỐI),Fm4ybRqpUH0,1440,160
11,0.19,False,HEO CAO BỒI - Snack dinh dưỡng,1,False,163,False,22,0.0064,False,True,False,False,True,True,False,False,85,18,4,0,even,False,2026-07-24T11:45:10Z,khám phá vũ trụ,98300,PHIM HOẠT HÌNH HEO CAO BỒI ĐẶC BIỆT | HIGHLIGHT TẬP 2: HỌC VIỆN ĐẠI DƯƠNG (PHẦN CUỐI),MtsHNIS2ZbE,786,71
11,0.97,False,HEO CAO BỒI - Snack dinh dưỡng,2,False,0,False,35,0.0107,False,True,False,False,False,False,False,False,74,16,41,0,,False,2026-07-24T11:00:36Z,khám phá vũ trụ,98300,Thưởng “Xì Xèo” ngâm một bài thơ cho mọi người cùng nghe với Heo Cao Bồi!!,xB5SPaoDC2w,4014,365
12,0.29,False,HEO CAO BỒI - Snack dinh dưỡng,1,False,294,False,661,0.016,False,True,False,False,True,False,False,False,30,8,18,0,even,False,2026-07-23T12:00:10Z,khám phá vũ trụ,98300,TẬP 24: ĐỘI BÓNG BẤT ỔN LỚP 3B,XkKABm6HBtE,1184,99
15,1.69,False,HEO CAO BỒI - Snack dinh dưỡng,3,False,0,False,36,0.0109,False,False,False,False,True,False,False,False,90,20,73,0,even,False,2026-07-20T04:15:28Z,khám phá vũ trụ,98300,Sạc ngay năng lượng với 4 hương vị béo thơm tan chảy của xúc xích nhân tan chảy thôi nào!!,TlKl8dDckPo,6967,464
16,0.55,False,HEO CAO BỒI - Snack dinh dưỡng,1,False,0,False,438,0.0088,False,True,False,False,True,True,False,False,74,17,19,0,even,False,2026-07-19T10:00:07Z,khám phá vũ trụ,98300,PHIM HOẠT HÌNH HEO CAO BỒI ĐẶC BIỆT | TẬP 2: HỌC VIỆN ĐẠI DƯƠNG (PHẦN ĐẦU),V73JBdAyLaA,2261,141
16,1.16,False,HEO CAO BỒI - Snack dinh dưỡng,4,False,0,False,43,0.0129,False,True,False,False,False,False,False,False,70,16,58,0,,False,2026-07-19T09:30:13Z,khám phá vũ trụ,98300,Đội bóng xúc xích nhân tan chảy thơm ngon đã chuẩn bị ra sân rồi đây!!,xDr_F4JOPtw,4795,300
18,0.27,False,HEO CAO BỒI - Snack dinh dưỡng,1,False,240,False,24,0.0062,False,True,False,False,True,True,False,False,73,16,6,0,even,False,2026-07-17T11:52:53Z,khám phá vũ trụ,98300,PHIM HOẠT HÌNH HEO CAO BỒI ĐẶC BIỆT | HIGHLIGHT TẬP 2: HỌC VIỆN ĐẠI DƯƠNG,QQBGCQzMRwQ,1132,63
21,2.15,False,HEO CAO BỒI - Snack dinh dưỡng,3,False,0,False,20,0.007,False,False,False,False,False,False,False,False,91,20,59,0,,False,2026-07-14T09:02:06Z,khám phá vũ trụ,98300,Thử ngay Heo Cao Bồi Đũa Phép thanh hải sản tôm cua phô mai thơm béo đỉnh chóp #heocaoboi #,we_LjOSoPNI,8862,422
21,1.16,False,HEO CAO BỒI - Snack dinh dưỡng,1,False,0,False,20,0.0077,False,False,False,False,False,False,False,False,98,19,36,0,,False,2026-07-14T09:01:51Z,khám phá vũ trụ,98300,"Úm ba la xì bùa, Đũa Phép bắp thơm lừng ngon quá chừng, phải thử ngay # #heocaoboi #snackdinhduong",8x8o0KgYHAE,4783,228
21,1079.58,False,HEO CAO BỒI - Snack dinh dưỡng,0,False,104,False,20,0.0,False,True,False,False,False,False,False,False,52,13,13,0,,False,2026-07-14T08:18:06Z,khám phá vũ trụ,98300,HEO CAO BỒI ĐŨA PHÉP - THANH HẢI SẢN TÔM CUA PHÔ MAI,ykibToVKdIE,4452715,212034
21,1091.65,False,HEO CAO BỒI - Snack dinh dưỡng,0,False,142,False,20,0.0,False,True,False,False,False,False,False,False,35,9,11,0,,False,2026-07-14T08:11:21Z,khám phá vũ trụ,98300,HEO CAO BỒI ĐŨA PHÉP - XÚC XÍCH BẮP,84YCH1uoADA,4502491,214404
23,0.37,False,HEO CAO BỒI - Snack dinh dưỡng,0,False,0,False,1309,0.008,False,True,False,False,True,False,False,False,95,21,12,0,even,False,2026-07-12T09:00:22Z,khám phá vũ trụ,98300,"TUYỂN TẬP PHIM HOẠT HÌNH HEO CAO BỒI: NỒI BÁNH CHƯNG TẾT, MÓN QUÀ 14/2 ĐẶC BIỆT, PHỤ MẸ DỌN NHÀ",FltO_Wm-JvU,1506,65
25,1.03,False,HEO CAO BỒI - Snack dinh dưỡng,4,False,0,False,34,0.0099,False,True,False,False,False,False,False,False,88,19,38,0,,False,2026-07-10T11:23:23Z,khám phá vũ trụ,98300,Chào mừng các bạn đến bài học đầu tiên của series Từ điển Phép thuật: Triệu hồi đồ vật!!,yzs75JRx37w,4235,169
29,1.72,False,HEO CAO BỒI - Snack dinh dưỡng,7,False,0,False,37,0.0092,False,True,False,False,False,False,False,False,61,15,58,0,,False,2026-07-06T11:11:43Z,khám phá vũ trụ,98300,Úm ba la... Xì Bùa! Heo Cao Bồi triệu hồi Đũa Phép phá ngay !,gXDXCl830ac,7076,244
29,1786.3,False,HEO CAO BỒI - Snack dinh dưỡng,0,False,277,False,37,0.0,False,True,False,False,False,False,False,False,32,9,24,0,,False,2026-07-06T11:06:54Z,khám phá vũ trụ,98300,ÚM BA LA RA ĐŨA PHÉP HEO CAO BỒI,0Iec87ckmrc,7367612,254056
30,1.34,False,HEO CAO BỒI - Snack dinh dưỡng,2,False,250,False,725,0.0083,False,True,False,False,True,False,False,False,55,13,44,0,odd,False,2026-07-05T09:00:37Z,khám phá vũ trụ,98300,PHIM HOẠT HÌNH HEO CAO BỒI I TẬP 45: TÊN TRỘM TÀNG HÌNH,Xl1Mc7I8pA0,5527,184
32,0.38,False,HEO CAO BỒI - Snack dinh dưỡng,0,False,174,False,42,0.0051,False,True,False,False,True,False,False,False,65,14,8,0,odd,False,2026-07-03T12:00:07Z,khám phá vũ trụ,98300,PHIM HOẠT HÌNH HEO CAO BỒI I HIGHLIGHT TẬP 45: TÊN TRỘM TÀNG HÌNH,1dcuY8riCzc,1562,49
35,1.96,False,HEO CAO BỒI - Snack dinh dưỡng,5,False,0,False,31,0.01,False,False,False,False,False,False,False,True,100,22,76,0,,False,2026-06-30T10:00:23Z,khám phá vũ trụ,98300,Ngày hôm nay của bạn sẽ như thế nào? Hãy khui snack Rong biển Cuốn Cuốn và đón nhận thông điệp ngay!,3g-1s-6Usjg,8072,231
37,0.52,False,HEO CAO BỒI - Snack dinh dưỡng,1,False,444,False,1316,0.0079,False,True,False,False,False,False,False,False,98,22,16,0,,False,2026-06-28T09:00:04Z,khám phá vũ trụ,98300,"TUYỂN TẬP PHIM HOẠT HÌNH HEO CAO BỒI: MÓN QUÀ TẶNG CÔ, GIÁNG SINH ẤM ÁP CỦA MISA, CỬA HÀNG CỦA LEO",Iir_hE6aH-M,2160,58
38,0.33,False,HEO CAO BỒI - Snack dinh dưỡng,1,False,298,False,108,0.0074,False,True,False,False,False,False,False,False,60,12,9,0,,False,2026-06-27T03:16:28Z,khám phá vũ trụ,98300,CÙNG HEO CAO BỒI CHIÊM NGƯỠNG MÀN ĐỒNG DIỄN VOVINAM MÃN NHÃN,KT_5yBjqBB8,1356,36
40,2.84,False,HEO CAO BỒI - Snack dinh dưỡng,1,True,0,False,22,0.0087,False,False,False,False,False,False,False,False,100,20,101,0,,False,2026-06-25T10:15:30Z,khám phá vũ trụ,98300,Ting...ting...bạn có thư mới từ hội phép thuật Heo Cao Bồi! Cùng khám phá điều bí mật bên trong nha!,3eewzQzjV00,11710,293
41,3.48,False,HEO CAO BỒI - Snack dinh dưỡng,6,False,0,False,33,0.008,False,False,False,False,False,False,False,False,81,18,108,0,,False,2026-06-24T10:00:02Z,khám phá vũ trụ,98300,Cùng Heo Cao Bồi Đũa phép vị bắp khám phá thế giới phép thuật muôn màu thôi nào!!,kl1g18zvkZ0,14339,350
43,3.25,False,HEO CAO BỒI - Snack dinh dưỡng,4,False,0,False,15,0.0095,False,True,False,False,False,False,False,False,77,17,123,0,,False,2026-06-22T10:30:05Z,khám phá vũ trụ,98300,Nhanh tay dừng khung hình để đón nhận một phép thuật mới từ Heo Cao Bồi nhaaa,Pv-XZF3Ejuo,13405,312
878,0.48,False,Kênh Tài Chính,48,False,128,False,719,0.0422,False,False,False,False,False,False,False,False,41,11,249,0,,False,2024-03-09T13:00:06Z,bất động sản việt nam,97600,Đất Sốt Theo Ngày - Giá Đang Tăng Ầm Ầm !,8_UeSQ4nZCc,7032,8
1038,0.53,False,Kênh Tài Chính,37,False,203,False,1135,0.044,False,False,False,False,False,False,False,False,72,17,299,0,,False,2023-10-01T07:45:49Z,bất động sản việt nam,97600,"Cuối năm bơm tiền ồ ạt: Sóng lớn bất động sản, chứng khoán sắp trở lại !",9XwPvFipqRs,7637,7
1147,1.1,False,Kênh Tài Chính,51,False,237,False,1444,0.045,False,False,False,False,False,False,False,True,51,13,667,0,,False,2023-06-14T00:10:45Z,bất động sản việt nam,97600,Cuối năm nay - Chứng khoán bất động sản sẽ ra sao ?,Wlj6c3w0CEg,15973,14
1180,2.33,True,Kênh Tài Chính,91,False,316,False,982,0.0314,False,True,False,False,False,False,False,True,51,14,972,0,,True,2023-05-12T14:02:10Z,bất động sản việt nam,97600,Vỡ nợ tràn lan - bất động sản bao giờ sốt trở lại ?,pQVyp9bscZY,33825,29
1194,1.95,True,Kênh Tài Chính,87,False,282,False,854,0.0381,False,True,False,False,False,False,True,True,58,16,995,0,,False,2023-04-28T07:45:26Z,bất động sản việt nam,97600,Bất động sản sắp tới sẽ ra sao – Liệu có đổ vỡ hay không ?,HfSEsBcQEw8,28387,24
1209,6.81,True,Kênh Tài Chính,109,False,264,False,1558,0.017,False,False,False,False,False,False,False,False,60,15,1572,0,,True,2023-04-13T14:21:43Z,bất động sản việt nam,97600,Cảnh giác với làn sóng vỡ nợ lừa đảo bất động sản khắp nơi !,LxeCQC5eW9s,98954,82
1228,1.07,True,Kênh Tài Chính,39,False,278,False,658,0.0379,False,True,False,False,False,False,False,False,46,12,553,0,,False,2023-03-25T13:10:49Z,bất động sản việt nam,97600,Vận hội bất động sản – Thời khắc vàng đã đến !,60E7ftdhmlM,15611,13
1232,1.3,True,Kênh Tài Chính,51,False,218,False,1234,0.0386,False,False,False,False,False,False,False,False,74,18,679,0,,False,2023-03-21T12:30:08Z,bất động sản việt nam,97600,Lừa đảo bất động sản diễn biến phức tạp - Cảnh giác khi mua nhà đất ngộp !,51zfcTbrl5M,18935,15
1297,4.26,True,Kênh Tài Chính,117,False,259,False,1038,0.032,False,False,False,False,True,False,False,True,47,11,1867,0,odd,False,2023-01-15T15:18:55Z,bất động sản việt nam,97600,Năm 2023 liệu Việt Nam có khủng hoảng kinh tế ?,IlQQ68dN5yw,61934,48
1389,3.11,True,Kênh Tài Chính,69,False,323,False,1067,0.0337,False,False,False,False,False,False,False,False,64,16,1454,0,,False,2022-10-15T03:54:13Z,bất động sản việt nam,97600,Quản trị và phân bổ vốn - Chiến lược cho nhà đầu tư thành công !,e8fO-nlXljs,45170,33
1406,43.1,True,Kênh Tài Chính,337,False,250,False,1177,0.0167,False,True,False,False,True,False,False,True,82,20,10124,0,odd,False,2022-09-28T02:48:21Z,bất động sản việt nam,97600,Dự báo kinh tế Việt Nam năm 2023 – Khủng hoảng kinh tế tài chính liệu có diễn ra ?,RZZoCT8wAKE,625887,445
1416,10.55,True,Kênh Tài Chính,132,False,296,False,1331,0.0193,False,True,False,False,False,False,False,False,51,14,2827,0,,True,2022-09-18T06:33:04Z,bất động sản việt nam,97600,Khó khăn ập đến – Vỡ nợ trắng tay vì bất động sản !,GNWRtXOA8Cc,153171,108
1423,1.96,True,Kênh Tài Chính,38,False,321,False,949,0.037,False,True,False,False,False,False,False,False,82,20,1016,0,,False,2022-09-11T02:05:01Z,bất động sản việt nam,97600,Nhìn lại lịch sử bất động sản Hà Nội - Lời khuyên quý hơn vàng dành cho nhà đầu tư,8qliQllBq6s,28456,20
1426,0.85,False,Kênh Tài Chính,23,False,1487,False,687,0.0132,False,True,False,True,True,False,False,False,44,10,140,22,even,False,2022-09-08T07:00:14Z,bất động sản việt nam,97600,Review Dự Án Vlasta Văn Phú Tại Sầm Sơn 2022,UJ93-i47Z8I,12340,9
1432,0.37,True,Kênh Tài Chính,16,False,300,False,645,0.0443,False,False,False,False,False,False,True,True,27,7,225,0,,False,2022-09-02T06:15:50Z,bất động sản việt nam,97600,Tồn tại hay không tồn tại ?,5nCp2tT3g-Q,5440,4
1445,1.69,False,Kênh Tài Chính,23,False,1476,False,638,0.0105,False,True,False,True,True,False,False,False,48,11,234,0,even,False,2022-08-20T12:00:20Z,bất động sản việt nam,97600,Review Dự Án Sun Group Kim Bôi Tại Hoà Bình 2022,U0SLZYkI1vE,24592,17
1451,0.42,True,Kênh Tài Chính,11,False,1421,False,297,0.0181,False,True,False,True,True,False,False,False,54,11,98,20,even,False,2022-08-14T03:00:13Z,bất động sản việt nam,97600,Review Dự Án Vinhomes Hạ Long Xanh tại Quảng Ninh 2022,vbiJ_z9hMMo,6028,4
1511,1.08,False,Kênh Tài Chính,26,False,226,False,1715,0.0345,False,True,False,False,False,False,False,False,62,15,514,0,,False,2022-06-15T14:34:39Z,bất động sản việt nam,97600,Vượt qua khủng hoảng kinh tế - Tư duy đơn giản để thành công !,E6U4w_3iSA4,15670,10
1524,0.58,False,Kênh Tài Chính,27,False,1667,False,589,0.0192,False,False,False,True,False,True,False,False,85,20,135,21,,False,2022-06-02T04:23:37Z,bất động sản việt nam,97600,Bất Động Sản Sầm Sơn | Tâm chấn đất biển - đất công nghiệp: Sóng lớn mới chỉ bắt đầu!,WrDmgxEooOo,8443,6
1577,0.18,False,Kênh Tài Chính,2,False,198,False,369,0.0208,False,True,False,False,False,False,False,False,61,13,53,0,,False,2022-04-09T23:13:30Z,bất động sản việt nam,97600,Chương trình review bất động sản KTC hai ngày cuối tuần tới !,LAVH-IGpXho,2638,2
1579,0.93,False,Kênh Tài Chính,16,False,262,False,2013,0.0351,False,False,False,False,False,False,False,True,52,12,456,0,,False,2022-04-08T08:45:00Z,bất động sản việt nam,97600,Nhiều thông tin quan trọng: Bất động sản sẽ ra sao ?,DGNaFbDUm7U,13433,9
1636,0.75,False,Kênh Tài Chính,24,False,1571,False,2247,0.0332,False,True,False,True,False,False,False,True,64,16,339,28,,False,2022-02-10T01:24:35Z,bất động sản việt nam,97600,Bất động sản chứng khoán - Năm nay nên mua gì để lợi nhuận cao ?,7-JA3JMDlZI,10929,7
1728,4.04,False,Kênh Tài Chính,35,False,1426,False,1339,0.006,False,True,False,True,False,False,False,False,64,15,315,17,,False,2021-11-10T01:14:04Z,bất động sản việt nam,97600,Phân tích báo cáo tài chính nhận diện cơ hội đầu tư cổ phiếu NLG,pNsGtg_En_Y,58720,34
1738,0.2,False,Kênh Tài Chính,59,False,164,False,1763,0.069,False,False,False,False,False,False,False,False,53,13,145,0,,False,2021-10-31T01:00:10Z,bất động sản việt nam,97600,Tranh chấp khi giá đất lên - Bất động sản Minh Trần !,oKpydCWgkSo,2957,2
1755,0.73,False,Kênh Tài Chính,253,False,406,False,989,0.06,False,True,False,True,True,False,False,True,68,19,386,11,odd,True,2021-10-13T15:40:21Z,bất động sản việt nam,97600,Câu chuyện đầu tư - Tôi đã mất 25 tỷ như thế nào và bài học rút ra ?,N2sTpsODsY8,10656,6
1765,0.3,False,Kênh Tài Chính,16,False,411,False,714,0.0557,False,False,False,True,False,False,False,True,47,12,230,0,,False,2021-10-04T14:27:34Z,bất động sản việt nam,97600,Đất và chứng khoán bạn cần biết: mua gì ở đâu ?,5w6p2UtjpNk,4413,3
1772,1.43,False,Kênh Tài Chính,17,False,197,False,991,0.0123,False,True,False,True,False,False,False,False,67,16,239,0,,False,2021-09-27T01:23:51Z,bất động sản việt nam,97600,"Thay đổi tư duy để đầu tư bất động sản, chứng khoán thắng lợi lớn !",rLmDwPm34IQ,20836,12
1783,0.55,False,Kênh Tài Chính,37,False,323,False,686,0.0398,False,True,False,True,True,False,False,False,71,16,279,0,even,False,2021-09-16T00:05:11Z,bất động sản việt nam,97600,Siêu cổ phiếu hồi sinh lợi nhuận: Dự báo tăng giá 300% trong 18 tháng !,seSU8VJJZ7M,7938,4
1796,0.59,False,Kênh Tài Chính,66,False,374,False,986,0.0545,False,True,False,True,True,False,False,False,66,17,398,0,even,False,2021-09-02T15:46:34Z,bất động sản việt nam,97600,Có 400 triệu bạn nên mua gì lúc này để gặt hái thành công rực rỡ !,qDuHqNHJew8,8511,5
1801,0.65,False,Kênh Tài Chính,19,False,371,False,6799,0.0335,False,True,False,False,False,False,False,False,58,13,297,0,,False,2021-08-29T01:00:11Z,bất động sản việt nam,97600,Đào tạo bất động sản - Chương trình giảng dạy KTC online !,ABYEcvCPXWw,9434,5
1,0.47,False,Thời tiết ngày mai,0,False,1388,False,,0.0156,False,True,True,False,True,False,False,False,98,22,43,26,even,False,2026-08-04T09:42:45Z,giá vàng phân tích,96700,"🔴 TRỰC TIẾP Giá vàng hôm nay ngày 4/8/2026 - TRỜI ƠI… GIÁ VÀNG , giá vàng 9999 ,vàng sjc vàng nhẫn",tAlzn5faGIk,2762,2762
1,1.71,False,Thời tiết ngày mai,0,False,1388,False,19380,0.0066,False,True,True,False,True,False,False,False,94,21,67,26,even,False,2026-08-04T09:54:18Z,giá vàng phân tích,96700,"🔴 TRỰC TIẾP Giá vàng hôm nay ngày 4/8/2026 - Nhẫn Tụt Mạnh , giá vàng 9999 ,vàng sjc vàng nhẫn",lbfLzZYY1IU,10111,10111
1,0.51,False,Thời tiết ngày mai,0,False,1388,False,7241,0.0095,False,True,True,False,True,False,False,False,97,22,29,26,even,False,2026-08-04T01:43:25Z,giá vàng phân tích,96700,"🔴 TRỰC TIẾP Giá vàng hôm nay ngày 4/8/2026 - Quay Đầu Lao Dốc , giá vàng 9999 ,vàng sjc vàng nhẫn",i4mKBPw24FA,3037,3037
1,0.68,False,Thời tiết ngày mai,0,False,1388,False,13968,0.007,False,True,True,False,True,False,False,False,95,21,28,26,odd,False,2026-08-03T16:28:24Z,giá vàng phân tích,96700,"🔴 TRỰC TIẾP Giá vàng hôm nay ngày 3/8/2026 - Quá Kinh Khủng , giá vàng 9999 ,vàng sjc vàng nhẫn",QhvHeCW21PQ,4009,4009
1,0.5,False,Thời tiết ngày mai,1,False,1388,False,6031,0.0135,False,True,True,False,True,False,False,False,99,22,39,26,odd,False,2026-08-03T14:50:58Z,giá vàng phân tích,96700,"🔴 TRỰC TIẾP Giá vàng hôm nay ngày 3/8/2026 - Biến Động Cực Mạnh , giá vàng 9999 ,vàng sjc vàng nhẫn",euM1oNLKz7Q,2954,2954
1,2.98,False,Thời tiết ngày mai,0,False,1388,False,17252,0.0055,False,True,True,False,True,False,False,False,96,21,97,26,odd,False,2026-08-03T09:26:25Z,giá vàng phân tích,96700,"🔴 TRỰC TIẾP Giá vàng hôm nay ngày 3/8/2026 - Quá Khủng Khiếp , giá vàng 9999 ,vàng sjc vàng nhẫn",XMeIleZ_fdQ,17663,17663
1,0.34,False,Thời tiết ngày mai,0,False,1388,False,6469,0.0074,False,True,True,False,True,False,False,False,92,21,15,26,even,False,2026-08-03T04:32:04Z,giá vàng phân tích,96700,"🔴 TRỰC TIẾP Giá vàng hôm nay ngày 2/8/2026 - Bất Ngờ Rồi , giá vàng 9999 ,vàng sjc vàng nhẫn",duyf330sMLI,2029,2029
2,0.32,False,Thời tiết ngày mai,0,False,1388,False,3017,0.0042,False,True,True,False,True,False,True,False,100,23,8,25,even,False,2026-08-02T13:42:41Z,giá vàng phân tích,96700,"🔴 TRỰC TIẾP Giá vàng hôm nay ngày 2/8/2026 - Thứ 2 Tăng Hay Giảm , giá vàng 9999 ,vàng sjc vàng nhẫn",v5zKpTr1PCM,1889,944
2,2.05,False,Thời tiết ngày mai,0,False,1388,False,16450,0.0049,False,True,True,False,True,False,False,False,99,22,60,25,even,False,2026-08-02T08:28:26Z,giá vàng phân tích,96700,"🔴 TRỰC TIẾP Giá vàng hôm nay ngày 2/8/2026 - Tình Hình Rất Căng , giá vàng 9999 ,vàng sjc vàng nhẫn",jSlT1XJBGBc,12169,6084
2,1.01,False,Thời tiết ngày mai,0,False,1388,False,16173,0.0057,False,True,True,False,True,False,False,False,100,23,34,25,odd,False,2026-08-01T16:19:35Z,giá vàng phân tích,96700,"🔴 TRỰC TIẾP Giá vàng hôm nay ngày 1/8/2026 - Diễn Biến Cực Căng , giá vàng 9999 , vàng sjc vàng nhẫn",qvdxjQ584WE,5976,2988
3,2.27,False,Thời tiết ngày mai,0,True,1388,False,15496,0.0051,False,True,True,False,True,False,False,False,98,23,68,25,odd,False,2026-08-01T08:39:58Z,giá vàng phân tích,96700,"🔴 TRỰC TIẾP Giá vàng hôm nay ngày 1/8/2026 - KHÔNG AI DÁM TIN , giá vàng 9999 , vàng sjc vàng nhẫn",yCRawMgE9WU,13438,4479
3,1.1,False,Thời tiết ngày mai,0,False,1388,False,8956,0.0074,False,True,True,False,True,False,False,False,96,22,48,25,odd,False,2026-08-01T02:13:55Z,giá vàng phân tích,96700,"🔴 TRỰC TIẾP Giá vàng hôm nay ngày 1/8/2026 - CHƯA TỪNG THẤY , giá vàng 9999 , vàng sjc vàng nhẫn",qr3KT1gtcwk,6530,2177
3,1.93,False,Thời tiết ngày mai,0,False,1389,False,16505,0.0071,False,True,True,False,True,False,False,False,97,22,81,25,odd,False,2026-07-31T16:22:26Z,giá vàng phân tích,96700,"🔴 TRỰC TIẾP Giá vàng hôm nay ngày 31/7/2026 - Toang Thật Rồi , giá vàng 9999 , vàng sjc vàng nhẫn",ScZgIxvS8QE,11451,3817
4,1.75,False,Thời tiết ngày mai,0,False,1389,False,14801,0.006,False,True,True,False,True,False,False,False,93,22,62,25,odd,False,2026-07-31T08:24:28Z,giá vàng phân tích,96700,"🔴 TRỰC TIẾP Giá vàng hôm nay ngày 31/7/2026 - Đừng Bỏ Lỡ , giá vàng 9999 , vàng sjc vàng nhẫn",5X-GZIaeWLk,10350,2588
4,0.86,False,Thời tiết ngày mai,0,False,1389,False,7816,0.0081,False,True,True,False,True,False,False,False,100,21,41,25,odd,False,2026-07-31T02:56:29Z,giá vàng phân tích,96700,"🔴 TRỰC TIẾP Giá vàng hôm nay ngày 31/7/2026 - 9999 Tăng Mạnh Luôn , giá vàng 9999,vàng sjc vàng nhẫn",DJisYINXLDQ,5069,1267
4,1.87,False,Thời tiết ngày mai,0,False,1389,False,17805,0.0058,False,True,True,False,True,False,False,False,97,21,64,25,even,False,2026-07-30T16:24:07Z,giá vàng phân tích,96700,"🔴 TRỰC TIẾP Giá vàng hôm nay ngày 30/7/2026 - Biến Động Khiếp , giá vàng 9999 ,vàng sjc vàng nhẫn",TjmpoIksKGg,11053,2763
5,2.59,False,Thời tiết ngày mai,0,False,1389,False,26892,0.0077,False,True,True,False,True,False,False,False,95,21,118,25,even,False,2026-07-30T07:25:23Z,giá vàng phân tích,96700,"🔴 TRỰC TIẾP Giá vàng hôm nay ngày 30/7/2026 - 9999 Tăng Giá , giá vàng 9999 ,vàng sjc vàng nhẫn",Q0x_wwHeNnY,15334,3067
5,1.17,False,Thời tiết ngày mai,0,False,1389,False,16121,0.0062,False,True,True,False,True,False,False,False,96,21,43,25,odd,False,2026-07-29T16:19:13Z,giá vàng phân tích,96700,"🔴 TRỰC TIẾP Giá vàng hôm nay ngày 29/7/2026 - Không Ngờ Được , giá vàng 9999 ,vàng sjc vàng nhẫn",h7sPN-hbw9k,6957,1391
6,1.54,False,Thời tiết ngày mai,0,False,1389,False,15663,0.0058,False,True,True,False,True,False,False,False,97,21,53,25,odd,False,2026-07-29T08:17:18Z,giá vàng phân tích,96700,"🔴 TRỰC TIẾP Giá vàng hôm nay ngày 29/7/2026 -9999 Thấp Kỷ Lục , giá vàng 9999 ,vàng sjc vàng nhẫn",_XcM35deAeQ,9123,1520
6,0.93,False,Thời tiết ngày mai,0,False,1389,False,8038,0.0078,False,True,True,False,True,False,False,False,95,20,43,25,odd,True,2026-07-29T02:05:50Z,giá vàng phân tích,96700,"🔴 TRỰC TIẾP Giá vàng hôm nay ngày 29/7/2026 -9999 Mất Phanh , giá vàng 9999 ,vàng sjc vàng nhẫn",1OCmUgZ7mCI,5537,923
6,1.14,False,Thời tiết ngày mai,0,False,1389,False,15570,0.0095,False,True,True,False,True,False,False,False,98,21,64,25,even,False,2026-07-28T16:19:52Z,giá vàng phân tích,96700,"🔴 TRỰC TIẾP Giá vàng hôm nay ngày 28/7/2026 -9999 Quá Thê Thảm , giá vàng 9999 ,vàng sjc vàng nhẫn",9reLx5TBl-o,6770,1128
7,2.03,False,Thời tiết ngày mai,0,False,1389,False,25924,0.0064,False,True,True,False,True,False,False,False,93,20,77,25,even,False,2026-07-28T07:19:22Z,giá vàng phân tích,96700,"🔴 TRỰC TIẾP Giá vàng hôm nay ngày 28/7/2026 -9999 Quay Xe , giá vàng 9999 ,vàng sjc vàng nhẫn",_wRPDhJjNVk,12027,1718
7,1.6,False,Thời tiết ngày mai,0,False,1389,False,17552,0.0062,False,True,True,False,True,False,False,False,96,21,59,25,odd,False,2026-07-27T16:23:01Z,giá vàng phân tích,96700,"🔴 TRỰC TIẾP Giá vàng hôm nay ngày 27/7/2026 -SJC Giảm Kỷ Lục , giá vàng 9999 ,vàng sjc vàng nhẫn",sny_Q4xAwEo,9467,1352
8,0.99,False,Thời tiết ngày mai,0,False,1389,False,15946,0.0063,False,True,True,False,True,False,False,False,100,21,37,25,odd,False,2026-07-27T08:16:34Z,giá vàng phân tích,96700,"🔴 TRỰC TIẾP Giá vàng hôm nay ngày 27/7/2026 -Tăng Nóng Đồng Loạt , giá vàng 9999 ,vàng sjc vàng nhẫn",Rb0nnMlN_p8,5874,734
8,0.53,False,Thời tiết ngày mai,0,False,1488,False,12043,0.0101,False,True,True,False,True,False,False,False,100,22,32,25,odd,False,2026-07-27T03:10:10Z,giá vàng phân tích,96700,"🔴 TRỰC TIẾP Giá vàng hôm nay ngày 27/7/2026 -Biến Động Cực Mạnh , giá vàng 9999 , vàng sjc vàng nhẫn",6ds-p4ILAN8,3154,394
8,0.53,False,Thời tiết ngày mai,0,False,1486,False,16213,0.0106,False,True,True,False,True,False,False,False,98,22,33,25,even,False,2026-07-26T16:03:42Z,giá vàng phân tích,96700,"🔴 TRỰC TIẾP Giá vàng hôm nay ngày 26/7/2026 - Quá Khủng Khiếp , giá vàng 9999 , vàng sjc vàng nhẫn",8zy7Xb0wXgk,3112,389
9,0.44,False,Thời tiết ngày mai,0,False,1489,False,5411,0.0104,False,True,True,False,True,False,False,False,99,23,27,25,even,False,2026-07-26T14:08:54Z,giá vàng phân tích,96700,"🔴 TRỰC TIẾP Giá vàng hôm nay ngày 26/7/2026 - Lên Thật Rồi Sao , giá vàng 9999 , vàng sjc vàng nhẫn",upOr4_C4Gbk,2597,289
9,0.38,False,Thời tiết ngày mai,0,False,1488,False,15545,0.007,False,True,True,False,True,False,False,False,100,23,16,25,even,False,2026-07-26T08:15:24Z,giá vàng phân tích,96700,"🔴 TRỰC TIẾP Giá vàng hôm nay ngày 26/7/2026 - 9999- SJC Giá Mới , giá vàng 9999 , vàng sjc vàng nhẫn",bqocx0p_u14,2272,252
10,0.75,False,Thời tiết ngày mai,0,False,1485,False,11806,0.0052,False,True,True,False,True,False,False,False,97,23,23,25,odd,False,2026-07-25T15:04:44Z,giá vàng phân tích,96700,"🔴 TRỰC TIẾP Giá vàng hôm nay ngày 25/7/2026 - 9999 Giá 1 Chỉ , giá vàng 9999 , vàng sjc vàng nhẫn",RZ5pe4HD3gs,4428,443
10,0.21,False,Thời tiết ngày mai,0,False,1488,False,1775,0.0072,False,True,True,False,True,False,False,False,100,22,9,25,odd,False,2026-07-25T12:48:26Z,giá vàng phân tích,96700,"🔴 TRỰC TIẾP Giá vàng hôm nay ngày 25/7/2026 - Diễn Biến Cực Căng , giá vàng 9999 ,vàng sjc vàng nhẫn",x8IjHOjru4k,1248,125
1470,0.16,False,NTA • LS,10,False,0,False,16,0.0357,False,True,False,False,True,True,False,False,99,25,229,0,odd,False,2022-07-26T15:21:48Z,kể chuyện lịch sử,93200,"Tri Ân Các Anh Hùng, Thương Binh Và Liệt Sĩ (27/07) Đã Đổ Máu Cho Tổ Quốc Ngày Hôm Nay | NTA • LS |",Li15UUZwubk,6686,5
1501,0.13,False,NTA • LS,8,False,0,False,26,0.0413,False,True,False,False,False,True,False,False,93,21,221,0,,False,2022-06-25T10:21:53Z,kể chuyện lịch sử,93200,Quay Ngược Về Thời Thanh Xuân Của Nguyên Phó Chủ Tịch Nước Nguyễn Thị Bình | Kênh: NTA • LS |,_sjaFEk6uZI,5542,4
1535,0.26,False,NTA • LS,17,False,0,False,48,0.0756,False,True,True,False,False,True,False,False,78,21,810,0,,False,2022-05-22T03:32:49Z,kể chuyện lịch sử,93200,Đời Đời Ghi Nhớ Công Lao Vĩ Đại Của Chủ Tịch Hồ Chí Minh 🇻🇳 | Kênh: NTA • LS |,a2Eih5O-myw,10942,7
1568,0.63,False,NTA • LS,55,False,0,False,16,0.0732,False,True,False,False,True,True,False,False,51,12,1873,0,odd,False,2022-04-19T05:57:18Z,kể chuyện lịch sử,93200,Trích Đoạn Phỏng Vấn Bác Hồ 05/06/1964 | NTA • LS |,E-xQMqbxJOQ,26335,17
1605,0.74,False,NTA • LS,,False,0,False,19,0.1046,False,True,True,False,False,True,False,False,59,16,3222,0,,False,2022-03-13T10:51:59Z,kể chuyện lịch sử,93200,Giây Phút Đau Khổ Nhất Của Dân Tộc Việt Nam 🇻🇳 | NTA • LS |,p51yMMcCdmY,30812,19
1620,14.62,False,NTA • LS,1376,False,0,False,21,0.0809,False,True,False,False,False,True,False,False,61,17,47680,0,,False,2022-02-26T13:20:57Z,kể chuyện lịch sử,93200,Việt Nam - Đất Nước Của Những Vị Anh Hùng Vĩ Đại | NTA • LS |,APorQLRkVDo,606600,374
1621,0.57,False,NTA • LS,44,False,0,False,18,0.0983,False,True,True,False,False,True,False,False,82,20,2282,0,,False,2022-02-25T05:04:33Z,kể chuyện lịch sử,93200,Chủ Tịch Hồ Chí Minh - Người Luôn Dành Tình Yêu Thương Cho Mọi Người 🇻🇳 | NTA • LS,LPmBV3Jrgjw,23662,15
1641,0.11,False,NTA • LS,8,False,0,False,19,0.0338,False,True,True,False,False,True,False,False,55,14,150,0,,False,2022-02-05T11:26:20Z,kể chuyện lịch sử,93200,Thần Thái Của Các Vị Ngoại Giao Việt Nam 🇻🇳| NTA • LS |,10vvvDxQuGQ,4680,3
1648,0.71,False,NTA • LS,84,False,0,False,36,0.1142,False,True,False,False,False,True,False,False,54,15,3292,0,,False,2022-01-29T11:59:30Z,kể chuyện lịch sử,93200,Bác Hồ - Trường Tồn Mãi Cùng Với Dân Tộc! | NTA • LS |,Iw0sNhWFe80,29561,18
1682,36.4,False,NTA • LS,912,False,0,False,20,0.0143,False,True,False,False,False,True,False,False,88,22,20687,0,,False,2021-12-26T05:22:41Z,kể chuyện lịch sử,93200,"Cố TT Phạm Văn Đồng Sự Vui Mừng Sau Biết Bao Nhiêu Năm Đấu Tranh, Chiến Đấu | NTA • LS |",8AbxMF7y3aE,1510105,898
1697,1.11,False,NTA • LS,56,False,0,False,32,0.0906,False,True,True,False,False,True,False,False,68,17,4115,0,,False,2021-12-11T09:53:33Z,kể chuyện lịch sử,93200,Quốc Ca Chính Là Linh Hồn Việt Nam 🇻🇳 | NTA • LS | Nguồn: KingDomc |,jvV0xGf_3eM,46014,27
1701,4.07,False,NTA • LS,307,False,0,False,19,0.0885,False,True,False,False,False,True,False,False,95,23,14617,0,,False,2021-12-07T10:55:52Z,kể chuyện lịch sử,93200,Nữ Anh Hùng Ngô Thị Tuyển Người Vác Thùng Đạn Nặng Gấp Đôi Trọng Lượng Cơ Thể Mình | NTA • LS |,hvTwodKYDOY,168684,99
1708,0.99,False,NTA • LS,77,False,0,False,15,0.0819,False,True,False,False,True,True,False,False,93,22,3294,0,odd,False,2021-11-30T05:55:12Z,kể chuyện lịch sử,93200,Anh Hùng phi công cảm tử Vũ Văn Thiều người đã lái chiếc MIG- 21 lao thẳng chiếc B52 của Mĩ |,zOPwbCPMDTc,41168,24
1714,1.01,False,NTA • LS,76,False,0,False,34,0.0997,False,True,True,False,False,True,False,False,50,14,4091,0,,False,2021-11-24T11:55:08Z,kể chuyện lịch sử,93200,Nữ Anh Hùng Võ Thị Sáu Huyền Thoại 🇻🇳 | NTA • LS |,fbTWWmPkGB0,41812,24
1719,0.73,False,NTA • LS,92,False,0,False,28,0.1222,False,True,False,False,False,True,False,False,56,16,3633,0,,False,2021-11-19T12:53:30Z,kể chuyện lịch sử,93200,Đời Đời Nhớ Ơn Chủ Tịch Hồ Chí Minh Vĩ Đại! | NTA • LS |,pV-4LRQY2io,30493,18
1723,2.78,False,NTA • LS,272,False,0,False,13,0.0843,False,True,False,False,False,True,False,False,54,15,9436,0,,False,2021-11-15T12:00:04Z,kể chuyện lịch sử,93200,Tình Yêu Dành Mãi Cho Người - Hồ Chí Minh | NTA • LS |,1wIsT5hAlzs,115159,67
1728,0.9,False,NTA • LS,23,False,0,False,23,0.0651,False,True,False,False,False,True,False,False,64,16,2409,0,,False,2021-11-10T05:35:41Z,kể chuyện lịch sử,93200,Chủ Tịch QH Nguyễn Thị Kim Ngân thăm Cộng Hòa Pháp || NTA • LS |,GZUvj2WD0Ns,37342,22
1732,0.99,False,NTA • LS,98,False,0,False,32,0.098,False,True,True,False,False,True,False,False,40,12,3930,0,,False,2021-11-06T04:58:46Z,kể chuyện lịch sử,93200,Tình Anh Em Việt Nam - Cuba ❤ | NTA • LS,kRpOTnszxoM,41083,24
1735,0.96,False,NTA • LS,107,False,95,False,34,0.1013,False,True,False,True,False,True,False,False,42,12,3915,0,,False,2021-11-03T06:00:02Z,kể chuyện lịch sử,93200,Chủ Tịch Hồ Chí Minh Vĩ Đại || NTA • LS ||,hm5dQe3H9vM,39720,23
1737,1.02,False,NTA • LS,123,False,0,False,24,0.1056,False,True,False,False,False,True,False,False,46,12,4368,0,,False,2021-11-01T11:06:24Z,kể chuyện lịch sử,93200,Lời Khuyên Chủ Tịch Hồ Chí Minh || NTA • LS ||,yAydzpwpI88,42523,24
1741,2.65,False,NTA • LS,110,False,0,False,27,0.0599,False,True,False,False,False,True,False,False,41,12,6468,0,,False,2021-10-28T04:17:22Z,kể chuyện lịch sử,93200,Nam Quốc Sơn Hà Nam Đế Cư... | NTA • LS |,U-jL7um3XWM,109848,63
1744,1.15,False,NTA • LS,113,False,0,False,14,0.0866,False,True,False,False,False,True,False,False,46,12,4020,0,,False,2021-10-25T05:30:43Z,kể chuyện lịch sử,93200,Đại Tướng Võ Nguyên Giáp Muôn Năm | NTA • LS |,0ymPBO22vsQ,47719,27
1746,35.68,False,NTA • LS,2260,False,0,False,24,0.0478,False,True,False,False,False,True,False,False,58,14,68465,0,,False,2021-10-23T05:40:11Z,kể chuyện lịch sử,93200,Đại Tướng Võ Nguyên Giáp Huyền Thoại Muôn Năm | NTA • LS |,r3_uhLvFCwY,1480479,848
1751,1.67,False,NTA • LS,193,False,0,False,11,0.0746,False,True,True,False,False,True,False,False,51,14,4981,0,,False,2021-10-18T11:51:19Z,kể chuyện lịch sử,93200,"Hoàng Sa, Trường Sa Là Của Việt Nam 🇻🇳 | NTA • LS |",_cch15X29Vo,69390,40
1754,1.16,False,NTA • LS,119,False,0,False,31,0.0958,False,True,False,False,False,True,False,False,48,14,4478,0,,False,2021-10-15T13:22:12Z,kể chuyện lịch sử,93200,Chủ Tịch Hồ Chí Minh Đến Thăm Ấn Độ | NTA • LS |,fksFLJo00rY,47971,27
1757,1.07,False,NTA • LS,56,False,0,False,37,0.1094,False,True,True,False,True,True,False,False,58,16,4820,0,odd,False,2021-10-12T05:59:58Z,kể chuyện lịch sử,93200,Chủ Tịch Hồ Chí Minh 1 Thiên Tài Ngoại Ngữ 🇻🇳 | NTA • LS |,9xu6715mMEA,44575,25
1759,0.9,False,NTA • LS,117,False,0,False,33,0.1355,False,True,False,False,False,True,False,False,41,12,4953,0,,False,2021-10-10T07:32:07Z,kể chuyện lịch sử,93200,Chủ Tịch Hồ Chí Minh Vĩ Đại | NTA • LS  |,-tfOKpZxbpM,37417,21
1762,30.64,False,NTA • LS,915,False,0,False,20,0.0373,False,True,False,False,False,True,False,False,54,14,46534,0,,False,2021-10-07T12:31:26Z,kể chuyện lịch sử,93200,Câu Nói Khiến Cả Đất Nước Việt Nam Vui Mừng | NTA • LS,5UlsTtfHQA0,1271258,721
1764,0.89,False,NTA • LS,65,False,0,False,21,0.1093,False,True,True,False,False,True,False,False,38,11,3967,0,,False,2021-10-05T13:27:21Z,kể chuyện lịch sử,93200,Những con người Vĩ Đại 🇻🇳 | NTA • LS |,5609UJS4wws,36878,21
1765,4.05,False,NTA • LS,359,False,0,False,15,0.0604,False,True,False,False,False,True,False,False,61,16,9782,0,,False,2021-10-04T04:25:23Z,kể chuyện lịch sử,93200,"""Thà Uống Nước Hố Bom Còn Hơn Khom Lưng Làm Nô Lệ"" | NTA • LS",v0tzeZeznGU,167862,95
101,0.4,False,Silver Smoke Remix,44,False,923,False,346,0.0052,False,True,False,True,False,False,False,False,39,8,319,17,,False,2026-04-25T12:00:05Z,động lực thành công,93000,CÔ GÁI BÓNG TỐI - SILVER SMOKE REMIX,31C0TbZrONo,70400,697
105,0.06,False,Silver Smoke Remix,23,False,838,False,361,0.0162,False,True,False,True,False,False,False,False,65,14,144,17,,False,2026-04-21T12:01:19Z,động lực thành công,93000,HAY LÀ CHÚNG TA CỨ NHƯ VẬY MỘT VẠN NĂM - SILVER SMOKE REMIX,f701Ba4ayds,10294,98
212,0.55,False,Silver Smoke Remix,55,False,1585,False,4570,0.0084,False,True,False,True,True,False,False,False,76,14,746,15,odd,False,2026-01-04T12:01:24Z,động lực thành công,93000,TRACK LIST SILVER SMOKE - DYNASTY x DOOH DOOH REMIX - NONSTOP VINAHOUSE 2025,ciaqY07eR7w,94813,447
271,0.62,False,Silver Smoke Remix,32,False,963,False,319,0.0049,False,True,False,True,False,False,False,False,30,6,497,16,,False,2025-11-06T12:00:37Z,động lực thành công,93000,UNTIL YOU - SILVER SMOKE REMIX,-nePK0aeORg,107479,397
273,0.72,False,Silver Smoke Remix,44,False,1556,False,4231,0.0081,False,True,False,True,True,False,False,False,91,18,980,15,even,False,2025-11-04T12:01:59Z,động lực thành công,93000,TRACK LIST SILVER SMOKE - KHÔNG QUA ĐƯỢC VÒNG LUÂN HỒI VER 2 REMIX - NONSTOP VINAHOUSE 2025,Jo6TrmuUUiE,125652,460
284,0.41,False,Silver Smoke Remix,49,False,1580,False,4366,0.0085,False,True,False,True,True,False,False,False,91,18,559,15,even,False,2025-10-24T12:02:37Z,động lực thành công,93000,TRACK LIST SILVER SMOKE - KHÔNG QUA ĐƯỢC VÒNG LUÂN HỒI VER 2 REMIX - NONSTOP VINAHOUSE 2025,QZe9saKImOs,71857,253
287,1.33,False,Silver Smoke Remix,121,False,983,False,370,0.0052,False,True,False,True,True,False,False,False,55,12,1084,17,even,False,2025-10-21T12:00:06Z,động lực thành công,93000,KHÔNG QUA ĐƯỢC VÒNG LUÂN HỒI VER 2 - SILVER SMOKE REMIX,gLFo0pVvEFA,231060,805
289,2.33,False,Silver Smoke Remix,140,False,1486,False,4781,0.0094,False,True,False,True,True,False,False,False,90,20,3675,15,odd,False,2025-10-19T12:00:33Z,động lực thành công,93000,TRACK LIST SILVER SMOKE - LET ME KNOW x LA LA LA NEVER GIVE IT UP - NONSTOP VINAHOUSE 2025,FlUIhTFuDes,404837,1401
291,0.52,False,Silver Smoke Remix,61,False,1529,False,4372,0.0082,False,True,False,True,True,False,False,False,81,16,682,15,odd,False,2025-10-17T12:04:41Z,động lực thành công,93000,TRACK LIST SILVER SMOKE - ÁI THƯƠNG x XUÂN BẤT VÃN REMIX - NONSTOP VINAHOUSE 2025,NReZhOUi5oQ,90154,310
300,2.15,False,Silver Smoke Remix,105,False,964,False,419,0.0035,False,True,False,True,False,False,False,False,36,7,1207,16,,False,2025-10-08T12:00:06Z,động lực thành công,93000,VỰC TRONG GƯƠNG - SILVER SMOKE REMIX,6mX1jCY_DM0,374119,1247
357,3.26,False,Silver Smoke Remix,171,False,980,False,439,0.0052,False,True,False,True,False,False,False,False,46,11,2760,19,,False,2025-08-12T12:00:06Z,động lực thành công,93000,LA LA LA NEVER GIVE IT UP - SILVER SMOKE REMIX,S10cJbQc7cs,566363,1586
364,0.57,False,Silver Smoke Remix,48,False,1058,False,3703,0.0081,False,True,False,True,True,True,False,False,59,14,757,17,odd,False,2025-08-05T12:01:08Z,động lực thành công,93000,LET ME KNOW x FIVE MORE HOURS - SILVER SMOKE REMIX | 1 HOUR,Y6ROJwwjxLE,99385,273
370,1.93,False,Silver Smoke Remix,127,False,995,False,430,0.004,False,True,False,True,False,True,False,False,57,12,1211,17,,False,2025-07-30T12:00:06Z,động lực thành công,93000,XUÂN BẤT VÃN - SILVER SMOKE x JAPANDEE REMIX | FULL AUDIO,W5pSllT-V3s,336290,909
376,13.13,False,Silver Smoke Remix,254,False,1061,False,425,0.0035,False,True,False,True,False,True,False,False,63,14,7633,17,,False,2025-07-24T12:00:06Z,động lực thành công,93000,LET ME KNOW x FIVE MORE HOURS - SILVER SMOKE REMIX | FULL AUDIO,KVXUi9Mhf9A,2283115,6072
391,4.05,False,Silver Smoke Remix,127,False,993,False,402,0.0023,False,True,False,True,False,False,False,False,41,8,1476,19,,False,2025-07-09T12:00:06Z,động lực thành công,93000,ÁI THƯƠNG - SILVER SMOKE x JAPANDEE REMIX,r4gTOWg0FPU,704192,1801
393,0.71,False,Silver Smoke Remix,86,False,999,False,517,0.0063,False,True,False,True,False,True,False,False,71,15,691,18,,False,2025-07-07T12:00:06Z,động lực thành công,93000,FAKE LOVE x TO LOVE'S END - SILVER SMOKE REMIX | VERSION FIX FULL AUDIO,-_22gakuLEQ,123649,315
397,1.45,False,Silver Smoke Remix,33,False,974,False,419,0.0024,False,True,False,True,False,False,False,False,36,8,565,16,,False,2025-07-03T12:00:35Z,động lực thành công,93000,CAN ĐẢM BẤT BẠI - SILVER SMOKE REMIX,63WLI4Pp-co,251762,634
403,0.95,False,Silver Smoke Remix,59,False,1568,False,4441,0.0071,False,True,False,True,True,False,False,False,87,18,1125,15,odd,False,2025-06-27T12:01:04Z,động lực thành công,93000,TRACK LIST SILVER SMOKE - DYNASTY x DA DA DA x DOOH DOOH REMIX - NONSTOP VINAHOUSE 2025,TfLrAOO9ZgQ,165723,411
405,1.78,False,Silver Smoke Remix,85,False,1008,False,388,0.0029,False,True,False,True,False,True,False,False,98,19,801,18,,False,2025-06-25T12:00:05Z,động lực thành công,93000,XƯƠNG RỒNG KHÔNG THỂ TRỞ THÀNH HOA x WRITTEN IN THE RAIN - SILVER SMOKE REMIX | ORCHESTRAL VERSION,k04wOQNkKhE,308712,762
406,0.43,False,Silver Smoke Remix,59,False,1387,False,4240,0.0094,False,True,False,True,True,False,False,False,96,22,641,15,odd,False,2025-06-24T12:01:04Z,động lực thành công,93000,TRACK LIST SILVER SMOKE - I NEED U x VẬY EM CÒN MUỐN THẾ NÀO x MIC DROP - NONSTOP VINAHOUSE 2025,FyRqwbCid_Y,74383,183
413,1.05,False,Silver Smoke Remix,55,False,638,False,458,0.0029,False,True,False,True,False,False,False,False,42,8,470,17,,False,2025-06-17T12:04:57Z,động lực thành công,93000,TINH NGUYỆT NGUYÊN DÃ - SILVER SMOKE REMIX,qTGOZv6jQMw,181957,441
423,0.26,False,Silver Smoke Remix,28,False,1349,False,4255,0.0081,False,True,False,True,True,False,False,False,94,20,333,15,odd,False,2025-06-07T12:02:55Z,động lực thành công,93000,TRACK LIST SILVER SMOKE - CÔ GÁI À EM ĐỪNG KHÓC x SAO TRÊN TRỜI REMIX - NONSTOP VINAHOUSE 2025,NwVRmnPgDlo,44725,106
424,1.38,False,Silver Smoke Remix,56,False,676,False,369,0.0033,False,True,False,True,False,False,False,False,25,5,737,17,,False,2025-06-06T12:02:18Z,động lực thành công,93000,BAAM - SILVER SMOKE REMIX,NkcPYvQlWxQ,240586,567
439,1.21,False,Silver Smoke Remix,93,False,688,False,299,0.0057,False,True,False,True,False,False,False,False,29,6,1108,17,,False,2025-05-22T12:47:08Z,động lực thành công,93000,MIC DROP - SILVER SMOKE REMIX,Q8lG5p4YZEA,210487,479
447,0.18,False,Silver Smoke Remix,38,False,608,False,3945,0.0123,False,True,False,True,True,True,False,False,38,10,356,18,odd,False,2025-05-14T12:00:07Z,động lực thành công,93000,I NEED U - SILVER SMOKE REMIX | 1 HOUR,cWXqw4n5Ej0,32021,72
453,2.67,False,Silver Smoke Remix,102,False,692,False,360,0.0037,False,True,False,True,False,False,False,False,33,6,1618,17,,False,2025-05-08T12:01:39Z,động lực thành công,93000,LOST CONTROL - SILVER SMOKE REMIX,EUtDTto5OPE,465018,1027
462,1.67,False,Silver Smoke Remix,110,False,760,False,433,0.0049,False,True,False,True,False,False,False,False,55,14,1325,18,,False,2025-04-29T12:01:07Z,động lực thành công,93000,I NEED U x VẬY EM CÒN MUỐN THẾ NÀO - SILVER SMOKE REMIX,spJWCfJ75A4,290199,628
464,0.26,False,Silver Smoke Remix,35,False,1431,False,4512,0.0094,False,True,False,True,True,False,False,False,96,20,383,15,odd,False,2025-04-27T12:00:32Z,động lực thành công,93000,TRACK LIST SILVER SMOKE - MẬP MỜ x XIAO x MỘT TRĂM TRIỆU NỖI BUỒN REMIX - NONSTOP VINAHOUSE 2025,_wpMhGXrIkc,44476,96
469,1.82,False,Silver Smoke Remix,67,False,603,False,368,0.0026,False,True,False,True,False,False,False,False,42,10,748,15,,False,2025-04-22T12:00:40Z,động lực thành công,93000,CÔ GÁI À EM ĐỪNG KHÓC - SILVER SMOKE REMIX,Eaon6cukSaI,315585,673
472,0.52,False,Silver Smoke Remix,19,False,600,False,270,0.0045,False,True,False,True,True,False,False,False,39,8,393,19,even,False,2025-04-19T12:00:14Z,động lực thành công,93000,SEE YOU AGAIN - SILVER SMOKE REMIX 2022,9rZVCIptjxU,91117,193
1025,3.93,False,2D Tộc Anime Short,57,False,480,False,53,0.0371,False,True,False,True,True,False,False,False,59,11,2828,32,odd,False,2023-10-14T11:15:00Z,top 10 sự thật,91500,Top 5 Huyết Kế Giới Hạn Mạnh Nhất Naruto #shortvideo #2dtộc,1uSOMdVO0xk,77684,76
1036,2.39,False,2D Tộc Anime Short,49,False,464,False,47,0.0533,False,True,False,True,True,False,False,False,77,14,2468,13,even,False,2023-10-03T11:30:25Z,top 10 sự thật,91500,Douma Là Thượng Huyền Bị Mọi Người Ghét Nhất Kimetsu No Yaiba Ss4 #shortvideo,xiU5zSv3AEc,47219,46
1040,2.38,False,2D Tộc Anime Short,31,False,454,False,51,0.0472,False,False,False,True,True,False,False,False,65,12,2192,11,even,False,2023-09-29T11:00:09Z,top 10 sự thật,91500,Top Những Cái Nhất Của Thượng Nhất Kokushibo Kimetsu No Yaiba Ss4,5HIcF8Wai3Y,47068,45
1043,0.58,False,2D Tộc Anime Short,2,False,290,False,55,0.0443,False,False,False,True,False,False,False,False,48,9,509,25,,False,2023-09-26T11:00:40Z,top 10 sự thật,91500,Những Trận Đánh One Hit trong One Piece  #shorts,iIwxwejZoUw,11530,11
1046,1.22,False,2D Tộc Anime Short,11,False,625,False,42,0.0462,False,True,False,True,True,False,False,True,68,14,1106,27,even,False,2023-09-23T03:30:00Z,top 10 sự thật,91500,Phản Chuyển Thuật Thức Là Gì ??? Cứu Được Gojo ??? ujutsu Kaisen Ss2,-5a0gfyRwj4,24185,23
1056,10.48,False,2D Tộc Anime Short,27,False,480,False,60,0.0311,False,True,False,True,True,False,False,False,56,10,6423,32,odd,False,2023-09-13T10:59:28Z,top 10 sự thật,91500,Top 7 Vũ Khí Mạnh Nhất Trong Naruto #animeshorts #shorts,w8jMTQ_p_3E,207446,196
1064,1.7,False,2D Tộc Anime Short,9,False,480,False,58,0.0442,False,True,False,True,True,False,False,True,65,14,1476,32,even,False,2023-09-05T10:24:33Z,top 10 sự thật,91500,10 Vĩ Thú Trong Naruto Liệu Bạn Còn Nhớ Được Bao Nhiêu ?  #shorts,JQ5h402ET0Q,33627,32
1070,0.34,False,2D Tộc Anime Short,5,False,303,False,49,0.0507,False,True,False,True,False,False,False,True,54,11,333,28,,False,2023-08-30T11:00:43Z,top 10 sự thật,91500,Sức Mạnh Boa Hancock Mạnh Cỡ Nào ??? One Piece #shorts,uBEWrmeRXXs,6663,6
1073,4.02,False,2D Tộc Anime Short,132,False,467,False,55,0.0394,False,True,False,True,True,False,False,True,58,14,3004,34,odd,False,2023-08-27T11:24:52Z,top 10 sự thật,91500,Top 5 Nhân Vật Nữ Mạnh Nhất Naruto Ai Sẽ Là Top 1? #shorts,hpzhONRxN50,79623,74
1077,0.72,False,2D Tộc Anime Short,2,False,684,False,43,0.0494,False,True,False,True,False,False,False,True,99,22,702,21,,False,2023-08-23T10:45:00Z,top 10 sự thật,91500,Tại Sao Anh Hùng Cấp S Có Sức Tàn Phá Ghê Gớm Nhưng Lại Mỗi Saitama Đấm Vỡ Thiên Thạch OnePunch Man,62U_XgBa6EQ,14256,13
1086,1.07,False,2D Tộc Anime Short,13,False,491,False,49,0.0449,False,True,False,True,False,False,False,True,63,13,935,32,,False,2023-08-14T12:07:28Z,top 10 sự thật,91500,Tại Sao Itachi Lại S.á.t H.ại Cả Gia Tộc Trong Naruto ? #shorts,k--_O49H0As,21118,19
1092,0.55,False,2D Tộc Anime Short,6,True,638,False,48,0.0529,False,True,False,True,True,False,False,False,68,15,565,23,odd,False,2023-08-08T10:41:31Z,top 10 sự thật,91500,5 Sự Thật Thú Vị Về Garou Có Thể Bạn Chưa Biết One-Punch Man #shorts,Oco-MUF1Tl4,10789,10
1095,0.46,False,2D Tộc Anime Short,4,False,314,False,45,0.0481,False,True,False,True,False,False,False,False,65,13,433,26,,False,2023-08-05T09:14:32Z,top 10 sự thật,91500,Top Kiêm Sĩ  Bá Đạo Tung Hoành Ngang Dọc Trong One Piece  #shorts,F67nEMTgTbM,9088,8
1097,1.07,False,2D Tộc Anime Short,5,False,616,False,46,0.0375,False,False,False,True,True,False,False,True,67,13,790,24,even,False,2023-08-03T12:06:39Z,top 10 sự thật,91500,Tại Sao Toge Trở Thành Idol Giới Trẻ ??? Jujutsu Kaisen Ss2  #short,8oEstO7YBAU,21199,19
1099,0.83,False,2D Tộc Anime Short,14,False,606,False,49,0.0465,False,False,False,True,True,False,False,False,56,11,753,27,odd,False,2023-08-01T10:45:03Z,top 10 sự thật,91500,Top 5 Waifu Được Yêu Mến Trong Jujutsu Kaisen Ss2 #short,UzS9ZjDUUBk,16510,15
1103,0.93,False,2D Tộc Anime Short,5,False,627,False,51,0.0416,False,True,False,True,True,False,True,False,78,16,763,27,even,False,2023-07-28T11:37:35Z,top 10 sự thật,91500,Gojo vs Sukuna Khi 2 Kẻ Mạnh Nhất Dùng Công Nghệ Var Jujutsu Kaisen Ss2 #short,E5C39CaBYZM,18464,17
1105,2.5,False,2D Tộc Anime Short,12,False,637,False,48,0.0386,False,True,False,True,True,False,False,True,100,20,1894,27,even,False,2023-07-26T10:45:02Z,top 10 sự thật,91500,Tại Sao Gojo Đánh Sukuna ? Điều Này Có Liên Quan Gì Tới Toji ? Jujutsu Kaisen Ss2 #short #shortvideo,OwhPYr6usz4,49441,45
1108,0.73,False,2D Tộc Anime Short,9,False,611,False,52,0.0411,False,True,False,True,True,False,False,True,68,14,585,25,even,False,2023-07-23T03:30:12Z,top 10 sự thật,91500,"Kẻ Khiến Cho Gojo Xuýt Hẹo Toji Là Ai ??? Jujutsu Kaisen Ss2, #short",dxjNmDaoYeU,14470,13
1109,0.54,False,2D Tộc Anime Short,7,False,620,False,49,0.0425,False,True,False,True,True,False,False,True,96,16,451,20,even,False,2023-07-22T11:48:32Z,top 10 sự thật,91500,Những Bị Ẩn Nào Khiến Tsukumo Yuki Mạnh Đến Thế ? Jjujutsu Kaisen Ss2 #shortvideo #jujutsukaisen,14ToUuj2tIw,10779,10
1114,0.58,False,2D Tộc Anime Short,11,False,522,False,46,0.051,False,False,False,True,True,False,False,False,75,10,572,32,odd,False,2023-07-17T10:30:27Z,top 10 sự thật,91500,Top 3 Valkyries hiếu động nhất Ragnarok Anime/Manga Ragnarok Ss2#shortanime,p5ETieuG3rg,11438,10
1118,1.23,False,2D Tộc Anime Short,15,False,527,False,48,0.0437,False,True,False,True,True,False,False,True,99,18,1051,31,even,False,2023-07-13T11:00:24Z,top 10 sự thật,91500,Nhân Vật Nguy Hiểm Ba Tuần Xuất Hiện Trong Trận Thứ 6 Là Ai ??? Anime/Manga Ragnarok Ss2#shortanime,YCMpb3LTMjY,24417,22
1121,0.57,False,2D Tộc Anime Short,3,False,625,False,44,0.0394,False,True,False,True,True,False,False,True,95,19,438,0,even,False,2023-07-10T11:30:14Z,top 10 sự thật,91500,"Tại Sao ""Chú Thai Cửu Tương Đồ"" Là Chú Thuật Độc Ác Bậc Nhất ? Jjujutsu Kaisen  Ss2 #shortvideo",_nR8RnIgW8Y,11187,10
1126,0.6,False,2D Tộc Anime Short,3,False,625,False,49,0.0477,False,True,False,True,False,False,False,False,79,13,567,21,,False,2023-07-05T12:12:06Z,top 10 sự thật,91500,Tốc độ leo rank của thánh Saitama trong One Punch Man  #shortanime  #shortvideo,qPF9mIuzFSk,11962,11
1132,4.38,False,2D Tộc Anime Short,32,False,547,False,45,0.041,False,True,False,True,True,False,False,True,100,18,3522,31,even,False,2023-06-29T10:00:13Z,top 10 sự thật,91500,Vì Sao Đấu Sĩ Nhân Loại Xuất Hiện Nhiều Con Mắt Đặc Biệt Như Vậy Anime/Manga Ragnarok Ss2#shortanime,9bo_YTqO2Zc,86736,77
1137,0.5,False,2D Tộc Anime Short,6,False,624,False,43,0.0448,False,False,False,True,True,False,False,True,91,17,433,18,even,False,2023-06-24T11:37:57Z,top 10 sự thật,91500,Tại Sao Xích Huyết Thao Thuật Mạnh Đến Mức Vậy ? Jjujutsu Kaisen Ss2 #shorts  #short #anime,ljixjv_SpPw,9808,9
1145,14.11,False,2D Tộc Anime Short,99,True,735,False,49,0.0392,False,False,False,True,False,False,False,False,92,21,10837,0,,False,2023-06-16T11:22:13Z,top 10 sự thật,91500,Những sự thật về nhân vật bí ẩn Hikaru Kamiki - người yêu cũ của Hoshino Ai Anime Oshi no Ko,zACMFUm79gE,279332,244
1153,0.76,False,2D Tộc Anime Short,10,True,795,False,51,0.0406,False,True,False,True,False,False,False,False,81,18,601,23,,False,2023-06-08T11:14:29Z,top 10 sự thật,91500,Sự Thật về Fubuki Mỹ Nữ Sở Hửu Thân Hình Nóng Bỏng Bậc Nhất One Punch Man #shorts,425qS7dLME0,15035,13
1162,1.2,False,2D Tộc Anime Short,12,True,719,False,39,0.0493,False,True,False,True,False,False,False,False,84,17,1159,19,,False,2023-05-30T11:26:07Z,top 10 sự thật,91500,"Những sự thật về Hoshino Aquamarine có thể bạn đã biết, chưa biết và sẽ biết #shorts",49_8vqe6aNQ,23759,20
1165,1.07,False,2D Tộc Anime Short,12,False,469,False,53,0.0458,False,True,False,True,True,False,False,False,85,18,959,9,odd,False,2023-05-27T11:27:26Z,top 10 sự thật,91500,Top 5 Điều Cần Biết Về Luyến Trụ Kanroji Mitsuri - Kimetsu No Yaiba Ss4: Làng Thợ Rèn,2qOUlbXDK7Q,21195,18
1168,0.38,False,2D Tộc Anime Short,6,True,456,False,58,0.049,False,False,False,True,True,False,False,False,91,18,361,6,even,False,2023-05-24T11:29:05Z,top 10 sự thật,91500,Top 10 sự thật thú vị về cô nàng nóng bỏng Yuzuriha Địa Ngục Cực Lạc Jigokuraku #shortvideo,u0ojzBFxr0M,7487,6
490,0.83,False,Wealth Rebuilds,10,False,1656,False,558,0.0233,False,False,False,True,True,False,False,False,98,19,72,16,even,False,2025-04-01T13:45:01Z,personal finance tips,90900,"""Don't Put Your Cash in the Bank"": Buffett - Anyone Who Does This Will Change Finances In 6 Months",KtUNW_c_rIw,3512,7
499,0.77,False,Wealth Rebuilds,2,False,1547,False,835,0.0216,False,False,False,True,True,False,False,False,87,15,68,16,odd,False,2025-03-23T13:45:00Z,personal finance tips,90900,"""Don't Keep Your Cash in the Bank"": 9 Small Monthly Investments That'll Make You Richer",0Njntvotl2c,3245,7
551,0.4,False,Wealth Rebuilds,1,False,1510,False,525,0.0341,False,False,False,True,True,False,False,False,48,9,57,16,odd,False,2025-01-30T14:45:02Z,personal finance tips,90900,7 Assets That Fix 95% Of Your Financial Problems,HYkc2P0uvu8,1702,3
626,0.74,False,Wealth Rebuilds,7,False,1541,False,754,0.0279,False,False,False,True,True,False,False,False,45,8,80,17,even,False,2024-11-16T15:01:02Z,personal finance tips,90900,8 Assets That Are Silently Making People Rich,ueJvLPHOAVo,3115,5
646,0.89,False,Wealth Rebuilds,3,False,1712,False,671,0.0262,False,False,False,True,True,False,False,False,86,17,96,23,odd,False,2024-10-27T15:00:58Z,personal finance tips,90900,"Actuary: ""Don't Put Your Cash In The Bank"": 7 Assets That Are Better & Safer Than Cash",n6qweCCLhYc,3779,6
780,0.69,False,Wealth Rebuilds,2,True,1247,False,477,0.0304,False,False,False,True,True,False,False,False,39,9,87,25,even,False,2024-06-15T12:45:07Z,personal finance tips,90900,"Truths You Wish You Knew at 20, Not Now",tUoJqO_5dSo,2927,4
801,0.31,False,Wealth Rebuilds,3,False,1146,False,592,0.0347,False,False,False,True,True,False,False,False,53,10,42,26,odd,False,2024-05-25T12:45:00Z,personal finance tips,90900,The Silent Killer: 15 Money Habits That Keep You Poor,auv0R9QVqFk,1296,2
807,0.16,False,Wealth Rebuilds,3,True,1224,False,498,0.0357,False,False,False,True,False,False,False,False,83,11,21,19,,False,2024-05-19T12:45:03Z,personal finance tips,90900,Investing Expert Reveals Shocking Research on Getting Rich That Changes Everything!,ojWbnG3oHmI,672,1
814,0.24,False,Wealth Rebuilds,2,False,1205,True,622,0.0452,False,False,False,True,True,False,False,False,53,9,43,24,even,False,2024-05-12T13:45:00Z,personal finance tips,90900,10 Life Changing Money Books Summarized in 10 Minutes,DoylNRJ_FPU,996,1
870,0.61,False,Wealth Rebuilds,3,False,1349,False,548,0.0269,False,False,False,True,True,False,False,False,64,14,66,17,even,False,2024-03-17T13:45:02Z,personal finance tips,90900,Sam Dogen Retired at 34! I Own These 3 Assets & Never Work Again,ejyQYQ4Ms3g,2564,3
884,1.0,False,Wealth Rebuilds,19,False,1461,False,547,0.0194,False,False,True,True,True,False,False,False,79,16,63,22,even,False,2024-03-03T12:45:00Z,personal finance tips,90900,Mr.1500 Carl Jensen Retired at 43 🏖️ I Avoid 3 Habits & Never Worry About Money,6v-JZXy0M8g,4237,5
908,38.83,False,Wealth Rebuilds,243,False,1390,False,647,0.0112,False,False,True,True,True,False,False,False,75,16,1598,25,odd,False,2024-02-07T15:45:05Z,personal finance tips,90900,Pete Adeney (49) retired at 30 🔥 5 Assets That Are Better & Safer Than Cash,pp2UGfIowXU,164510,181
919,0.92,False,Wealth Rebuilds,2,True,1525,False,586,0.0364,False,False,False,True,True,False,False,False,50,8,140,23,odd,False,2024-01-28T13:45:01Z,personal finance tips,90900,7 Eye-Opening Money Secrets From 450 Finance Books,ICGiOQ-1x2Q,3901,4
1003,1.68,False,Wealth Rebuilds,8,False,1563,False,752,0.0187,False,False,False,True,True,False,False,False,65,14,125,26,odd,False,2023-11-05T12:45:00Z,personal finance tips,90900,"""Try It For 7 Days! You Won't Regret It"": 5 Habits of the Wealthy",58qBIIImHUc,7129,7
1052,1.82,False,Wealth Rebuilds,15,False,1425,False,670,0.0256,False,False,False,True,True,False,False,False,70,13,182,25,even,False,2023-09-17T12:45:01Z,personal finance tips,90900,Sacrifice These 10 Things in Your Life and You'll Never Be Poor Again!,WVM2OGh9YAQ,7708,7
1059,1.3,False,Wealth Rebuilds,16,False,1401,False,658,0.035,False,False,False,True,False,False,False,True,41,8,176,29,,False,2023-09-10T13:00:13Z,personal finance tips,90900,How to Get Rich with Power of Compounding,BSOsxjKEfgE,5487,5
1066,1.15,False,Wealth Rebuilds,17,False,1426,False,736,0.0284,False,True,False,True,True,True,False,False,53,13,121,28,odd,False,2023-09-03T12:45:01Z,personal finance tips,90900,Do THIS When You Get Paid | 7 Steps When You Get Paid,-W9M5ChnPmI,4857,5
1122,2.42,False,Wealth Rebuilds,5,False,1526,False,648,0.02,False,False,False,True,True,False,False,False,66,14,200,23,even,False,2023-07-09T11:45:00Z,personal finance tips,90900,Bill Gates: 6 Bits of Advice for Young People Who Want to Get Rich,FzD3TpE4fro,10247,9
1130,61.08,False,Wealth Rebuilds,110,False,1407,False,655,0.0148,False,False,False,True,True,False,False,False,39,8,3730,26,even,False,2023-07-01T10:45:02Z,personal finance tips,90900,6 Ways Rich People Make Money With Debt,YK1YdsiDic0,258793,229
1144,0.57,False,Wealth Rebuilds,3,False,1489,True,718,0.0292,False,False,False,True,True,False,False,False,56,10,68,26,even,False,2023-06-17T10:45:00Z,personal finance tips,90900,The Psychology of Money in 12 Minutes (By Morgan Housel),CZCoDz5Cp84,2432,2
1178,1.13,False,Wealth Rebuilds,3,False,1417,False,794,0.0239,False,False,False,True,False,False,False,True,33,6,112,29,,False,2023-05-14T10:45:05Z,personal finance tips,90900,Reasons Why Most People Are Broke,n0qWvTmTWF4,4803,4
1192,1287.03,False,Wealth Rebuilds,2705,False,1485,False,778,0.0096,False,False,False,True,True,False,False,False,78,16,49839,26,even,False,2023-04-30T12:45:01Z,personal finance tips,90900,"""Don't Keep Your Cash In The Bank"": 6 Assets That Are Better & Safer Than Cash",SrQTOhafE4A,5453138,4575
1199,538.17,False,Wealth Rebuilds,1092,False,1576,False,634,0.0201,False,False,False,True,True,False,False,False,98,17,44628,27,even,False,2023-04-23T11:45:01Z,personal finance tips,90900,"8 Assets That Make People Rich and Never Work Again - Financial Freedom, Passive Income, Cash Flow",HG-TH6fBOJ4,2280229,1902
1205,0.85,False,Wealth Rebuilds,0,False,1474,True,610,0.035,False,False,False,True,True,False,False,False,69,12,126,27,even,False,2023-04-17T12:45:04Z,personal finance tips,90900,Rich Dad Poor Dad Detailed Summary in 10 Minutes (By Robert Kiyosaki),Rz71_HWWAfo,3595,3
1213,5.59,False,Wealth Rebuilds,8,False,1412,False,777,0.0181,False,False,False,True,False,False,False,False,51,10,422,25,,False,2023-04-09T13:15:02Z,personal finance tips,90900,Don't Do It! Money Habits That Are Keeping You Poor,lxuzAUmRuwg,23699,20
1220,1.66,False,Wealth Rebuilds,7,True,1390,False,728,0.0293,False,False,False,True,True,False,False,False,54,11,199,25,odd,False,2023-04-02T13:15:04Z,personal finance tips,90900,5 Truths About Money Your Banks Don’t Want You To Know,tS6nBNsRXpE,7039,6
1227,0.48,False,Wealth Rebuilds,0,False,1020,False,751,0.0316,False,True,False,True,True,False,False,True,100,14,64,26,even,False,2023-03-26T13:00:32Z,personal finance tips,90900,"Warren Buffett: How Average People Turn $10,000 Into Millions (The Simplest Investing Strategy), ETF",XU3k3jpz_v8,2025,2
1239,2.41,False,Wealth Rebuilds,5,False,1198,False,714,0.0186,False,False,False,True,True,False,False,False,95,17,185,27,even,False,2023-03-14T13:15:01Z,personal finance tips,90900,Robert Kiyosaki: Do These 6 Things to Retire In 10 Years (Starting With $0) - Financial Freedom,K0w6Do06n0k,10228,8
1246,2.45,False,Wealth Rebuilds,5,False,1031,False,668,0.0266,False,False,False,True,True,False,False,False,62,11,271,26,even,False,2023-03-06T22:45:01Z,personal finance tips,90900,10 Things Poor People Waste Their Money On (By Warren Buffett),dVpioaIijz0,10381,8
763,0.99,False,Inspire throughtful words,13,False,1150,False,53,0.0612,False,False,True,False,True,True,False,False,70,14,2007,20,even,False,2024-07-02T12:45:09Z,motivation speech,90700,He's Said This is Our Last T20 Match ❤️‍🩹🫂| Rohit Sharma & Virat Kohli,yi6Q51fz-Uk,33010,43
766,1.39,False,Inspire throughtful words,10,False,1234,False,24,0.0628,False,True,True,False,False,True,False,False,41,10,2896,25,,False,2024-06-29T12:45:03Z,motivation speech,90700,Live your life to the fullest 🙌 | Jr. NTR,X8D3kXCAdng,46242,60
767,1.75,False,Inspire throughtful words,8,False,1405,False,29,0.0433,False,False,True,False,False,True,False,False,34,6,2508,18,,False,2024-06-28T13:45:01Z,motivation speech,90700,Building Trust ❤️ | Kajal Aggarwal,MJQ_L4ypByg,58124,76
769,13.89,False,Inspire throughtful words,54,False,1572,False,32,0.0711,False,False,True,False,False,False,False,False,47,6,32725,22,,False,2024-06-26T12:45:00Z,motivation speech,90700,Ritika Singh's Inspiring Motivational speech 💪✨,a8QFACs0Jgg,461322,600
770,1.05,False,Inspire throughtful words,8,False,1540,False,55,0.0597,False,False,True,False,False,True,False,False,40,8,2072,20,,False,2024-06-25T12:45:01Z,motivation speech,90700,Mindset of a Champion 🏆🔥 | Roger Federer,SPnqSRS_e3o,34843,45
771,157.07,False,Inspire throughtful words,518,False,1351,False,57,0.0668,False,False,True,False,False,True,False,False,54,9,347774,8,,False,2024-06-24T12:45:04Z,motivation speech,90700,"When you fall, rise stronger 💪✨| Dr. Tejaswini Manogna",zTMfgS5yFzQ,5215524,6765
772,1.72,False,Inspire throughtful words,17,False,1120,False,48,0.0818,False,False,True,False,False,True,False,False,63,10,4663,17,,False,2024-06-23T12:45:01Z,motivation speech,90700,Don't detach yourself from heartbreak ✨💯 | Samantha Ruth Prabhu,QPoy7sQffr8,57221,74
774,152.99,False,Inspire throughtful words,348,False,1456,False,28,0.0387,False,False,True,False,False,True,False,False,41,8,196340,22,,False,2024-06-21T12:45:02Z,motivation speech,90700,Keep Doing it ✨ | Dr. Meenakshi Chaudhary,QFxE6PvCPVs,5080166,6564
775,1.68,False,Inspire throughtful words,9,False,1207,False,12,0.0556,False,False,True,False,False,True,False,False,36,6,3099,23,,False,2024-06-20T12:45:00Z,motivation speech,90700,Kill problems ✨ | Vijay (Thalapathy),-nRbPuV1uCk,55932,72
777,336.22,False,Inspire throughtful words,1491,False,1286,False,58,0.0776,False,False,True,False,False,True,False,False,59,11,865126,5,,False,2024-06-18T12:45:00Z,motivation speech,90700,Rejection will be a part of your life 💯🌸| Tejaswini Manogna,5G13AFCYrfo,11164181,14368
779,3.23,False,Inspire throughtful words,27,False,1147,False,44,0.0611,False,False,True,False,False,True,False,False,65,11,6527,18,,False,2024-06-16T12:45:02Z,motivation speech,90700,The relationship you have with yourself ✨💯 | Samantha Ruth Prabhu,KjZvlUg_h4U,107301,138
780,1.16,False,Inspire throughtful words,4,False,1125,False,19,0.0409,False,False,True,False,True,False,False,False,68,11,1572,20,even,False,2024-06-15T12:45:05Z,motivation speech,90700,Nobody is going to 100th percent  appreciate you 🫠💯 Pavithra Lakshmi,WzAxZSTo2cI,38495,49
781,1.25,False,Inspire throughtful words,43,False,1123,False,59,0.0558,False,False,True,False,False,False,False,False,35,5,2276,14,,False,2024-06-14T13:05:00Z,motivation speech,90700,Nepotism 😶‍🌫️- Sushant Singh Rajput,WIPhNmI-lVc,41566,53
782,0.72,False,Inspire throughtful words,6,False,1117,False,41,0.0487,False,False,True,False,False,False,False,False,23,4,1160,18,,False,2024-06-13T12:45:02Z,motivation speech,90700,Sushant Singh Rajput ❤️,U8KolbEVJ1M,23942,31
785,1.01,False,Inspire throughtful words,4,False,1150,False,17,0.0264,False,False,False,False,False,False,False,False,80,14,877,19,,False,2024-06-10T12:45:04Z,motivation speech,90700,"""Women have an equal role in men's struggle and success"" - Shweta nandan Bachhan",kLvErmZUH5Y,33400,43
786,0.85,False,Inspire throughtful words,7,False,1439,False,56,0.0518,False,False,False,False,False,True,False,True,46,9,1461,18,,False,2024-06-09T12:45:02Z,motivation speech,90700,How to Forget Someone You Love | Muniba Mazari,fCOt7F1llQ8,28326,36
787,4.02,False,Inspire throughtful words,62,False,1108,False,14,0.0475,False,False,True,False,False,False,False,False,51,9,6279,20,,False,2024-06-08T12:45:03Z,motivation speech,90700,Don't forget this crucial advice from Riyan Parag ✨,YEI7W7mNlJ8,133473,170
788,0.59,False,Inspire throughtful words,1,False,1409,False,39,0.034,False,False,False,False,False,False,False,False,83,16,665,21,,False,2024-06-07T12:45:00Z,motivation speech,90700,"Goutam Gambhir said that he would ""love to coach"" the Indian team if given a chance",0BEozrZcCq8,19561,25
789,1.71,False,Inspire throughtful words,15,False,1138,False,37,0.0653,False,False,True,False,False,True,False,False,78,11,3693,18,,False,2024-06-06T12:45:01Z,motivation speech,90700,Don't invest yourself in the wrong people 🌸| Muniba Mazari #motivationalspeech,ErtkZg4WsLI,56815,72
790,0.65,False,Inspire throughtful words,11,False,1132,False,36,0.0535,False,False,True,False,False,False,False,False,77,15,1145,21,,False,2024-06-05T12:45:03Z,motivation speech,90700,Life is much better when others are happy because of you 💯 I Lipsika Bhashyam,Y-eS_5q3Uds,21588,27
791,0.48,False,Inspire throughtful words,5,False,1105,False,28,0.0604,False,False,True,False,False,True,False,False,48,9,949,19,,False,2024-06-04T12:45:04Z,motivation speech,90700,Mind Is The Most Powerful Thing 🧠💪| Rohit Sharma,kplBKcc_0Mg,15787,20
792,0.31,False,Inspire throughtful words,1,False,1096,False,46,0.034,False,True,True,False,False,False,False,False,35,7,349,23,,False,2024-06-03T12:45:00Z,motivation speech,90700,From dropout to legend 🔥- AR Rahman,9KxPr374wXg,10302,13
793,0.73,False,Inspire throughtful words,7,False,1120,False,58,0.0378,False,False,False,False,False,True,False,False,51,9,904,26,,False,2024-06-02T12:45:01Z,motivation speech,90700,The Picture of Today's Digital India | Palki Sharma,Pg30kNc6oDc,24118,30
794,0.59,False,Inspire throughtful words,5,False,1147,False,23,0.0296,False,False,True,False,False,False,False,True,69,12,573,21,,False,2024-06-01T12:45:02Z,motivation speech,90700,Manisha Koirala advises on how to handle relationships and break up ✨,bqmHiz9AaYM,19537,25
795,0.75,False,Inspire throughtful words,9,False,1328,False,29,0.0561,False,False,False,False,False,True,False,False,60,10,1391,22,,False,2024-05-31T12:45:00Z,motivation speech,90700,Always Choose the better side | Zack Tyree motivation speech,9Go6pD0bq4s,24936,31
796,0.76,False,Inspire throughtful words,2,False,1221,False,60,0.0341,False,False,True,False,False,False,False,False,45,7,861,21,,False,2024-05-30T12:45:03Z,motivation speech,90700,Best Relationship advice from Sudha Murthy ❤️,eAg1xXv9sBY,25290,32
797,0.74,False,Inspire throughtful words,8,False,1087,False,41,0.0316,False,False,True,False,False,False,False,True,45,8,771,22,,False,2024-05-29T12:45:02Z,motivation speech,90700,The reason why Gautam Gambhir doesn't smile 😄,c5FlnorgmLc,24663,31
798,0.38,False,Inspire throughtful words,0,False,1701,False,42,0.0516,False,True,True,False,False,True,False,False,49,10,644,27,,False,2024-05-28T12:45:00Z,motivation speech,90700,You cannot command or demand respect | MS Dhoni ✨,1C93LFdYsEI,12472,16
800,0.45,False,Inspire throughtful words,,False,1324,False,26,0.0192,False,False,True,False,False,True,False,False,62,9,288,19,,False,2024-05-26T12:45:05Z,motivation speech,90700,Mrunal Thakur Childhood Actor Crush 🥰| Mrunal Thakur Interview,cqvP3qX4x9A,14978,19
801,0.28,False,Inspire throughtful words,1,False,1349,False,37,0.0461,False,False,True,False,False,True,False,False,42,8,433,26,,False,2024-05-25T12:45:00Z,motivation speech,90700,True Meaning of Namaste 🙏 | Amish Tripathi,aB5zR3itDtE,9413,12
1,0.23,False,Vietnam Innovators Digest,0,False,628,False,86,0.0301,False,False,False,False,False,False,False,False,28,7,15,0,,False,2026-08-04T13:00:31Z,tài chính cá nhân,89400,Thất bại vì ôm đồm quá nhiều,rqKAqZmUWws,499,499
1,0.11,True,Vietnam Innovators Digest,0,False,1989,False,3523,0.0645,False,True,False,True,True,True,False,True,71,14,16,0,even,False,2026-08-04T13:00:27Z,tài chính cá nhân,89400,Has Your Company Been An Awesome Culture Yet? | Stephen Turban | EP 402,rGVyXZMhi5I,248,248
1,0.55,False,Vietnam Innovators Digest,0,False,747,False,50,0.0261,False,True,False,False,True,False,False,False,35,8,31,0,odd,False,2026-08-03T13:00:21Z,tài chính cá nhân,89400,Bí quyết tuyển dụng top 5% nhân tài,id6XqBRpxQw,1188,1188
5,0.5,False,Vietnam Innovators Digest,0,False,859,False,67,0.0285,False,False,False,False,False,False,False,False,30,7,31,0,,False,2026-07-30T05:00:29Z,tài chính cá nhân,89400,Niềm tin đặt vào người dược sĩ,KhhaUaMahSA,1087,217
6,6.07,False,Vietnam Innovators Digest,0,False,646,False,69,0.0028,False,True,False,False,False,False,False,False,45,10,37,0,,False,2026-07-29T13:00:06Z,tài chính cá nhân,89400,"Opella thích ứng xu hướng dùng AI ""tự kê đơn""",myWOs2RjNhk,13223,2204
7,4.77,False,Vietnam Innovators Digest,0,False,733,False,78,0.0022,False,True,False,False,False,False,False,True,28,6,23,0,,False,2026-07-28T13:00:31Z,tài chính cá nhân,89400,Vì sao Opella chọn Việt Nam?,aNauE3hUokc,10395,1485
7,18.2,True,Vietnam Innovators Digest,3,False,1988,False,2378,0.0046,False,False,False,True,True,True,False,True,99,16,181,0,odd,False,2026-07-28T13:00:23Z,tài chính cá nhân,89400,Why This Global Healthcare Giant Chose Vietnam To Innovate Its Product? | Carol-Ann Stewart | EP401,wd0KiEZPkfw,39665,5666
8,2.82,False,Vietnam Innovators Digest,0,False,1061,False,56,0.002,False,False,False,False,False,False,False,False,54,13,12,0,,False,2026-07-27T13:00:16Z,tài chính cá nhân,89400,Đơn giản hóa kiến thức y tế - trách nhiệm của cả ngành,OPVDMFsC_Qk,6145,768
9,0.89,False,Vietnam Innovators Digest,0,False,947,False,64,0.0196,False,True,False,False,False,False,False,True,30,6,38,0,,False,2026-07-26T13:00:01Z,tài chính cá nhân,89400,Ai đã đặt tên cho Techcombank?,STGgGYX5iwU,1943,216
10,0.59,False,Vietnam Innovators Digest,0,False,958,False,66,0.0255,False,False,False,False,False,False,False,False,40,8,33,0,,False,2026-07-25T13:00:12Z,tài chính cá nhân,89400,Cách Techcombank lựa chọn đối tác đầu tư,1ypbcOVgqUg,1292,129
11,0.87,False,Vietnam Innovators Digest,0,False,934,False,45,0.0184,False,False,False,False,False,False,False,True,48,11,35,0,,False,2026-07-24T13:00:38Z,tài chính cá nhân,89400,Thị trường quản lý gia sản Việt Nam sắp bùng nổ?,Fr1slDyCBPA,1904,173
12,14.91,True,Vietnam Innovators Digest,21,False,1864,False,3665,0.0245,False,True,False,True,True,True,False,False,99,15,774,0,even,False,2026-07-23T13:00:28Z,tài chính cá nhân,89400,"Techcombank CEO's Outlook for Vietnam’s Future Development | Jens Lottner, CEO Techcombank | EP 400",jqtYHLTKULs,32502,2708
16,1.34,False,Vietnam Innovators Digest,1,False,543,False,50,0.0147,False,True,False,False,False,False,False,True,61,13,42,0,,False,2026-07-19T05:00:30Z,tài chính cá nhân,89400,Tại sao Coolmate lại tặng thước kẻ khi khách hàng mua đồ lót?,0fFSPo2FDHI,2929,183
17,0.65,False,Vietnam Innovators Digest,1,False,530,False,69,0.0273,False,False,False,False,False,False,False,False,42,8,38,0,,False,2026-07-18T13:00:20Z,tài chính cá nhân,89400,Triết lý xây dựng thương hiệu của Coolmate,h2rpaZfD9Q8,1426,84
18,0.98,False,Vietnam Innovators Digest,0,False,420,False,74,0.0233,False,False,False,False,False,False,False,True,49,10,50,0,,False,2026-07-17T13:00:34Z,tài chính cá nhân,89400,Coolmate giải quyết bài toán tồn kho như thế nào?,3rlF7FeWr8g,2145,119
19,0.24,False,Vietnam Innovators Digest,0,False,464,False,62,0.0114,False,False,False,False,False,False,False,True,57,11,6,0,,False,2026-07-16T13:00:13Z,tài chính cá nhân,89400,Coolmate giải quyết bài toán của ngành thời trang ra sao?,pkSfrIQ1BZY,525,28
19,10.64,False,Vietnam Innovators Digest,21,False,2041,False,2787,0.0241,False,True,False,True,True,True,False,True,96,23,539,0,odd,False,2026-07-16T13:00:04Z,tài chính cá nhân,89400,Làm gì để xây dựng một thương hiệu “QUỐC DÂN”? | Nhu Phạm - Nhà sáng lập & CEO Coolmate | EP 119,Zy55n5IWwiQ,23199,1221
24,0.78,False,Vietnam Innovators Digest,0,False,982,False,67,0.0176,False,True,False,False,False,False,False,True,42,10,30,0,,False,2026-07-11T13:00:28Z,tài chính cá nhân,89400,New World đang làm gì để nâng tầm dịch vụ?,1YL-PYgx3M4,1705,71
25,2.32,False,Vietnam Innovators Digest,0,False,1111,False,79,0.0135,False,False,False,False,True,False,False,False,37,8,68,0,even,False,2026-07-10T13:00:24Z,tài chính cá nhân,89400,Xu hướng của ngành khách sạn năm 2026,S-YFiJmpvmM,5055,202
26,3.09,True,Vietnam Innovators Digest,12,False,1932,False,2160,0.0255,False,True,False,True,True,True,False,True,88,18,160,0,odd,False,2026-07-09T13:00:10Z,tài chính cá nhân,89400,How Hotels Need To Prepare For The Next Chapter Of Vietnam? | Mr. Niklas Wagner | EP 399,ktuyP6lfpb8,6738,259
26,1.02,False,Vietnam Innovators Digest,0,False,1048,False,86,0.0257,False,False,False,False,False,False,False,True,48,11,57,0,,False,2026-07-09T13:00:00Z,tài chính cá nhân,89400,Liệu sân bay mới có ảnh hưởng tới ngành dịch vụ?,L3rJ0NkHzdA,2214,85
26,0.84,False,Vietnam Innovators Digest,0,False,913,False,76,0.0335,False,False,False,False,False,False,False,False,42,9,61,0,,False,2026-07-09T05:00:13Z,tài chính cá nhân,89400,Kỹ năng thiết yếu trong thế giới biến động,Z8IJuGuzWuU,1820,70
27,0.79,False,Vietnam Innovators Digest,2,False,914,False,76,0.0318,False,False,False,False,False,False,False,True,52,11,53,0,,False,2026-07-08T13:00:08Z,tài chính cá nhân,89400,Môi trường tác động thế nào đến chất lượng giáo dục?,9LwbbxTBgDQ,1728,64
27,0.35,False,Vietnam Innovators Digest,0,False,1092,False,78,0.0119,False,True,False,False,False,False,False,True,34,9,9,0,,False,2026-07-08T05:00:08Z,tài chính cá nhân,89400,AI sẽ hỗ trợ ngành dịch vụ ra sao?,hL9q5YnW49Q,755,28
28,21.15,True,Vietnam Innovators Digest,11,False,2087,False,2226,0.0038,False,False,False,True,True,True,False,True,100,18,163,0,even,False,2026-07-07T13:00:38Z,tài chính cá nhân,89400,What Will Transform Vietnam's Next Generation Of Leaders? | Mr. Jamie Large & Ms. Thao Trinh | EP398,gpAtebkSmGI,46104,1647
28,8.43,False,Vietnam Innovators Digest,0,False,754,False,70,0.0031,False,False,False,False,False,False,False,False,44,10,57,0,,False,2026-07-07T13:00:04Z,tài chính cá nhân,89400,Cân bằng công nghệ và trí tuệ trong giáo dục,7m7wgKw1u_E,18369,656
29,8.77,False,Vietnam Innovators Digest,0,False,808,False,79,0.0037,False,False,False,False,False,False,False,False,37,9,71,0,,False,2026-07-06T13:00:32Z,tài chính cá nhân,89400,Giá trị cốt lõi của giáo dục hiện đại,L4DrRodcMak,19113,659
30,6.09,False,Vietnam Innovators Digest,6,False,555,False,74,0.0085,False,False,False,False,False,False,False,True,42,10,107,0,,False,2026-07-05T13:00:39Z,tài chính cá nhân,89400,Người nông dân đang bị ép giá như thế nào?,7NtBLNezbzg,13274,442
31,1.45,False,Vietnam Innovators Digest,3,False,329,False,65,0.0215,False,False,False,False,False,False,False,False,27,7,65,0,,False,2026-07-04T13:00:40Z,tài chính cá nhân,89400,Điều kỳ diệu của sự biết ơn,cow9gDgOPLI,3168,102
31,0.66,False,Vietnam Innovators Digest,0,False,1185,False,63,0.0146,False,False,False,False,False,False,False,False,42,10,21,0,,False,2026-07-04T05:00:28Z,tài chính cá nhân,89400,Mục tiêu đầu tiên của AmCham là gỡ cấm vận,mP93RboY25U,1438,46
1,0.0,False,VN Uptrend,0,False,257,False,,,False,False,False,True,True,False,False,False,59,9,0,7,even,False,2026-08-04T15:17:59Z,đầu tư chứng khoán,88400,Livestream: Cập nhật thị trường chứng khoán ngày 04/08/2026,5i59efd24SY,0,0
7,0.23,False,VN Uptrend,0,False,257,False,4565,0.1562,False,False,False,True,True,False,False,False,59,9,10,7,even,False,2026-07-28T14:36:02Z,đầu tư chứng khoán,88400,Livestream: Cập nhật thị trường chứng khoán ngày 04/08/2026,ueNS6YibhZM,64,9
6,0.72,False,VN Uptrend,0,False,257,False,2102,0.0657,False,False,False,True,True,False,False,False,59,9,13,7,even,False,2026-07-29T02:41:23Z,đầu tư chứng khoán,88400,Livestream: Cập nhật thị trường chứng khoán ngày 28/07/2026,O_lnvWVAK2g,198,33
13,0.87,False,VN Uptrend,0,False,255,False,2489,0.0711,False,False,False,True,True,False,False,False,59,9,17,7,odd,False,2026-07-22T02:48:06Z,đầu tư chứng khoán,88400,Livestream: Cập nhật thị trường chứng khoán ngày 21/07/2026,sFFZtzHDXw0,239,18
22,0.77,False,VN Uptrend,0,False,255,False,2268,0.0853,False,False,False,True,True,False,False,False,58,9,18,7,odd,False,2026-07-13T02:50:44Z,đầu tư chứng khoán,88400,Livestream: Thị trường chứng khoán tuần 13/07 - 17/07/2026,37MGAUDJX1M,211,10
36,0.9,False,VN Uptrend,2,False,255,False,2198,0.1008,False,False,False,True,True,False,False,False,58,9,23,7,odd,False,2026-06-29T02:50:04Z,đầu tư chứng khoán,88400,Livestream: Thị trường chứng khoán tuần 29/06 - 03/07/2026,Z3viIHCAcM8,248,7
43,0.81,False,VN Uptrend,1,False,255,False,1380,0.0901,False,False,False,True,True,False,False,False,58,9,19,7,even,False,2026-06-22T02:42:33Z,đầu tư chứng khoán,88400,Livestream: Thị trường chứng khoán tuần 22/06 - 26/06/2026,HI66oHKSdas,222,5
57,1.04,False,VN Uptrend,0,False,255,False,2256,0.0737,False,False,False,True,True,False,False,False,58,9,21,7,odd,False,2026-06-08T02:58:21Z,đầu tư chứng khoán,88400,Livestream: Thị trường chứng khoán tuần 01/06 - 05/06/2026,FYOjEARJoe0,285,5
64,1.33,False,VN Uptrend,1,False,255,False,2726,0.0575,False,False,False,True,True,False,False,False,58,9,20,7,odd,False,2026-06-01T03:12:06Z,đầu tư chứng khoán,88400,Livestream: Thị trường chứng khoán tuần 01/06 - 05/06/2026,XQV08a7vdmU,365,6
78,1.32,False,VN Uptrend,0,False,280,False,4272,0.0604,False,False,False,True,True,False,False,False,58,9,22,7,even,False,2026-05-18T03:19:50Z,đầu tư chứng khoán,88400,Livestream: Thị trường chứng khoán tuần 18/05 - 22/05/2026,thMZDnGWORs,364,5
83,0.93,False,VN Uptrend,1,False,1032,False,2233,0.0353,False,True,False,True,True,False,False,False,76,15,8,9,even,False,2026-05-13T14:00:42Z,đầu tư chứng khoán,88400,Hướng dẫn chi tiết: Mở tài khoản chứng khoán MB (MBS) (100 %Online) mới nhất,Tvrc4zjDtNY,255,3
85,1.51,False,VN Uptrend,2,False,224,False,2768,0.0578,False,False,False,True,True,False,False,False,45,6,22,7,odd,False,2026-05-11T03:05:43Z,đầu tư chứng khoán,88400,Livestream: Thị trường tuần 11/05- 15/05/2026,dwrro1I4Sgw,415,5
104,1.27,False,VN Uptrend,1,False,302,False,3941,0.0543,False,False,False,True,True,False,False,False,36,5,18,7,odd,False,2026-04-22T03:25:14Z,đầu tư chứng khoán,88400,Livestream: Cập nhật ngày 21/04/2026,KjH7ymM7y60,350,3
106,1.29,False,VN Uptrend,0,False,296,False,3292,0.0534,False,False,False,True,True,False,False,False,47,7,19,7,even,False,2026-04-20T03:10:01Z,đầu tư chứng khoán,88400,Livestream: Chứng khoán tuần 20/04 - 24/04/2026,H9IpMvNUveI,356,3
111,1.0,False,VN Uptrend,0,False,207,False,2754,0.0509,False,False,False,True,True,False,False,False,48,7,14,7,even,False,2026-04-15T03:10:03Z,đầu tư chứng khoán,88400,Livestream: Chứng khoán cập nhật ngày 14/04/2026,yosYmcGxaUM,275,2
113,1.21,False,VN Uptrend,2,False,206,False,2911,0.0781,False,False,False,True,True,False,False,False,47,7,24,7,odd,False,2026-04-13T03:03:53Z,đầu tư chứng khoán,88400,Livestream: Chứng khoán tuần 13/04 - 17/04/2026,Gw40PUJxEmE,333,3
117,1.29,False,VN Uptrend,0,False,437,False,5046,0.048,False,True,False,True,False,False,False,False,44,9,17,7,,False,2026-04-08T21:58:30Z,đầu tư chứng khoán,88400,MBS TALK Ngày Chứng khoán VIỆT NAM NÂNG HẠNG,1zwZEqBolFg,354,3
118,0.88,False,VN Uptrend,0,False,267,False,3233,0.0658,False,False,False,True,True,False,False,False,31,5,16,7,odd,False,2026-04-08T03:12:57Z,đầu tư chứng khoán,88400,Chứng khoán cập nhật 07/04/2026,NwmizHVqx-E,243,2
120,1.19,False,VN Uptrend,1,False,267,False,3202,0.0675,False,False,False,True,True,False,False,False,35,6,21,7,even,False,2026-04-06T03:25:44Z,đầu tư chứng khoán,88400,Chứng khoán tuần 06/04 - 10/04/2026,symPVYbV-oo,326,3
125,0.99,False,VN Uptrend,0,False,267,False,2871,0.0664,False,False,False,True,True,False,False,False,36,6,18,7,odd,False,2026-04-01T02:55:05Z,đầu tư chứng khoán,88400,Chứng khoán cập nhật ngày 31/03/2026,vfgqASav2ZA,271,2
127,1.45,False,VN Uptrend,1,False,267,False,4977,0.0727,False,False,False,True,True,False,False,False,35,6,28,7,even,False,2026-03-30T03:40:22Z,đầu tư chứng khoán,88400,Chứng khoán tuần 30/03 - 03/04/2026,u7e3FcrufyE,399,3
132,0.82,False,VN Uptrend,2,False,267,False,2724,0.0933,False,False,False,True,True,False,False,False,36,5,19,7,even,False,2026-03-25T03:01:59Z,đầu tư chứng khoán,88400,Livestream: Câp nhật ngày 24/03/2026,aLtzLUbF7Lg,225,2
134,1.23,False,VN Uptrend,3,False,266,False,2593,0.0796,False,False,False,True,True,False,False,False,47,7,24,7,odd,False,2026-03-23T03:01:42Z,đầu tư chứng khoán,88400,Livestream: Chứng khoán tuần 23/03 - 27/03/2026,r85IYagUkxk,339,3
139,0.98,False,VN Uptrend,1,False,260,False,2916,0.0778,False,False,False,True,True,False,False,False,31,4,20,7,odd,False,2026-03-18T03:07:25Z,đầu tư chứng khoán,88400,Livestream: Cập nhật 17/03/2026,vcDM3Z3S6WE,270,2
141,1.28,False,VN Uptrend,0,False,260,False,2254,0.094,False,False,False,True,True,False,False,False,44,6,33,7,even,False,2026-03-16T02:50:06Z,đầu tư chứng khoán,88400,Livestream: Nhận định tuần 16/03- 20/03/2026,dzGMsMqYksE,351,2
148,1.52,False,VN Uptrend,3,False,260,False,2912,0.0624,False,False,False,True,True,False,False,False,44,6,23,7,odd,False,2026-03-09T03:02:10Z,đầu tư chứng khoán,88400,Livestream: Nhận định tuần 09/03- 13/03/2026,m0rfo5B3UmE,417,3
155,1.12,False,VN Uptrend,1,False,268,False,3099,0.0744,False,False,False,True,True,False,False,False,39,7,22,7,odd,False,2026-03-02T03:01:02Z,đầu tư chứng khoán,88400,Livestream: Đầu tháng 3 nhiều biến động,XeHe4I9y1YA,309,2
176,0.92,False,VN Uptrend,2,False,255,False,2474,0.0514,False,False,False,True,True,False,False,False,36,5,11,7,odd,False,2026-02-09T02:56:58Z,đầu tư chứng khoán,88400,Livestream: Cập nhật ngày 03/02/2026,k_aYXjdpXxg,253,1
181,0.78,False,VN Uptrend,0,False,255,False,3036,0.0698,False,False,False,True,True,False,False,False,36,5,15,7,odd,False,2026-02-04T03:00:21Z,đầu tư chứng khoán,88400,Livestream: Cập nhật ngày 03/02/2026,KwOfvV4w4SQ,215,1
188,0.85,False,VN Uptrend,0,False,255,False,3127,0.0598,False,False,False,True,True,False,False,False,36,5,14,7,odd,False,2026-01-28T03:17:50Z,đầu tư chứng khoán,88400,Livestream: Cập nhật ngày 27/01/2026,TUcei6as7TQ,234,1
80,1.97,False,Phim Tài liệu và Điện ảnh NDfilm,0,False,618,False,656,0.0097,False,False,False,True,True,False,False,False,50,12,12,14,odd,False,2026-05-16T11:00:10Z,kể chuyện lịch sử,88100,Biển đảo Việt Nam trong Kho tàng lịch sử  - Phần 1,89iWG8kE9mQ,1234,15
81,1.48,False,Phim Tài liệu và Điện ảnh NDfilm,0,False,594,False,871,0.0108,False,False,False,True,False,False,False,False,29,6,10,14,,False,2026-05-15T10:00:30Z,kể chuyện lịch sử,88100,Thiêng liêng biển đảo cha ông,IxbldXtXuRs,923,11
121,0.94,False,Phim Tài liệu và Điện ảnh NDfilm,0,False,810,False,1041,0.0102,False,False,False,True,False,True,False,False,59,14,6,14,,False,2026-04-05T13:47:42Z,kể chuyện lịch sử,88100,"Hào Khí Việt Nam | Năm kết nối, chuyển mình giữa hai thế kỷ",RYvGXiGzGlI,587,5
123,6.41,False,Phim Tài liệu và Điện ảnh NDfilm,0,False,641,False,54,0.007,False,False,False,True,False,False,False,False,57,13,28,14,,False,2026-04-03T11:15:00Z,kể chuyện lịch sử,88100,Việt Nam – Trung Quốc ký Hiệp ước biên giới trên đất liền,o6x3lo4PM40,4006,33
124,4.06,False,Phim Tài liệu và Điện ảnh NDfilm,0,False,666,False,56,0.0087,False,True,False,True,True,False,False,False,58,14,22,14,odd,False,2026-04-02T11:15:00Z,kể chuyện lịch sử,88100,Việt Nam dự Hội nghị cấp cao lần thứ VII của APEC năm 1999,CPDAD2eNvUA,2535,20
125,0.47,False,Phim Tài liệu và Điện ảnh NDfilm,0,False,634,False,733,0.027,False,False,False,True,False,True,False,False,67,16,8,14,,False,2026-04-01T11:00:00Z,kể chuyện lịch sử,88100,Hào Khí Việt Nam  | Những dấu ấn ban đầu của công cuộc hiện đại hóa,MfJPnNrecOM,296,2
127,3.0,False,Phim Tài liệu và Điện ảnh NDfilm,0,False,647,False,54,0.0096,False,True,False,True,True,False,False,False,61,15,18,14,even,False,2026-03-30T11:00:00Z,kể chuyện lịch sử,88100,Năm 1998 - Việt Nam tổ chức Hội nghị cấp cao ASEAN lần thứ VI,ymC1axTFl9w,1872,15
128,2.99,False,Phim Tài liệu và Điện ảnh NDfilm,0,False,728,False,60,0.0053,False,True,False,True,True,False,False,False,43,9,10,14,even,False,2026-03-29T15:27:56Z,kể chuyện lịch sử,88100,Việt Nam trở thành thành viên APEC năm 1998,t7tH0ni2gm4,1871,15
128,0.72,False,Phim Tài liệu và Điện ảnh NDfilm,0,False,624,False,459,0.0134,False,False,False,True,False,True,False,False,59,14,6,14,,False,2026-03-29T11:00:00Z,kể chuyện lịch sử,88100,Hào Khí Việt Nam | Thu hút nguồn lực các thành phần kinh tế,MV94Nh9kyvo,449,4
132,23.99,False,Phim Tài liệu và Điện ảnh NDfilm,0,False,603,False,176,0.0055,False,False,False,True,True,True,False,False,39,10,82,14,odd,False,2026-03-25T11:00:00Z,kể chuyện lịch sử,88100,Bài học từ sự kiện Thái Bình năm 1997 |,YoBJNDsrnzg,14994,114
133,1.28,False,Phim Tài liệu và Điện ảnh NDfilm,0,False,623,False,483,0.005,False,False,False,True,False,True,False,False,58,13,4,14,,False,2026-03-24T11:00:00Z,kể chuyện lịch sử,88100,Hào Khí Việt Nam  | Bước tiến mới trong hoạt động Quốc hội,HePJOzEPNJU,803,6
134,0.6,False,Phim Tài liệu và Điện ảnh NDfilm,0,False,636,False,541,0.0132,False,True,False,True,False,True,False,False,70,16,5,14,,False,2026-03-22T15:38:04Z,kể chuyện lịch sử,88100,Hào Khí Việt Nam  | Những thay đổi tích cực tạo đà phát triển đất nước,kcpe_kAYcJ0,378,3
136,2.54,False,Phim Tài liệu và Điện ảnh NDfilm,0,False,644,False,821,0.0101,False,True,False,True,False,True,False,False,77,18,16,14,,False,2026-03-21T11:00:00Z,kể chuyện lịch sử,88100,"Hào Khí Việt Nam | Đại hội Đảng VIII – Công nghiệp hóa, hiện đại hóa đất nước",Afv3WuuxQw4,1587,12
137,0.4,False,Phim Tài liệu và Điện ảnh NDfilm,0,False,633,False,354,0.02,False,False,False,True,False,True,False,False,68,15,5,14,,False,2026-03-20T14:10:26Z,kể chuyện lịch sử,88100,Hào Khí Việt Nam | Từng bước hoàn thiện chính sách tham gia hội nhập,bWnNa9PXZKA,250,2
138,0.47,False,Phim Tài liệu và Điện ảnh NDfilm,0,False,617,False,101,0.0203,False,False,False,True,False,False,False,False,51,12,6,14,,False,2026-03-19T11:00:00Z,kể chuyện lịch sử,88100,Việt Nam ký Hiệp định hợp tác với Liên minh Châu Âu,bWWMtoyWtoo,295,2
139,1.37,False,Phim Tài liệu và Điện ảnh NDfilm,0,False,621,False,341,0.0152,False,True,False,True,False,True,False,False,54,12,13,14,,False,2026-03-18T12:09:31Z,kể chuyện lịch sử,88100,Hào Khí Việt Nam  | Việt Nam chính thức gia nhập ASEAN,vKpQEht_-RU,856,6
140,0.96,False,Phim Tài liệu và Điện ảnh NDfilm,0,False,838,False,153,0.0166,False,False,False,True,False,False,False,False,59,13,10,14,,False,2026-03-17T14:00:00Z,kể chuyện lịch sử,88100,Việt Nam – Mỹ chính thức bình thường hóa quan hệ ngoại giao,id39Z5oJHFc,602,4
140,3.17,False,Phim Tài liệu và Điện ảnh NDfilm,0,False,617,False,634,0.0071,False,False,False,True,True,True,False,False,50,12,14,14,even,False,2026-03-17T11:00:00Z,kể chuyện lịch sử,88100,Hào Khí Việt Nam  | Đất nước sau 20 năm thống nhất,SP5t1uWSofE,1982,14
143,0.17,False,Phim Tài liệu và Điện ảnh NDfilm,0,False,595,False,101,0.0189,False,False,False,True,False,False,False,False,29,7,2,14,,False,2026-03-14T11:30:00Z,kể chuyện lịch sử,88100,Luật Lao động đầu tiên ra đời,1lkDP5vAAWc,106,1
144,0.58,False,Phim Tài liệu và Điện ảnh NDfilm,0,False,921,False,108,0.0165,False,False,False,True,True,False,False,False,65,15,6,14,even,False,2026-03-13T14:03:38Z,kể chuyện lịch sử,88100,"Hoàn thành nhà máy thủy điện Hòa Bình, đường dây 500 kV Bắc - Nam",R7QD4zt4CKI,364,3
145,0.44,False,Phim Tài liệu và Điện ảnh NDfilm,0,False,618,False,89,0.0362,False,False,False,True,False,False,False,False,52,13,10,14,,False,2026-03-12T13:12:58Z,kể chuyện lịch sử,88100,Việt Nam ký kết Hiệp ước về quan hệ hữu nghị với Nga,fdNcYwxMFpg,276,2
150,2.35,False,Phim Tài liệu và Điện ảnh NDfilm,0,False,768,False,210,0.0122,False,False,False,True,False,False,False,False,32,8,18,14,,False,2026-03-07T06:00:00Z,kể chuyện lịch sử,88100,Mỹ bỏ hoàn toàn cấm vận Việt Nam,p_522E-cl0E,1471,10
152,0.7,False,Phim Tài liệu và Điện ảnh NDfilm,0,False,625,False,1373,0.0205,False,False,False,True,True,True,False,False,56,14,9,14,odd,False,2026-03-05T12:02:13Z,kể chuyện lịch sử,88100,Hào Khí Việt Nam | Phát triển kinh tế xã hội 1991 – 1995,9NesejpbL1I,438,3
154,0.37,False,Phim Tài liệu và Điện ảnh NDfilm,0,False,632,False,674,0.0173,False,False,False,True,False,True,False,False,65,16,4,14,,False,2026-03-03T06:30:00Z,kể chuyện lịch sử,88100,Hào Khí Việt Nam | Việt Nam đẩy mạnh hợp tác kinh tế với các nước,PoWCsAFlDz0,231,2
155,0.45,False,Phim Tài liệu và Điện ảnh NDfilm,0,False,894,False,749,0.0143,False,False,False,True,True,True,False,False,87,21,4,14,even,False,2026-03-02T14:55:27Z,kể chuyện lịch sử,88100,Hào khí Việt Nam | Hiến pháp năm 1992 – Bước ngoặt Pháp lý đầu tiên của thời kỳ đổi mới,kiAJSIEUX3c,279,2
157,21.7,False,Phim Tài liệu và Điện ảnh NDfilm,1,False,763,False,727,0.0073,False,True,False,True,False,True,False,False,51,14,98,14,,False,2026-02-28T07:12:36Z,kể chuyện lịch sử,88100,Hào khí Việt Nam | Bài học từ sự tan rã của Liên Xô,2oBz9Enu1Qw,13561,86
159,0.77,False,Phim Tài liệu và Điện ảnh NDfilm,0,False,838,False,484,0.0104,False,True,False,True,False,True,False,False,68,17,5,14,,False,2026-02-26T11:00:00Z,kể chuyện lịch sử,88100,Hào khí Việt Nam | Đại hội Đảng VII – Đưa Đất nước đổi mới toàn diện,bGeXTPj-fP0,482,3
160,1.04,False,Phim Tài liệu và Điện ảnh NDfilm,0,False,601,False,1104,0.0154,False,False,False,True,True,True,False,False,36,10,10,14,odd,False,2026-02-25T06:30:00Z,kể chuyện lịch sử,88100,Hào khí Việt Nam | 5 năm sau đổi mới,FZv3Wmzett0,648,4
161,0.37,False,Phim Tài liệu và Điện ảnh NDfilm,0,False,830,False,782,0.03,False,False,False,True,False,True,False,False,65,16,7,14,,False,2026-02-23T17:48:36Z,kể chuyện lịch sử,88100,Hào khí Việt Nam  | “ Vững tay chèo ” tiếp tục vượt qua gian khó…,EAAnnw4rPCk,233,1
161,4.46,False,Phim Tài liệu và Điện ảnh NDfilm,0,False,612,False,55,0.0057,False,False,False,True,False,False,False,False,34,8,16,14,,False,2026-02-23T16:58:05Z,kể chuyện lịch sử,88100,Hội Cựu chiến binh Việt Nam ra đời,ueq0xMXrDAc,2786,17
1,0.04,False,Chuột Tri Thức,2,True,0,False,55,0.0097,False,True,False,False,False,False,False,False,45,10,10,0,,False,2026-08-04T02:29:18Z,khám phá vũ trụ,86100,Sự Thật Về Cuộc Sống Trên Trạm Vũ Trụ #shorts,taTl4v3HGKs,1231,1231
1,0.08,False,Chuột Tri Thức,1,False,0,False,25,0.013,False,True,False,False,False,False,False,False,38,10,31,0,,False,2026-08-03T03:36:04Z,khám phá vũ trụ,86100,Cụ Ông Bị Ô Tô Tông Và Cái Kết #shorts,57ThRw9WTk0,2462,2462
3,0.57,False,Chuột Tri Thức,5,False,0,False,36,0.0045,False,True,False,False,False,False,False,True,59,13,76,0,,False,2026-08-01T09:12:01Z,khám phá vũ trụ,86100,Quy Luật Rừng Tối Trong Vũ Trụ Đáng Sợ Đến Thế Nào? #shorts,OEMHpVXAmXc,17877,5959
6,0.88,False,Chuột Tri Thức,2,False,0,False,40,0.0028,False,True,False,False,False,False,False,True,53,12,76,0,,False,2026-07-29T04:08:01Z,khám phá vũ trụ,86100,"Nếu Bị Mắc Kẹt Trong Quan Tài, Bạn Sẽ Làm Gì? #shorts",iTt5l2BKtoo,27644,4607
12,6.61,False,Chuột Tri Thức,10,False,0,False,37,0.0049,False,True,False,False,True,False,False,True,52,12,1009,0,even,False,2026-07-23T04:29:04Z,khám phá vũ trụ,86100,Điều Gì Xảy Ra Nếu Trái Đất Chỉ Còn 2 Người? #shorts,UTUiPPB8UgI,207677,17306
15,0.95,False,Chuột Tri Thức,4,False,0,False,23,0.0046,False,True,False,False,False,False,False,True,49,11,133,0,,True,2026-07-20T02:31:28Z,khám phá vũ trụ,86100,Thú Cưng Đã Mất Được Lưu Giữ Như Thế Nào? #shorts,8N3RmDBVN2I,29847,1990
22,0.77,False,Chuột Tri Thức,3,False,0,False,48,0.0103,False,True,False,False,True,False,False,True,64,15,246,0,even,False,2026-07-13T10:20:06Z,khám phá vũ trụ,86100,Liệu 10 Đứa Trẻ Có Thể Kéo Co Thắng 1 Con Khỉ Đột Không? #shorts,szqBTsmWhsU,24140,1097
23,0.83,False,Chuột Tri Thức,3,False,0,False,37,0.0045,False,True,False,False,False,False,False,True,71,16,114,0,,False,2026-07-12T09:52:41Z,khám phá vũ trụ,86100,Vì Sao Xe Tham Quan Phải Lập Tức Rời Đi Khi Có Người Rơi Xuống? #shorts,64py7-valpg,26113,1135
23,1.0,False,Chuột Tri Thức,2,False,0,False,46,0.0043,False,False,False,False,True,False,False,True,68,15,134,0,odd,False,2026-07-12T03:11:43Z,khám phá vũ trụ,86100,Tại Sao Người Lính Này Lại Gắn 1 Chiếc Móc Sắt Trước Xe Máy? #shorts,uRBlS3jHS_0,31436,1367
24,1.0,False,Chuột Tri Thức,1,False,0,False,37,0.0066,False,False,False,False,False,False,False,True,52,11,206,0,,False,2026-07-11T10:33:17Z,khám phá vũ trụ,86100,Tại Sao Bạn Không Nên Chọc Giận Một Con Quạ? #shorts,UECLUvtRY2I,31401,1308
25,1.24,False,Chuột Tri Thức,4,False,0,False,28,0.0054,False,True,False,False,False,False,False,False,55,13,204,0,,False,2026-07-10T09:41:37Z,khám phá vũ trụ,86100,Hai Chị Em Sinh Đôi Bỏ Học Vì Cáo Buộc Gian Lận #shorts,0FEcrBFdnkM,38829,1553
25,1.82,False,Chuột Tri Thức,16,False,0,False,19,0.0066,False,True,False,False,False,False,False,True,60,13,362,0,,False,2026-07-10T02:17:58Z,khám phá vũ trụ,86100,Toàn Bộ Mạch Máu Trong Cơ Thể Người Dài Đến Mức Nào? #shorts,xQ10mJmC580,57320,2293
26,0.97,False,Chuột Tri Thức,6,False,0,False,17,0.0042,False,True,False,False,False,False,False,True,60,14,121,0,,False,2026-07-09T09:21:39Z,khám phá vũ trụ,86100,Vì Sao Đội Xử Bắn Luôn Có Một Khẩu Súng Nạp Đạn Giả? #shorts,6jqjWhMAxqw,30404,1169
26,45.09,False,Chuột Tri Thức,229,False,0,False,48,0.005,False,True,False,False,False,False,False,True,45,10,6877,0,,False,2026-07-09T03:53:59Z,khám phá vũ trụ,86100,Điều Gì Xảy Ra Nếu Phi Công Bất Tỉnh? #shorts,g4mgfatJ-_g,1416610,54485
27,0.96,False,Chuột Tri Thức,2,False,0,False,50,0.0034,False,True,False,False,True,False,False,False,54,13,101,0,even,False,2026-07-08T10:35:17Z,khám phá vũ trụ,86100,4 Tai Nạn Đã Cướp Đi Mạng Sống Cả Một Gia Đình #shorts,__786pxqsaE,30124,1116
27,0.74,False,Chuột Tri Thức,4,False,0,False,50,0.0067,False,True,False,False,False,False,False,False,47,11,152,0,,False,2026-07-08T03:08:10Z,khám phá vũ trụ,86100,Cách Đối Phó Với Cá Mập Khi Bị Tấn Công #shorts,sYYf9usiymg,23199,859
28,1.37,False,Chuột Tri Thức,4,False,0,False,53,0.004,False,False,False,False,False,False,False,False,44,9,168,0,,True,2026-07-07T10:37:22Z,khám phá vũ trụ,86100,Những Chiếc Bẫy Bắt Khỉ Độc Đáo Nhất #shorts,VOKHYkuJuiY,43114,1540
29,1.07,False,Chuột Tri Thức,0,False,0,False,45,0.0039,False,True,False,False,False,False,False,True,57,12,132,0,,False,2026-07-06T09:44:55Z,khám phá vũ trụ,86100,Tại Sao Bạn Không Nên Dùng Tăm Bông Để Ngoáy Tai? #shorts,oPGJcG63FKo,33587,1158
30,2.27,False,Chuột Tri Thức,1,False,0,False,42,0.0055,False,True,False,False,True,False,False,True,52,12,393,0,even,False,2026-07-05T08:56:58Z,khám phá vũ trụ,86100,100 Lớp Áo Có Đủ Để Chặn Một Viên Đạn Không? #shorts,_532yub5tCo,71272,2376
31,3.87,False,Chuột Tri Thức,3,False,0,False,58,0.0087,False,True,False,False,False,False,False,False,49,10,1060,0,,False,2026-07-04T10:26:51Z,khám phá vũ trụ,86100,Những Màn Vượt Ngục Táo Bạo Trong Lịch Sử #shorts,pVFiAiTGHFA,121610,3923
32,1.03,False,Chuột Tri Thức,3,False,0,False,58,0.0068,False,True,False,False,False,False,False,False,61,12,215,0,,False,2026-07-03T09:46:18Z,khám phá vũ trụ,86100,Những Khoảnh Khắc Đáng Nhớ Giữa Con Người Và Động Vật #shorts,aPUiGE9MU-Y,32272,1008
32,3.14,False,Chuột Tri Thức,4,True,0,False,46,0.009,False,True,False,False,False,False,False,False,60,13,889,0,,False,2026-07-03T04:31:14Z,khám phá vũ trụ,86100,Giải Mã Bí Mật Đằng Sau Những Màn Ảo Thuật Nổi Tiếng #shorts,ZBzRrvQp5b0,98686,3084
33,0.25,False,Chuột Tri Thức,1,False,0,False,46,0.0382,False,True,False,False,False,False,False,False,57,13,300,0,,False,2026-07-02T05:01:44Z,khám phá vũ trụ,86100,Tên Trộm Đột Nhập Qua Ống Khói Và Cái Kết Bi Thảm #shorts,ZIQVYHsbsAs,7881,239
34,1.57,False,Chuột Tri Thức,1,True,0,False,38,0.0134,False,True,False,False,False,False,False,False,57,13,659,0,,False,2026-07-01T08:38:52Z,khám phá vũ trụ,86100,Bí Mật Đằng Sau Cánh Tay Giả Của Vệ Sĩ Tổng Thống #shorts,IrjnzhgmvTw,49314,1450
35,84.25,False,Chuột Tri Thức,26,False,0,False,54,0.0057,False,True,False,False,False,False,False,False,44,9,14962,0,,False,2026-06-30T04:47:08Z,khám phá vũ trụ,86100,Giải Mã Những Màn Ảo Thuật Nổi Tiếng #shorts,QbBnXwST_nc,2646968,75628
36,1.26,False,Chuột Tri Thức,1,False,0,False,30,0.0084,False,True,False,False,False,False,False,True,52,12,332,0,,False,2026-06-29T04:03:23Z,khám phá vũ trụ,86100,Điều Gì Xảy Ra Khi Bạn Nuốt Phải Kẹo Cao Su? #shorts,dqFZIgXkdls,39653,1101
37,1.31,False,Chuột Tri Thức,2,False,0,False,49,0.0157,False,True,False,False,False,False,False,True,66,15,645,0,,False,2026-06-28T09:56:15Z,khám phá vũ trụ,86100,Điều Gì Sẽ Xảy Ra Nếu Nổ Súng Trên Một Đoàn Tàu Đang Chạy? #shorts,PkoqhtU5Ydk,41206,1114
38,0.45,False,Chuột Tri Thức,1,False,0,False,27,0.0319,False,True,False,False,False,False,False,True,45,10,454,0,,False,2026-06-27T03:02:18Z,khám phá vũ trụ,86100,Chiếc Lưỡi Của Hà Mã Lớn Đến Mức Nào? #shorts,Sk8yIWuLrP4,14264,375
39,0.81,False,Chuột Tri Thức,3,False,0,False,40,0.0208,False,True,False,False,False,False,False,True,51,12,526,0,,False,2026-06-26T11:27:07Z,khám phá vũ trụ,86100,Điều Gì Sẽ Xảy Ra Nếu Mặt Trăng Bị Phá Hủy? #shorts,uodFy6UlheM,25445,652
39,0.79,False,Chuột Tri Thức,5,False,0,False,58,0.0161,False,True,False,False,False,False,False,True,60,13,395,0,,False,2026-06-26T04:29:52Z,khám phá vũ trụ,86100,Liệu Có Thể Nhấc Cả Một Ngọn Núi Bằng Tên Lửa Không? #shorts,-mb3IRCGOm8,24908,639
1200,2.6,False,The Work Aholics,44,False,325,False,46,0.0557,False,False,False,True,False,False,False,False,31,5,3766,10,,False,2023-04-21T16:00:07Z,motivation speech,85300,Conor McGregor speaks on focus.,CB2NwDzFVSI,68409,57
1201,8.02,False,The Work Aholics,51,False,348,False,37,0.0805,False,False,False,True,False,False,False,False,36,5,16924,8,,False,2023-04-20T16:00:36Z,motivation speech,85300,Morning motivation by Jocko Willink.,sVGY7BFnmlU,210741,175
1202,0.55,False,The Work Aholics,4,False,361,False,17,0.0703,False,False,False,True,False,False,False,False,52,8,1009,9,,False,2023-04-19T16:00:00Z,motivation speech,85300,Kobe Bryant speaks on outworking your own potential.,0VeToHItTK0,14419,12
1214,0.91,False,The Work Aholics,24,False,304,False,43,0.0804,False,False,False,False,False,False,False,False,24,3,1906,7,,False,2023-04-07T22:00:24Z,motivation speech,85300,David Goggins mentality.,pslIwKLl9XQ,24003,20
1217,4.31,False,The Work Aholics,19,False,0,False,26,0.0381,False,False,True,False,False,False,False,False,77,8,4292,0,,False,2023-04-05T13:48:54Z,motivation speech,85300,Khabib Nurmagomedov shares training mentality.🔥 #motivation #khabib #training,Fpx9drJsb8A,113198,93
1218,23.33,False,The Work Aholics,760,False,353,False,31,0.0751,False,False,False,True,False,False,False,False,41,7,45302,8,,False,2023-04-03T19:00:12Z,motivation speech,85300,Mike Tyson shares the beauty of struggle.,IJCxuJ68Ojc,613220,503
1219,0.37,False,The Work Aholics,6,False,282,False,51,0.0631,False,False,False,False,False,False,False,False,44,8,612,9,,False,2023-04-03T14:00:30Z,motivation speech,85300,Jordan Peterson you should be capable of it.,u-Mdkscec58,9789,8
1220,1.72,False,The Work Aholics,27,False,0,False,7,0.0586,False,False,True,False,False,False,False,False,33,5,2623,0,,False,2023-04-01T18:59:04Z,motivation speech,85300,Inky Johnson shares some wisdom.🔥,TBljlgezJcs,45215,37
1221,0.73,False,The Work Aholics,5,False,0,False,26,0.0402,False,False,True,False,False,False,False,False,37,5,766,0,,False,2023-03-31T21:54:02Z,motivation speech,85300,Andy Frisella speaks on entitlement.🔥,EVG_kMkixco,19169,16
1222,0.31,False,The Work Aholics,4,False,0,False,19,0.0721,False,False,False,False,False,False,False,False,57,8,588,0,,False,2023-03-30T17:18:38Z,motivation speech,85300,Joe Rogan speaks on fear. #motivation #inspiration #grind,4FErah_Hi1o,8208,7
1224,0.27,False,The Work Aholics,3,False,0,False,36,0.062,False,False,True,False,False,False,False,False,30,4,433,0,,False,2023-03-28T17:09:24Z,motivation speech,85300,Michael B. Jordan’s mentality🔥,N6olWOaIPK8,7037,6
1366,0.25,False,The Work Aholics,9,False,336,False,238,0.0288,False,False,False,False,True,False,False,False,42,7,182,6,odd,False,2022-11-07T07:32:24Z,motivation speech,85300,Rocky 3 - After Dark (Embrace Masculinity),neiM1LHuwj4,6627,5
1549,1.68,False,The Work Aholics,20,False,335,False,32,0.0694,False,True,False,True,False,False,False,False,56,11,3043,3,,False,2022-05-08T14:35:51Z,motivation speech,85300,Andy Frisella ONE plus ONE is always going to equal TWO.,mgusjSHyVyE,44129,28
1596,22.53,False,The Work Aholics,156,False,340,False,54,0.0543,False,True,False,True,False,False,False,False,46,7,31984,5,,False,2022-03-21T20:00:13Z,motivation speech,85300,Shannon Sharpe shares a story about GRATITUDE.,wxmGNuhk1A4,592248,371
1597,3.94,False,The Work Aholics,41,False,315,False,34,0.0582,False,True,False,True,False,False,False,False,28,4,5991,4,,False,2022-03-21T12:00:29Z,motivation speech,85300,Joey Diaz monday MOTIVATION.,dKQ_91Xz8ok,103600,65
1597,1.36,False,The Work Aholics,15,False,350,False,23,0.0734,False,True,False,True,False,False,False,True,48,7,2600,5,,False,2022-03-20T20:00:05Z,motivation speech,85300,Brandon Marshall teaches how to STAY consistent.,eKvpZ6JBipY,35621,22
1598,106.33,False,The Work Aholics,1571,False,366,False,43,0.078,False,True,False,True,False,False,False,True,59,10,216412,5,,False,2022-03-20T12:00:18Z,motivation speech,85300,David Goggins teaches how to STOP caring what people think.,RgN8OW_B3Yo,2794982,1749
1598,1.31,False,The Work Aholics,14,False,324,False,26,0.0677,False,True,False,True,False,False,False,False,31,4,2320,4,,False,2022-03-19T17:54:24Z,motivation speech,85300,Steve Harvey teaches GRATITUDE.,2Rg3uKFF_qI,34490,22
1601,0.89,False,The Work Aholics,17,False,371,False,45,0.0691,False,True,False,True,False,False,False,False,63,10,1595,4,,False,2022-03-17T12:00:34Z,motivation speech,85300,Danica Patrick shares the most VALUABLE thing she ever learned.,ytofRv_jehw,23337,15
1602,1.02,False,The Work Aholics,29,False,280,False,21,0.0488,False,False,False,False,False,False,False,False,37,6,1282,4,,False,2022-03-16T12:00:33Z,motivation speech,85300,Logan Paul's advice for young people.,tUfYAiKSGDc,26885,17
1603,0.84,False,The Work Aholics,8,False,264,False,49,0.0823,False,False,False,False,False,False,False,False,31,5,1800,4,,False,2022-03-15T12:00:20Z,motivation speech,85300,Jordan Peterson's view on life.,nil-h2L-wOQ,21966,14
1604,0.98,False,The Work Aholics,4,False,341,False,34,0.0672,False,True,False,True,False,False,False,False,36,7,1723,5,,False,2022-03-14T12:00:20Z,motivation speech,85300,Lewis Caralla you DON'T have to WIN.,_DzFg-Zp4mM,25687,16
1605,0.78,False,The Work Aholics,4,False,300,False,40,0.0734,False,True,False,False,False,False,False,False,17,4,1506,6,,False,2022-03-13T13:18:54Z,motivation speech,85300,That's ALL it is.,OVuxdMkWFjI,20570,13
1605,62.14,False,The Work Aholics,582,False,282,False,59,0.1003,False,False,False,False,False,False,False,False,67,11,163300,3,,False,2022-03-12T20:09:05Z,motivation speech,85300,"David Goggins: Don't stop when you're tired, stop when you're done.",u8yq4qskkg0,1633538,1018
1610,2.09,False,The Work Aholics,25,False,300,False,59,0.0812,False,True,False,False,False,False,False,False,42,7,4435,3,,False,2022-03-08T12:00:03Z,motivation speech,85300,David Goggins shares a NEW YEAR mentality.,697kFg10kvE,54923,34
1611,0.77,False,The Work Aholics,15,False,360,False,46,0.1001,False,True,False,True,False,False,False,False,21,3,2005,6,,False,2022-03-07T12:00:36Z,motivation speech,85300,Joey Diaz MOTIVATION.,zZbRGJge7oc,20183,13
1612,0.64,False,The Work Aholics,8,False,328,False,33,0.0635,False,True,False,True,False,False,False,True,33,7,1064,6,,False,2022-03-06T12:00:33Z,motivation speech,85300,How Kobe Bryant got into the NBA.,tNYVgoc2bFo,16869,10
1613,4.25,False,The Work Aholics,72,False,337,False,26,0.0524,False,True,False,True,False,False,False,True,47,8,5783,6,,False,2022-03-05T12:19:23Z,motivation speech,85300,Anthony Hopkins shares how do deal with REGRET.,nam44IccxXo,111825,69
1630,0.6,False,The Work Aholics,4,False,345,False,33,0.0578,False,True,False,True,False,False,False,False,34,6,915,6,,False,2022-02-16T14:00:05Z,motivation speech,85300,Joe Rogan on TRUSTING the PROCESS.,6g63Kt0Y_UA,15898,10
1630,0.45,False,The Work Aholics,1,False,288,False,11,0.058,False,True,False,False,False,False,False,False,28,5,684,6,,False,2022-02-15T22:00:10Z,motivation speech,85300,Rick Ross says STAY FOCUSED.,UzQvPqBU-fw,11806,7
130,0.4,False,Motivation & Power,9,False,847,False,42,0.0427,False,True,True,False,False,False,False,False,90,14,728,23,,False,2026-03-27T05:33:19Z,motivation speech,85100,जिंदगी मे एक चीज मे mastery चाहिए 🔥🔥 Shashish Kumar Tiwari #motivation #shorts #shortvideo,FEcpcCB5sbo,17259,133
134,0.21,False,Motivation & Power,5,False,948,False,42,0.0433,False,True,True,False,False,False,False,False,99,12,386,24,,False,2026-03-23T04:19:15Z,motivation speech,85100,रिजाल्त देर से मिलने वालो की कहानी🔥🔥Shashish Kumar Tiwari #motivation #shorts #motivationshortvideo,8DnvE6rG67Y,9040,67
239,1.63,False,Motivation & Power,27,False,1064,False,36,0.0526,False,True,True,False,False,False,False,False,99,13,3676,26,,False,2025-12-08T12:01:51Z,motivation speech,85100,असम्भव कामो से अपनी क्षमता बढ़ाओ 🔥🔥 Harshvardhan Jain #motivation #motivational #shorts #shortvideo,LOYkW8vgVAI,70440,295
240,0.87,False,Motivation & Power,16,False,1029,False,32,0.0535,False,True,True,False,False,False,False,False,92,13,1993,29,,False,2025-12-07T03:45:04Z,motivation speech,85100,अमीर आदमी के लिए problem एक मोका है🔥🔥Shashish Kumar Tiwari #motivation #motivational #shorts,7tcCgXsWQjI,37574,157
241,1.26,False,Motivation & Power,12,False,1117,False,18,0.0483,False,True,True,False,False,False,False,False,87,11,2615,27,,False,2025-12-06T08:06:36Z,motivation speech,85100,सपना बड़ा होना चाहिए 🔥🔥 Harshvardhan Jain #motivation #motivational #shorts #shortvideo,kIOcUHiqV6M,54373,226
243,5.46,False,Motivation & Power,40,False,1256,False,33,0.0531,False,True,True,False,False,False,False,False,89,11,12515,26,,False,2025-12-04T07:17:29Z,motivation speech,85100,आपको failure जबरदस्त इंसान बनाता है🔥🔥 Harshvardhan Jain #motivation #motivational #shorts,tGF14NswIzw,236411,973
244,1.21,False,Motivation & Power,9,False,1123,False,30,0.0584,False,True,True,False,False,False,False,False,93,11,3048,27,,False,2025-12-03T11:01:33Z,motivation speech,85100,Champion जेसा attitude 🔥🔥 Shashish Kumar Tiwari #motivation #motivational #shorts #shortvideo,pqMErsmTJNk,52331,214
245,3.09,False,Motivation & Power,14,False,1032,False,34,0.0405,False,True,True,False,False,False,False,False,88,12,5405,27,,False,2025-12-02T14:28:51Z,motivation speech,85100,जो लोग कामयाब होते है 🔥🔥 Harshvardhan Jain #motivation #motivational #shorts #shortvideo,nB1txhu7_KA,133850,546
245,1.46,False,Motivation & Power,5,False,1242,False,31,0.0423,False,True,True,False,False,False,False,False,94,13,2662,27,,False,2025-12-01T17:00:35Z,motivation speech,85100,सोचने से ही जिंदगी बदलता है 🔥🔥 Harshvardhan Jain #motivation #motivational #shorts #shortvideo,3seJ6mh-EcA,63064,257
247,0.94,False,Motivation & Power,8,False,1165,False,22,0.0519,False,True,True,False,False,False,False,False,93,13,2109,25,,False,2025-11-30T07:53:01Z,motivation speech,85100,इस दुनिया मे हर कामयाब लोग 🔥🔥 Harshvardhan Jain #motivation #motivational #shorts #shortvideo,TCpOGIdYHVk,40815,165
248,1.0,False,Motivation & Power,2,False,1438,False,25,0.0472,False,True,True,False,False,False,False,False,88,13,2033,25,,False,2025-11-29T13:13:16Z,motivation speech,85100,प्रकृति परीक्षा भी उसी की लेती है 🔥🔥 Harshvardhan Jain #motivation #motivational #shorts,XB-mKpcNUg0,43107,174
249,1.35,False,Motivation & Power,3,False,1028,False,48,0.0491,False,True,True,False,False,False,False,False,90,11,2861,24,,False,2025-11-28T04:11:33Z,motivation speech,85100,जिंदगी के साथ नये प्रयोग 🔥🔥 Harshvardhan jain#motivation #motivational #shorts #shortvideo,XWCN57Ri8ZQ,58274,234
250,1.93,False,Motivation & Power,3,False,1026,False,21,0.0493,False,True,True,False,False,False,False,False,91,13,4121,23,,False,2025-11-27T06:44:21Z,motivation speech,85100,सफलता के लिए hyper focus होना पड़ेगा 🔥🔥 Harshvardhan Jain #motivation #motivational #shorts,rWvXjVvUfBQ,83735,335
252,1.0,False,Motivation & Power,10,False,1280,False,30,0.0448,False,True,True,False,False,False,False,False,91,12,1937,25,,False,2025-11-25T14:33:58Z,motivation speech,85100,होने से पहले देखने की कला🔥🔥 Harshvardhan Jain #motivation #motivational #shorts #shortvideo,Q0jT1aLBQBo,43454,172
262,0.87,False,Motivation & Power,15,False,1356,False,32,0.0561,False,True,True,False,False,False,False,False,89,10,2095,25,,False,2025-11-14T15:44:27Z,motivation speech,85100,लक्ष्य किसे बोला जाता है🔥🔥Harshvardhan Jain #motivation #motivational #shorts #shortvideo,WusZ1B6YYMI,37629,144
264,0.93,False,Motivation & Power,4,False,1412,False,42,0.0439,False,True,True,False,False,False,False,False,99,14,1767,25,,False,2025-11-13T11:36:15Z,motivation speech,85100,मेहनत के आगे ज्ञान धरा रह जाता है🔥🔥 Harshvardhan Jain #motivation #motivational #shorts #shortvideo,MrQO6Uv_WxU,40383,153
269,8.73,False,Motivation & Power,33,False,1234,False,31,0.0394,False,True,True,False,False,False,False,False,89,10,14856,26,,False,2025-11-08T11:34:11Z,motivation speech,85100,जितना है उससे शुरुआत करो🔥🔥Harshvardhan Jain #motivation #motivational #shorts #shortvideo,IJELylNkTKM,377771,1404
271,3.3,False,Motivation & Power,18,False,1363,False,30,0.0467,False,True,True,False,False,False,False,False,84,11,6664,23,,False,2025-11-05T16:57:08Z,motivation speech,85100,अगर आपको जीतना है तो तैयारी करो🔥🔥Harshvardhan Jain #motivation #motivational #shorts,rEiJLLnOlys,142931,527
273,4.17,False,Motivation & Power,31,False,1469,False,33,0.0458,False,True,True,False,False,False,False,False,90,14,8239,23,,False,2025-11-04T12:38:01Z,motivation speech,85100,जब अंधेरा दिखे तब खुद के ऊपर काम करो 🔥🔥Harshvardhan Jain #motivation #motivational #shorts,HuRpldP3evI,180525,661
278,0.69,False,Motivation & Power,8,False,1053,False,37,0.0556,False,True,True,False,False,False,False,False,93,13,1644,27,,False,2025-10-30T07:55:37Z,motivation speech,85100,चेम्पियन 💪 ऐसे बनते है 🔥🔥 Shashish Kumar Tiwari #motivation #motivational #shorts #shortvideo,SqTKM82XGJM,29693,107
280,0.78,False,Motivation & Power,9,False,1185,False,39,0.0608,False,True,True,False,False,False,False,False,98,14,2048,25,,False,2025-10-28T12:39:59Z,motivation speech,85100,Target 🎯 को दोगुना कर दीजिए 🔥🔥 Shashish Kumar Tiwari #motivation #motivational #shorts #shortvideo,7EqC3SFuGvM,33858,121
281,0.71,False,Motivation & Power,12,False,1392,False,40,0.0658,False,True,True,False,False,False,False,False,99,14,1996,20,,False,2025-10-27T09:53:11Z,motivation speech,85100,विफलता मजबुत बनाने के लिए आता है 🔥🔥 Harshvardhan Jain #motivation #motivational #shorts #shortvideo,wLPNwHq2uOY,30520,109
284,1.01,False,Motivation & Power,9,False,1222,False,24,0.0605,False,True,True,False,False,False,False,False,92,12,2645,25,,False,2025-10-24T11:36:29Z,motivation speech,85100,आपको उम्मीद नही छोड़ना है 🔥🔥 Harshvardhan Jain #motivation #motivational #shorts #shortvideo,yoZ7FNE6ku4,43859,154
302,1.32,False,Motivation & Power,12,False,1274,False,25,0.0472,False,True,True,False,False,False,False,False,89,12,2675,23,,False,2025-10-06T08:55:14Z,motivation speech,85100,अपने सपनों की औकात 🔥🔥 Shashish Kumar Tiwari #motivation #motivational #shorts #shortvideo,8qa5lLRlCOs,56962,189
309,0.56,False,Motivation & Power,11,False,1626,False,9,0.0357,False,False,True,False,False,False,False,False,82,9,850,21,,False,2025-09-29T06:36:29Z,motivation speech,85100,Time is medicine🔥🔥 Harshvardhan Jain #motivation #motivational #shorts #shortvideo,vK_xYSkkd8A,24108,78
313,1.15,False,Motivation & Power,18,False,1648,False,31,0.0461,False,True,True,False,False,False,False,False,87,11,2271,20,,False,2025-09-25T12:46:45Z,motivation speech,85100,Action लेना होगा 🔥🔥 Shashish Kumar Tiwari #motivation #motivational #shorts #shortvideo,zd1ZqrxVS_Y,49605,158
319,0.69,False,Motivation & Power,6,False,1175,False,33,0.0585,False,True,True,False,False,False,False,False,85,10,1738,22,,False,2025-09-18T16:32:36Z,motivation speech,85100,Problem बड़ा दो🔥🔥 Shashish Kumar Tiwari #motivation #motivational #shorts #shortvideo,1GJIL327Ia4,29823,93
322,0.58,False,Motivation & Power,8,False,780,False,23,0.0506,False,True,True,False,False,False,False,False,94,15,1252,23,,False,2025-09-16T15:28:43Z,motivation speech,85100,आपके पास सपना है तो रास्ता आ जायेगा 🔥🔥 Shashish Kumar Tiwari #motivation #motivational #shorts,2IPxdbWcRQc,24912,77
322,0.36,False,Motivation & Power,6,False,1105,False,20,0.0435,False,True,True,False,False,False,False,False,88,13,666,23,,False,2025-09-15T16:03:12Z,motivation speech,85100,समय खुद को दो 🔥🔥 Avadh ojha sir motivation #motivation #motivational #shorts #shortvideo,5C2TfqUHtBY,15449,48
325,0.5,False,Motivation & Power,15,False,1308,False,19,0.0463,False,False,True,False,False,False,False,False,87,11,984,22,,False,2025-09-13T07:31:24Z,motivation speech,85100,Life is an adventure 🔥🔥 Harshvardhan Jain #motivation #motivational #shorts #shortvideo,mBqjjROS-OY,21556,66
659,7.55,False,Aristino Academy,0,False,0,False,61,0.0006,False,True,False,False,True,False,False,False,87,13,3,0,even,False,2024-10-14T08:55:56Z,đầu tư chứng khoán,84400,6 NỘI DUNG BẮT BUỘC ĐÀO TẠO TRONG DOANH NGHIỆP #Daotao  #Noidungdaotao #Aristinoacademy,SmPpKnwO4k0,4967,8
664,0.73,False,Aristino Academy,0,False,0,False,40,0.0313,False,True,False,False,True,False,False,False,87,14,15,0,even,False,2024-10-09T10:35:00Z,đầu tư chứng khoán,84400,10 LỜI KHUYÊN ĐỂ TRỞ THÀNH NHÀ LÃNH ĐẠO XUẤT CHÚNG #Aristinoacademy #lanhdao #xuatchung,PH4bq6VRVpg,479,1
698,2.43,False,Aristino Academy,0,False,951,False,258,0.0201,False,True,False,True,False,False,False,False,72,16,32,0,,False,2024-09-05T10:54:21Z,đầu tư chứng khoán,84400,[ REVIEW SÁCH ] Kỹ năng quản trị nhân sự của người Nhật - Kazuyuki Inoue,Jx0iRugF6y0,1596,2
708,1.84,False,Aristino Academy,0,False,0,False,51,0.0074,False,True,False,False,False,False,False,False,84,13,9,0,,False,2024-08-26T06:39:16Z,đầu tư chứng khoán,84400,CÁC NGUỒN TỰ HỌC HIỆU QUẢ CHO NGƯỜI ĐI LÀM #tuhoc #phattrienbanthan #aristinoacademy,E3wMBhy7I6Q,1211,2
718,8.29,False,Aristino Academy,0,False,0,False,30,0.0018,False,True,False,False,False,False,False,True,76,14,10,0,,False,2024-08-16T07:56:31Z,đầu tư chứng khoán,84400,TẠI SAO DOANH NGHIỆP NÊN ĐẦU TƯ VÀO ĐÀO TẠO BÁN HÀNG? #daotao #daotaobanhang,LdFTv-_Lsig,5452,8
727,1.27,False,Aristino Academy,1,False,0,False,40,0.0263,False,False,False,False,False,False,False,False,98,17,21,0,,False,2024-08-07T08:32:17Z,đầu tư chứng khoán,84400,Những câu nói truyền cảm hứng từ các nhà lãnh đạo nổi tiếng #truyềncảmhứng #ceo #lanhdao #aristino,00BJcA4XJLg,836,1
734,1.69,False,Aristino Academy,0,False,0,False,35,0.0296,False,False,False,False,False,False,False,False,87,14,33,0,,False,2024-07-31T07:59:27Z,đầu tư chứng khoán,84400,Những câu nói truyền cảm hứng của nhà sáng lập Walt Disney #aristinoacademy #waltdisney,nD2wxtY-_V4,1114,2
745,1.37,False,Aristino Academy,0,False,0,False,44,0.0299,True,True,False,False,False,False,False,False,88,14,27,0,,False,2024-07-20T04:57:22Z,đầu tư chứng khoán,84400,TOP CÂU NÓI TRUYỀN CẢM HỨNG CỦA TỶ PHÚ LARRY ELLISON #Typhu #larryellison #truyencamhung,80bGHFTWQAo,904,1
754,0.21,False,Aristino Academy,0,False,0,False,65,0.0219,False,False,False,False,False,False,False,False,99,14,3,0,,False,2024-07-11T10:49:43Z,đầu tư chứng khoán,84400,Các bước xây dựng quy trình đào tạo trong doanh nghiệp #daotao #daotaodoanhnghiep #aristinocacademy,gjkRu2z_BDA,137,0
761,0.37,False,Aristino Academy,0,False,862,False,4454,0.122,False,True,False,False,False,False,False,True,59,12,30,0,,False,2024-07-04T08:06:55Z,đầu tư chứng khoán,84400,Talkshow Bí quyết xây dựng đội nhóm cho Startup - Full Show,lfVtS7NceS4,246,0
771,15.16,False,Aristino Academy,1,False,0,False,53,0.0018,False,False,False,False,False,False,False,True,81,10,17,0,,False,2024-06-24T11:05:04Z,đầu tư chứng khoán,84400,Khó khăn khi khởi nghiệp #Khoinghiep #startup #khokhan #aristinoacademy #talkshow,9yiLi6pA95E,9965,13
775,4.93,False,Aristino Academy,1,False,862,False,316,0.0102,False,True,False,False,False,False,False,True,99,16,32,0,,False,2024-06-20T09:18:37Z,đầu tư chứng khoán,84400,Highlight-Talkshow Bí quyết xây dựng đội nhóm cho Startup-Hành trình gọi vốn tại SharkTank Việt Nam,fWTGd9zS8dw,3242,4
778,2.16,False,Aristino Academy,0,False,0,False,60,0.012,False,True,False,False,False,False,False,False,97,14,17,0,,False,2024-06-17T15:28:22Z,đầu tư chứng khoán,84400,BÍ QUYẾT DOANH NGHIỆP TUYỂN DỤNG ĐƯỢC NHÀ QUẢN LÝ GIỎI #quanly #aristinocacademy #hocvienaristino,G5orSJvsNhU,1419,2
780,0.43,False,Aristino Academy,0,False,0,False,60,0.0214,False,True,False,False,True,False,False,False,98,19,6,0,odd,False,2024-06-15T01:13:59Z,đầu tư chứng khoán,84400,5 BƯỚC TỔ CHỨC QUY TRÌNH ĐÀO TẠO HỘI NHẬP TRỰC TUYẾN CHO NH N VIÊN MỚI #daotaohoinhap #nhanvienmoi,fADSqCAq7Ac,281,0
781,1.97,False,Aristino Academy,0,False,0,False,47,0.0362,False,True,False,False,False,False,False,False,98,13,47,0,,False,2024-06-14T02:01:55Z,đầu tư chứng khoán,84400,TOP CÂU NÓI TRUYỀN ĐỘNG LỰC ĐỂ THÀNH CÔNG #baihochay #caunoihay #baihocthanhcong #aristinocacademy,rM93Z1l2uvk,1297,2
782,0.14,False,Aristino Academy,1,False,862,False,134,0.4,False,True,False,False,False,False,False,True,100,21,35,0,,False,2024-06-13T09:00:23Z,đầu tư chứng khoán,84400,Highlight - Talkshow Bí quyết xây dựng đội nhóm cho Startup - Yếu tố then chốt để gọi vốn thành công,nBf8FtOyBB0,90,0
783,0.4,False,Aristino Academy,0,False,0,False,23,0.0,False,True,False,False,True,False,False,False,94,14,,0,even,False,2024-06-12T13:00:43Z,đầu tư chứng khoán,84400,6 LƯU Ý KHI LỰA CHỌN ĐỐI TÁC ĐÀO TẠO #daotaodoanhnghiep #viralvideo #xuhuong #aristinocacademy,fLHsnKd8ag4,264,0
783,1.38,False,Aristino Academy,0,False,143,False,47,0.0297,False,True,False,False,True,False,False,False,83,12,27,0,odd,False,2024-06-12T02:30:43Z,đầu tư chứng khoán,84400,7 TRIẾT LÝ NỔI TIẾNG CỦA BERNARD ARNAULT #baihochay #caunoihay #ceo #BernardArnault,TVfIKsjxcRE,910,1
784,0.34,False,Aristino Academy,0,False,0,False,34,0.0402,False,False,False,False,True,False,False,False,96,15,9,0,even,False,2024-06-11T04:03:01Z,đầu tư chứng khoán,84400,8 Chức năng quan trọng của bộ phận L&D trong Doanh nghiệp #daotaonoibo #nhansu #aristinocacademy,IDLYblys8Es,224,0
785,0.33,False,Aristino Academy,0,False,802,False,173,0.1455,False,True,False,True,True,False,False,False,67,14,32,0,odd,False,2024-06-10T08:14:49Z,đầu tư chứng khoán,84400,[Câu chuyện Doanh nhân] #5 Timcook – CEO quyền lực của đế chế Apple,joXAiuJl5GI,220,0
789,0.12,False,Aristino Academy,1,False,862,False,227,0.3537,False,True,False,False,False,False,False,True,93,18,28,0,,False,2024-06-06T09:29:05Z,đầu tư chứng khoán,84400,Highlight - Talkshow Bí quyết xây dựng đội nhóm cho Startup - Quản lý tài chính trong Startup,hrNvGLW-eRU,82,0
791,1.8,False,Aristino Academy,0,False,0,False,52,0.0337,False,True,False,False,False,False,False,False,95,16,40,0,,False,2024-06-04T14:42:25Z,đầu tư chứng khoán,84400,NHỮNG CÂU NÓI TRUYỀN CẢM HỨNG CỦA CỰU TỔNG THỐNG MỸ BARACK OBAMA #obama #tongthongmy #caunoihay,_zGMxrSiEFU,1186,1
791,0.12,False,Aristino Academy,1,False,862,False,190,0.5875,False,True,False,False,False,False,False,True,92,19,46,0,,False,2024-06-04T03:58:21Z,đầu tư chứng khoán,84400,Highlight - Talkshow Bí quyết xây dựng đội nhóm cho Startup - Khi nhân sự làm việc chống chế,5LjPJjDI0x0,80,0
791,0.58,False,Aristino Academy,1,False,0,False,39,0.0026,False,True,False,False,False,False,False,False,90,12,,0,,False,2024-06-04T03:45:54Z,đầu tư chứng khoán,84400,CÁC BƯỚC ĐỂ QUẢN LÝ THỜI GIAN HIỆU QUẢ #quanlythoigian #phattrienbanthan #aristinocacademy,b3i3h4rFavs,379,0
792,0.12,False,Aristino Academy,1,False,862,False,161,0.55,False,True,False,False,False,False,False,True,91,18,43,0,,False,2024-06-03T01:41:34Z,đầu tư chứng khoán,84400,Highlight - Talkshow Bí quyết xây dựng đội nhóm cho Startup - Giữ chân nhân tài cho Startup,t2651bICGBI,80,0
795,8.7,False,Aristino Academy,3,False,0,False,34,0.0101,True,True,False,False,False,False,True,False,99,15,55,0,,False,2024-05-30T15:48:26Z,đầu tư chứng khoán,84400,NHỮNG CÂU NÓI HAY NHẤT CỦA TỶ PHÚ LARRY PAGE  #larrypage #ceo #google #motivation #aristinocacademy,tOrbD_AbjOw,5723,7
796,10.63,False,Aristino Academy,1,False,862,False,206,0.0062,False,True,False,False,False,False,False,True,94,19,42,0,,False,2024-05-30T09:53:45Z,đầu tư chứng khoán,84400,Highlight - Talkshow Bí quyết xây dựng đội nhóm cho Startup - Thu hút nhân tài đến với Startup,3EK58T-1l-s,6990,9
797,0.57,False,Aristino Academy,0,False,0,False,44,0.0,False,True,False,False,False,False,True,False,100,15,,0,,False,2024-05-29T15:21:07Z,đầu tư chứng khoán,84400,NHỮNG CÂU NÓI HAY NHẤT VỀ KINH DOANH CỦA JEFF BEZOS #Jeffbezos #amazon #motivation #aristinocacademy,M68iYncw1p4,372,0
797,0.07,False,Aristino Academy,1,False,862,False,131,0.6957,False,True,False,False,False,False,False,True,93,19,31,0,,False,2024-05-29T08:51:48Z,đầu tư chứng khoán,84400,Highlight - Talkshow Bí quyết xây dựng đội nhóm cho Startup - Ý tưởng khởi nghiệp đến từ đâu?,_w2vmaqxF2Y,46,0
798,0.42,False,Aristino Academy,0,False,788,False,426,0.0182,False,True,False,True,False,False,False,False,61,15,5,0,,False,2024-05-28T08:56:41Z,đầu tư chứng khoán,84400,[ TƯ DUY PHẢN BIỆN ] Cách rèn luyện Tư duy phản biện hiệu quả,IgoIEyuuu2M,275,0
1,0.31,False,Namanhsuit,0,False,1758,False,24,0.0493,False,True,False,True,True,False,False,False,61,10,79,0,even,False,2026-08-04T12:00:26Z,quản lý tiền,83100,4 Bước đến 10 TỶ trước tuổi 40 #tudotaichinh #personalfinance,dERwBBHKk2o,1604,1604
2,0.52,False,Namanhsuit,4,False,1758,False,70,0.0244,False,False,False,True,False,False,False,False,50,11,62,0,,False,2026-08-02T13:48:40Z,quản lý tiền,83100,"Series ""Đáng xèng"" - bữa lẩu đắt nhất mình từng ăn",X9mK5-zf2-I,2700,1350
2,2.82,False,Namanhsuit,20,False,1997,False,718,0.0255,False,True,False,True,True,False,False,False,32,8,352,29,odd,False,2026-08-02T11:30:16Z,quản lý tiền,83100,7 Thứ Không Còn Đáng Tiền Để Mua,jfL-KzUIxq4,14566,7283
6,4.13,False,Namanhsuit,19,True,1912,False,708,0.0492,False,True,False,True,True,False,False,False,54,13,1030,29,even,False,2026-07-29T11:15:25Z,quản lý tiền,83100,4 Cách giúp mình làm 3 NGHỀ cùng lúc mà không KIỆT SỨC,UvwctK13ntw,21320,3553
6,0.98,False,Namanhsuit,2,False,0,False,126,0.0579,True,True,False,False,True,False,False,False,43,10,290,0,even,False,2026-07-29T11:13:39Z,quản lý tiền,83100,4 Loại Tài Sản giới SIÊU GIÀU luôn TÍCH LUỸ,LTouS_vI9WE,5039,840
9,1.74,False,Namanhsuit,21,False,1944,False,886,0.0388,True,True,False,True,False,False,False,False,36,8,328,29,,False,2026-07-26T12:14:00Z,quản lý tiền,83100,Cách Quản Lý Tiền như Giới SIÊU GIÀU,9EbO_xq-ymA,8987,999
9,0.62,False,Namanhsuit,3,False,1690,False,74,0.0374,False,False,False,True,False,False,False,False,14,3,116,0,,False,2026-07-26T07:34:58Z,quản lý tiền,83100,A quiet Friday,RxveoWLE6Zo,3178,353
11,0.63,False,Namanhsuit,1,False,0,False,33,0.025,False,True,False,False,False,False,False,False,27,7,80,0,,False,2026-07-24T10:40:09Z,quản lý tiền,83100,Chúng ta cần GYM cho bộ não,onpNP37m3S4,3242,295
14,0.39,False,Namanhsuit,0,False,0,False,69,0.0258,False,True,False,False,False,False,False,False,38,9,52,0,,True,2026-07-21T10:36:19Z,quản lý tiền,83100,Sai lầm LỚN NHẤT của mình trong đầu tư,J2q4LoA19AM,2012,144
19,6.61,False,Namanhsuit,74,False,1895,False,744,0.0842,False,True,False,True,False,False,False,False,55,11,2802,29,,False,2026-07-16T12:26:51Z,quản lý tiền,83100,Cách Phát Triển Sự Nghiệp Cho Người Thích QUÁ NHIỀU Thứ,Rt0VN2MoYCw,34161,1798
24,1.37,False,Namanhsuit,1,False,0,False,71,0.0343,False,False,False,False,True,False,False,False,30,8,242,0,even,False,2026-07-11T11:50:09Z,quản lý tiền,83100,64% Gen Z Lãng Phí mua quần áo,Mf0Zos5IGKg,7078,295
24,0.65,False,Namanhsuit,2,False,1830,True,178,0.0627,False,True,False,True,True,False,False,False,35,9,210,29,odd,False,2026-07-11T07:00:18Z,quản lý tiền,83100,3 Quy Tắc Xóa Lười chỉ trong 3 PHÚT,kCqWZ43gCc4,3380,141
27,1.27,False,Namanhsuit,1,False,0,False,33,0.0237,False,False,False,False,True,False,False,False,52,12,155,0,odd,False,2026-07-08T11:56:50Z,quản lý tiền,83100,Những khoản đầu tư đáng tiền nhất của mình ở tuổi 29,cXp4EsUH8Vs,6581,244
40,1.55,False,Namanhsuit,5,False,0,False,38,0.0312,False,False,False,False,False,False,False,False,18,4,245,0,,False,2026-06-25T11:32:20Z,quản lý tiền,83100,Giao việc cho tiền,w8PcLzA8Wrs,8000,200
41,0.96,False,Namanhsuit,1,True,0,False,57,0.0321,False,True,False,False,False,False,False,False,30,7,159,0,,False,2026-06-24T11:39:39Z,quản lý tiền,83100,"""BÍ MẬT"" thành công của Phê La",9vfag1PLDF0,4986,122
42,0.34,False,Namanhsuit,0,False,447,False,52,0.0326,False,True,False,False,False,False,False,False,26,6,57,0,,False,2026-06-23T11:40:38Z,quản lý tiền,83100,Phân tích CỔ PHIẾU bằng AI,5yc4pwLcX7A,1750,42
45,1.2,False,Namanhsuit,9,False,1995,False,702,0.0464,False,True,False,True,False,False,False,False,58,13,279,29,,False,2026-06-20T03:35:04Z,quản lý tiền,83100,Thành Công Là Không Thể Nếu Bạn Thiếu Quy Tắc Làm Việc Này,f1H9WsqGkM4,6208,138
46,0.34,False,Namanhsuit,0,False,447,False,60,0.0385,False,True,False,False,False,False,False,True,35,8,67,0,,False,2026-06-19T11:35:56Z,quản lý tiền,83100,Cổ phiếu ngành chúng ta đang BỎ LỠ?,RIKNbizjx8w,1742,38
47,1.02,False,Namanhsuit,3,False,0,False,53,0.0168,False,True,False,False,False,False,False,True,52,12,86,0,,True,2026-06-18T12:45:15Z,quản lý tiền,83100,Mất bao tiền để xem hết các trận WORLD CUP của Pháp?,fYzQKa6hw-c,5295,113
48,0.61,False,Namanhsuit,1,False,447,False,59,0.0335,False,True,False,False,False,False,False,False,34,8,105,0,,False,2026-06-17T11:45:40Z,quản lý tiền,83100,Chẳng có ý tưởng nào là NGUYÊN BẢN,28Gm6rulhM4,3161,66
50,4.92,False,Namanhsuit,23,False,2065,False,570,0.0259,False,True,False,True,True,False,False,False,61,14,635,29,odd,False,2026-06-15T11:30:13Z,quản lý tiền,83100,7 Thứ Mình Đã NGỪNG MUA Để Tiết Kiệm Thêm +20 Triệu Mỗi Tháng,XiU-MckX6a4,25402,508
50,0.94,False,Namanhsuit,5,False,447,False,167,0.0342,False,True,False,False,False,False,False,False,58,13,161,0,,False,2026-06-15T10:43:48Z,quản lý tiền,83100,Cách HỢP ĐỒNG KỲ NGHỈ đã nuốt hàng TRĂM TỶ của người Việt.,gkFyVJX9f_M,4849,97
52,1.56,False,Namanhsuit,6,False,0,False,11,0.01,False,True,False,False,True,False,False,False,34,8,75,0,even,False,2026-06-13T11:54:09Z,quản lý tiền,83100,Cùng đầu tư 100 TRIỆU 10 năm trước,NgW8BUp1P3w,8061,155
54,1.72,False,Namanhsuit,7,False,447,False,58,0.0372,True,True,False,False,False,False,True,False,39,8,324,0,,True,2026-06-11T11:28:00Z,quản lý tiền,83100,Chi tiêu kiểu người GIÀU vs người NGHÈO,geDwcw3C3LI,8887,165
55,0.42,False,Namanhsuit,0,False,447,False,88,0.028,False,True,False,False,False,False,False,True,38,8,61,0,,False,2026-06-10T11:30:10Z,quản lý tiền,83100,Kinh Tế Tốt lại khiến thị trường GIẢM?,uyXul1sE2pY,2178,40
56,0.65,False,Namanhsuit,7,False,0,False,73,0.0611,False,True,False,False,False,False,False,False,56,13,199,0,,False,2026-06-09T12:31:04Z,quản lý tiền,83100,Kỹ năng DUY NHẤT bạn cần HỌC (có giá trong mọi lĩnh vực),ulru5LKHyPg,3370,60
57,0.41,False,Namanhsuit,1,False,1723,False,90,0.0356,False,True,False,True,True,False,False,False,53,12,75,0,odd,False,2026-06-08T12:53:51Z,quản lý tiền,83100,Đừng ĐẦU TƯ trước khi kiểm tra 5 con số này #taichinh,XM1cZ4jkJEc,2135,37
58,1.97,False,Namanhsuit,20,False,1897,False,646,0.028,False,True,False,True,True,False,False,False,68,14,265,29,even,False,2026-06-07T13:22:38Z,quản lý tiền,83100,Đầu Tư Chứng Khoán 2026: Lý Do Mình Chuyển Sang Chiến Lược Phòng Thủ,U7IBEOojxCI,10187,176
62,1.19,False,Namanhsuit,4,False,21,False,46,0.0311,False,True,False,False,False,False,False,False,28,6,187,0,,False,2026-06-03T12:48:30Z,quản lý tiền,83100,Giải thích ETF = EXSH #dautu,3Xvyx_4ZwMI,6134,99
64,1.86,False,Namanhsuit,11,False,2395,False,842,0.0311,False,True,False,True,True,False,False,False,46,10,288,29,even,True,2026-06-01T12:34:59Z,quản lý tiền,83100,6 Bẫy Tài Chính Khiến 90% Người Việt MÃI NGHÈO,laCkH5nIaU0,9610,150
4894,0.27,False,Astral Current,1830,False,484,False,3347,0.0084,False,True,False,True,True,True,False,False,44,7,5575,52,even,False,2013-03-11T11:22:04Z,space documentary,80800,Universe or Multiverse Documentary | HD 720p,QiKGWT--c0A,885287,181
4938,1.0,False,Astral Current,3097,False,395,False,2668,0.0042,False,False,False,False,False,False,False,False,55,8,10331,41,,False,2013-01-26T07:14:20Z,space documentary,80800,Most Remarkable Things In The Universe Full Documentary,-ffhp3COlgY,3219477,652
4940,2.5,False,Astral Current,6274,False,395,False,5592,0.0051,False,True,False,False,True,True,False,False,43,8,34537,36,even,False,2013-01-24T07:50:54Z,space documentary,80800,Life in The Universe Documentary | HD 1080p,34sEX6VM9sU,8063696,1632
6,0.0,False,TTD Music ツ,5,False,1387,False,1647,0.1233,False,True,False,True,True,True,False,False,99,25,13,25,odd,False,2026-07-29T11:58:10Z,động lực thành công,80100,MASHUP 5 IN 1 REMIX | BABY X LET ME KNOW X SAY BYE X TINH VỆ X ÁI THƯƠNG X SOMETHING JUST LIKE THIS,pKR6lp79KX4,146,24
8,0.0,False,TTD Music ツ,23,False,1384,False,1677,0.1504,False,True,False,True,True,True,False,False,96,24,11,25,even,False,2026-07-27T12:43:49Z,động lực thành công,80100,MASHUP 6 IN 1 REMIX | TRANG GIẤY CUỐI CÙNG X GIÀY CAO GÓT MÀU ĐỎ X BUÔNG BỎ SỰ PHỤ THUỘC NƠI ANH,HI16DjTsee4,226,28
10,0.0,False,TTD Music ツ,10,False,1379,False,1730,0.1078,False,True,False,True,True,True,False,False,91,23,12,25,even,False,2026-07-25T12:01:30Z,động lực thành công,80100,MASHUP 6 IN 1 REMIX | TINH VỆ X GIÀY CAO GÓT MÀU ĐỎ X HABIBI X TRĂNG ƠI TRĂNG À X LIMITLESS,CFQvYaeVI2k,204,20
111,0.0,False,TTD Music ツ,8,False,1383,False,1912,0.0329,False,True,False,True,True,True,False,False,95,20,32,25,even,False,2026-04-15T11:56:01Z,động lực thành công,80100,PLAYLIST NHẠC TRUYỀN ĐỘNG LỰC VỀ ĐÍCH 50 NGÀY ÔN THI | VICTORY X FAIRYTAIL X TAKE ME HAND REMIX,py_IVO1Q91g,1216,11
409,0.01,False,TTD Music ツ,21,False,1484,False,3771,0.1425,False,True,False,True,True,True,False,False,96,21,551,17,odd,False,2025-06-21T12:53:31Z,động lực thành công,80100,[1 HOUR] PAST LIVES - THAZH X ĐÔNG REMIX (BẢN HOT TIKTOK) | Bản Nhạc Chữa Lành Tâm Hồn Cực Chill,eWCmEyzCcpg,4013,10
412,0.2,False,TTD Music ツ,31,False,1473,False,321,0.0202,False,True,False,True,True,True,False,False,93,20,1317,17,odd,False,2025-06-18T12:18:41Z,động lực thành công,80100,PAST LIVES - THAZH X ĐÔNG REMIX [BẢN HOT TIKTOK] | Bản Nhạc Chữa Lành Tâm Hồn Hot TikTok 2025,XuL-jewrSzc,66782,162
416,0.01,False,TTD Music ツ,20,False,1384,False,1110,0.122,False,True,False,True,False,True,False,False,100,22,299,12,,False,2025-06-14T12:58:54Z,động lực thành công,80100,[PLAYLIST] - THAZH X ĐÔNG REMIX | Shape Of You x Lighting Moment | Past Lives x Sa Vào Nguy Hiểm ...,NJjYWSxGCFI,2615,6
419,0.26,False,TTD Music ツ,63,False,1513,False,192,0.0184,False,True,False,True,False,False,False,False,90,20,1570,10,,False,2025-06-11T12:34:35Z,động lực thành công,80100,Shape Of You x May I See You Again x Lighting Moment - Thazh x Đông Remix [BẢN HOT TIKTOK],2p8hFUDLV_I,88630,212
678,2.66,False,TTD Music ツ,181,False,1420,False,1670,0.01,False,True,True,True,False,True,False,False,96,23,8941,14,,False,2024-09-25T11:00:59Z,động lực thành công,80100,♫ Sa Vào Nguy Hiểm x ĐẢO NGHỊCH | Reverse溯 (版钢琴) x Nếu Ví Anh Như ♫ Mixset EDM Remix Cực Chill ♫,yrcFsrfdi00,909426,1341
688,1.16,False,TTD Music ツ,97,False,1200,False,3890,0.0077,False,True,True,False,True,True,False,False,99,22,2983,17,odd,False,2024-09-15T11:00:45Z,động lực thành công,80100,♫ (1 Hour) VER KHÔNG LỜI ĐẢO NGHỊCH | Reverse溯 (版钢琴) - THAZH X ĐÔNG REMIX | Nhạc Chill Hot TikTok ♫,mZoFN8fE_V8,397858,578
708,0.44,False,TTD Music ツ,74,False,1200,False,280,0.0137,False,True,True,False,False,True,False,False,99,22,1973,17,,False,2024-08-26T11:45:04Z,động lực thành công,80100,♫ FIX VER KHÔNG LỜI ĐẢO NGHỊCH | Reverse溯 (版钢琴)  - THAZH X ĐÔNG REMIX | Nhạc Chữa Lành Hot TikTok ♫,jQELd_xs6Wk,149437,211
728,1.11,False,TTD Music ツ,105,False,1198,False,280,0.0159,False,True,True,False,False,True,False,False,97,21,5949,17,,False,2024-08-06T11:00:04Z,động lực thành công,80100,♫ (VER KHÔNG LỜI) ĐẢO NGHỊCH | Reverse溯 (版钢琴)  - THAZH X ĐÔNG REMIX | Nhạc Chữa Lành Hot TikTok ♫,ayaax_i1Erk,379820,522
730,1.36,False,TTD Music ツ,163,False,1555,False,2883,0.0103,False,True,True,True,False,True,False,False,90,20,4616,15,,False,2024-08-04T11:30:01Z,động lực thành công,80100,♫ ĐẢO NGHỊCH | Reverse溯 (版钢琴) | Ocean ♫ Mixset EDM Cuối Tuần Cực Chill Chữa Lành Tâm Hồn ♫,3jkCBbqMqwQ,464099,636
731,11.8,False,TTD Music ツ,467,False,1228,False,280,0.0067,False,True,True,False,False,True,False,False,93,21,26380,15,,False,2024-08-03T11:00:07Z,động lực thành công,80100,♫ ĐẢO NGHỊCH | Reverse溯 (版钢琴)  - THAZH X ĐÔNG REMIX | Bản Nhạc Chữa Lành Tâm Hồn Hot TikTok ♫,vQVW7YTNz2c,4033271,5517
823,16.84,False,TTD Music ツ,1734,False,1275,False,3820,0.0084,False,True,True,False,True,False,False,False,93,21,46567,18,even,False,2024-05-03T11:00:44Z,động lực thành công,80100,♫ List Nhạc CỰC TRUYỀN ĐỘNG LỰC ♫ Mashup Fake Love Remix ♫ Nhạc Động Lực Ôn Thi THPTQG 2026 ♫,mM8bNIndTbw,5753551,6991
828,1.0,False,TTD Music ツ,118,False,1965,False,3518,0.0074,False,True,True,False,False,True,False,False,96,22,2418,0,,False,2024-04-28T05:00:30Z,động lực thành công,80100,♫ Mixtape EDM Remix Leo Rank Cháy Hơn Fai Fai ♫ Meant To Be | Move Up | Astronomy x Astronomia ♫,h021G4SmL8E,341680,413
854,7.64,False,TTD Music ツ,807,False,1707,False,1725,0.0109,False,True,True,True,False,True,False,False,96,23,27559,11,,False,2024-04-02T11:00:04Z,động lực thành công,80100,♫ EDM CỰC TRUYỀN ĐỘNG LỰC ♫ Mashup Fake Love | Da Da Da ♫ List Nhạc Truyền Động Lực Hot Tiktok ♫,3e8dHZlhSak,2608920,3055
863,2.28,False,TTD Music ツ,203,False,1743,False,2260,0.0092,False,True,True,True,False,True,False,False,99,21,7007,5,,False,2024-03-24T11:00:37Z,động lực thành công,80100,♫ EDM Cháy Như Fai Fai ♫ Senbonzakura Remix | Diamond x Fractures ♫ List Nhạc Hot Tiktok Cực Cuốn ♫,fUZnmEWvb80,780123,904
1127,1.39,True,TTD Music ツ,284,False,1342,False,2780,0.0164,False,True,True,False,True,True,False,False,96,24,7519,23,odd,False,2023-07-04T11:00:34Z,động lực thành công,80100,♫ EDM Tik Tok Remix Cháy Như Fai Fai ♫ RUN FREE - CLOSER REMIX | ALONE ♫ Nhạc Hot Tik Tok 2023 ♫,iCjKgni7oaI,475645,422
353,0.59,False,The Secret Signal,120,False,2166,False,1035,0.0219,False,True,False,True,False,False,False,True,20,4,1965,28,,False,2025-08-16T12:00:02Z,truyện ma có thật,78600,Sad Satan.exe Là Gì?,0N0qxFgs0KI,95312,270
360,0.35,False,The Secret Signal,64,False,1396,False,627,0.0194,False,True,False,True,False,False,False,True,23,6,1040,28,,False,2025-08-09T12:00:19Z,truyện ma có thật,78600,Thung Lũng Kỳ Lạ Là Gì?,5KchCS9qJ_s,56994,158
373,0.18,False,The Secret Signal,32,False,2446,False,1677,0.0215,False,False,False,True,False,False,False,False,42,9,599,26,,False,2025-07-27T10:00:33Z,truyện ma có thật,78600,Những Giáo Phái Rùng Rợn Ít Người Biết Đến,GoFjJimMYO4,29395,79
390,0.18,False,The Secret Signal,20,False,2152,False,1460,0.0166,False,False,False,True,True,False,False,False,32,8,471,26,odd,False,2025-07-10T11:00:02Z,truyện ma có thật,78600,Những Đoạn Ghi Âm Đầy Ám Ảnh [1],1VvHQm0hkzQ,29622,76
402,3.51,False,The Secret Signal,390,False,2292,False,1455,0.0133,False,False,False,True,False,False,False,False,42,8,7109,26,,False,2025-06-28T12:00:34Z,truyện ma có thật,78600,Những Trào Lưu Rùng Rợn Nhất Trên Internet,FIToyGEVQvo,565805,1407
416,1.32,False,The Secret Signal,112,False,2203,False,1395,0.0092,False,False,False,True,True,False,False,False,58,10,1849,26,odd,False,2025-06-14T11:00:07Z,truyện ma có thật,78600,Những Khoảnh Khắc Kinh Hoàng Trên Sóng Livestream (Phần 3),3ytDL27aLF4,213197,512
423,5.46,False,The Secret Signal,408,False,2216,False,1482,0.012,False,True,False,True,True,False,False,False,43,11,10140,26,even,False,2025-06-07T11:00:42Z,truyện ma có thật,78600,10 Loại Tà Thuật Đáng Sợ Nhất Đến Từ Á Đông,OyK7jj5zf9w,878893,2078
430,3.36,False,The Secret Signal,141,False,2040,False,1312,0.0076,False,False,False,True,True,False,False,False,58,10,3955,26,even,False,2025-05-31T11:01:07Z,truyện ma có thật,78600,Những Khoảnh Khắc Kinh Hoàng Trên Sóng Livestream (Phần 2),fPaUCrG3tPs,540693,1257
437,6.84,False,The Secret Signal,289,False,2019,False,1312,0.0075,False,False,False,True,True,False,False,False,58,10,8003,26,odd,False,2025-05-24T11:01:32Z,truyện ma có thật,78600,Những Khoảnh Khắc Kinh Hoàng Trên Sóng Livestream (Phần 1),vkmsJbfJWNk,1101044,2520
444,1.27,False,The Secret Signal,113,False,1872,False,1343,0.0098,False,True,False,True,True,False,False,False,30,8,1895,26,even,False,2025-05-17T11:01:00Z,truyện ma có thật,78600,10 Video Ma Ám Đến Từ Nhật Bản,ewV5fii2emQ,203940,459
451,0.38,False,The Secret Signal,34,False,1846,False,1180,0.011,False,True,False,True,True,False,False,False,45,9,633,26,even,False,2025-05-10T11:01:08Z,truyện ma có thật,78600,Những Đoạn Video Đáng Sợ Từ Internet (Phần 4),fx4cvGGrsO0,60737,135
479,0.26,False,The Secret Signal,29,True,1554,False,1092,0.0115,False,True,False,True,True,False,False,False,34,9,453,26,even,False,2025-04-12T11:00:24Z,truyện ma có thật,78600,10 Bức Ảnh Ẩn Chứa Sự Thật Đen Tối,H-lKnAiO6fk,41789,87
486,0.69,False,The Secret Signal,76,False,1991,False,1507,0.0109,False,True,False,True,True,False,False,False,45,9,1134,26,odd,False,2025-04-05T04:00:13Z,truyện ma có thật,78600,Những Đoạn Video Đáng Sợ Từ Internet (Phần 3),GENFPXDdfF4,110919,228
494,1.16,False,The Secret Signal,62,False,1881,False,1442,0.009,False,True,False,True,True,False,False,False,45,9,1622,26,even,False,2025-03-28T11:00:13Z,truyện ma có thật,78600,Những Đoạn Video Đáng Sợ Từ Internet (Phần 2),9Z9Fg2gCM0o,186921,378
499,1.0,False,The Secret Signal,90,False,1816,False,1650,0.0109,False,True,False,True,True,False,False,False,45,9,1660,26,odd,False,2025-03-23T04:00:14Z,truyện ma có thật,78600,Những Đoạn Video Đáng Sợ Từ Internet (Phần 1),LACq6CHSyiI,160853,322
507,1.02,False,The Secret Signal,53,False,1369,False,1260,0.0095,False,True,False,False,True,False,False,False,63,13,1502,25,even,False,2025-03-15T11:01:16Z,truyện ma có thật,78600,Những Điều Kinh Hoàng Được Ghi Lại Từ Camera Trước Cửa (Phần 2),rY0qHISjS9w,164176,324
510,1.05,False,The Secret Signal,44,False,1272,False,1228,0.0083,False,True,False,False,True,False,False,False,63,13,1352,25,odd,False,2025-03-12T11:00:54Z,truyện ma có thật,78600,Những Điều Kinh Hoàng Được Ghi Lại Từ Camera Trước Cửa (Phần 1),eRNfD4VyPsk,168341,330
514,1.42,False,The Secret Signal,79,False,1476,False,1532,0.0075,False,False,False,False,False,False,False,False,48,10,1633,27,,False,2025-03-08T11:01:01Z,truyện ma có thật,78600,Phát Hiện Kinh Hoàng Của Những Người Đi Cắm Trại,gXgRxjunFI8,228958,445
521,1.35,False,The Secret Signal,76,False,1219,False,1205,0.0084,False,False,False,False,True,False,False,False,61,12,1737,24,odd,False,2025-03-01T11:00:56Z,truyện ma có thật,78600,Những Điều Kinh Hoàng Được Camera Hành Trình Ghi Lại (Phần 5),ibyQ49qrWaM,216688,416
524,1.34,False,The Secret Signal,65,False,1255,False,1322,0.0091,False,False,False,False,True,False,False,False,61,12,1895,24,even,False,2025-02-26T12:00:49Z,truyện ma có thật,78600,Những Điều Kinh Hoàng Được Camera Hành Trình Ghi Lại (Phần 4),ZvYye9VmRrM,215138,411
528,2.22,False,The Secret Signal,113,False,1150,False,1322,0.0077,False,False,False,False,True,False,False,False,61,12,2621,24,odd,False,2025-02-22T11:01:20Z,truyện ma có thật,78600,Những Điều Kinh Hoàng Được Camera Hành Trình Ghi Lại (Phần 3),r2YoyOzBrAM,357305,677
535,1.6,False,The Secret Signal,100,False,1101,False,1210,0.0091,False,False,False,False,True,False,False,False,61,12,2244,24,even,False,2025-02-15T12:01:16Z,truyện ma có thật,78600,Những Điều Kinh Hoàng Được Camera Hành Trình Ghi Lại (Phần 2),uz5AL9OTIto,257856,482
542,1.0,False,The Secret Signal,74,False,978,False,1030,0.0092,False,False,False,False,True,False,False,False,61,12,1405,24,odd,False,2025-02-08T12:00:21Z,truyện ma có thật,78600,Những Điều Kinh Hoàng Được Camera Hành Trình Ghi Lại (Phần 1),I17KlZQsKIE,161132,297
550,0.73,False,The Secret Signal,51,True,1042,False,933,0.0128,False,True,False,False,False,False,False,False,36,9,1462,21,,False,2025-01-31T12:00:44Z,truyện ma có thật,78600,Sự Thật Đen Tối Ẩn Sau Những Bức Ảnh,ZHp14x0sAdU,117906,214
558,0.85,False,The Secret Signal,84,False,1265,False,1260,0.0118,False,False,False,False,False,False,False,False,37,8,1534,24,,False,2025-01-23T12:00:59Z,truyện ma có thật,78600,Những Phát Hiện Rùng Rợn Khi Thuê Nhà,eM_2LuiDm_I,136725,245
566,0.43,False,The Secret Signal,37,False,1182,False,945,0.0114,False,True,False,True,True,False,False,False,38,8,751,21,even,False,2025-01-15T12:00:48Z,truyện ma có thật,78600,Những Thứ Đáng Sợ Từ Internet (Phần 6),VBRe0TO9FaA,68956,122
570,0.41,False,The Secret Signal,37,False,1044,False,737,0.011,False,True,False,False,True,False,False,False,38,8,692,21,odd,False,2025-01-11T12:01:01Z,truyện ma có thật,78600,Những Thứ Đáng Sợ Từ Internet (Phần 5),e217Oej01fk,66524,117
573,0.39,False,The Secret Signal,30,False,1032,False,726,0.0113,False,True,False,False,True,False,False,False,38,8,684,21,even,False,2025-01-08T12:00:23Z,truyện ma có thật,78600,Những Thứ Đáng Sợ Từ Internet (Phần 4),A3nTpcEHAO4,63393,111
576,0.31,False,The Secret Signal,31,False,1122,False,659,0.0111,False,True,False,False,True,False,False,False,38,8,526,21,odd,False,2025-01-05T04:00:05Z,truyện ma có thật,78600,Những Thứ Đáng Sợ Từ Internet (Phần 3),BQXSzuwCfRc,50086,87
580,0.89,False,The Secret Signal,66,False,634,False,652,0.0102,False,True,False,False,True,False,False,False,42,11,1399,25,even,False,2025-01-01T11:00:10Z,truyện ma có thật,78600,10 Bức Ảnh Ma Được Cho Là Có Thật (Phần 2),AKsCNSrv-pM,143000,247
1,0.02,False,BLV Đoàn Chình,3,False,1536,False,3051,0.1026,False,True,False,False,True,True,False,True,92,20,32,25,odd,False,2026-08-04T13:00:09Z,bất động sản việt nam,78300,Nghị Quyết 21: Cuộc Cải Cách Lớn Nhất Của Thị Trường Bất Động Sản Việt Nam? | BLV Đoàn Chình,xv7FQqPMADc,341,341
5,0.67,False,BLV Đoàn Chình,57,False,655,False,5673,0.0291,False,True,False,False,True,True,False,True,99,24,343,17,even,True,2026-07-30T12:00:02Z,bất động sản việt nam,78300,"GDP Tăng 8,18% Đỉnh Kỷ Lục 15 Năm - Nhưng Đại Đa Số Người Dân Lại Thấy Nghèo Hơn ? | BLV Đoàn Chình",FrPyl3_mvxU,13730,2746
14,1.5,False,BLV Đoàn Chình,51,False,997,False,4185,0.0208,False,True,False,False,True,True,False,False,97,21,591,24,even,True,2026-07-21T13:20:07Z,bất động sản việt nam,78300,"Kinh Tế 2026: Giá Cả Leo Thang, Người Dân Gồng Mình, Đồng Tiền Ngày Càng Mất Giá | BLV Đoàn Chình",ESkuqW51Uf8,30822,2202
18,2.04,False,BLV Đoàn Chình,65,False,685,False,4552,0.0195,False,True,False,False,True,True,False,False,96,19,757,16,even,True,2026-07-17T13:10:04Z,bất động sản việt nam,78300,"Thảm Cảnh BĐS 2026: Cả Thị Trường “Ngưng Thở”, Hàng Nghìn Doanh Nghiệp Biến Mất | BLV Đoàn Chình",HSjcLM9aOEk,42094,2339
22,0.86,False,BLV Đoàn Chình,62,False,1156,False,4776,0.0308,False,True,False,False,False,True,False,True,74,17,485,23,,False,2026-07-13T13:15:26Z,bất động sản việt nam,78300,Vì Sao Tăng Trưởng Kinh Tế Việt Nam Đáng Lo Hơn Bạn Nghĩ? | BLV Đoàn Chình,2bQp7o6PkqU,17753,807
25,0.29,False,BLV Đoàn Chình,32,False,1065,False,4183,0.044,False,True,False,False,False,True,False,True,65,14,230,28,,False,2026-07-10T13:05:20Z,bất động sản việt nam,78300,Giải Mã Tăng Trưởng: Liệu Việt Nam Có Đang 'Ảo'? | BLV Đoàn Chình,IIRy_R8Ud1A,5956,238
27,1.21,False,BLV Đoàn Chình,72,False,1412,False,7013,0.026,False,True,False,False,False,True,False,True,78,18,575,27,,False,2026-07-08T13:00:35Z,bất động sản việt nam,78300,Thế Hệ Gen Z Đang Kiệt Sức Trong Một Nền Kinh Tế Tăng Trưởng? | BLV Đoàn Chình,lpZkpqJ9Uz4,24890,922
34,1.0,False,BLV Đoàn Chình,33,False,923,False,2532,0.0211,False,True,False,False,True,True,False,True,84,19,402,19,even,False,2026-07-01T13:30:04Z,bất động sản việt nam,78300,"Bất Động Sản 2026: Giá Giảm Nhưng Vẫn Ế, Người Mua Đã Hết Niềm Tin? | BLV Đoàn Chình",XVWAICaPLZo,20624,607
39,0.84,False,BLV Đoàn Chình,44,False,1578,False,5152,0.0222,False,True,False,False,True,True,False,False,95,23,338,23,even,False,2026-06-26T12:00:27Z,bất động sản việt nam,78300,Bất Động Sản 2026: Kết Thúc Thời Đại Đầu Cơ – Giá Nhà Sắp Quay Về Giá Trị Thật | BLV Đoàn Chình,0EUeWlV02e8,17221,442
49,0.69,False,BLV Đoàn Chình,16,False,1239,False,3283,0.02,False,True,False,False,True,True,False,False,78,18,268,24,even,False,2026-06-16T12:00:17Z,bất động sản việt nam,78300,"Kinh Tế 2026: Người Vay Kêu Cứu, NĐT Bỏ Cuộc, Bắt Đầu Lao Dốc | BLV Đoàn Chình",bg9k69BAq4s,14167,289
53,0.43,False,BLV Đoàn Chình,23,False,733,False,3742,0.035,False,True,False,False,True,True,False,True,91,19,289,22,even,False,2026-06-12T12:00:31Z,bất động sản việt nam,78300,Bất Động Sản 2026: Việt Nam Có Lặp Lại Thảm Họa Evergrande Của Trung Quốc? | BLV Đoàn Chình,ETcP4psnC6o,8908,168
58,0.65,False,BLV Đoàn Chình,29,False,1313,False,4250,0.0291,False,True,False,False,True,True,False,False,73,18,361,16,even,False,2026-06-07T12:00:14Z,bất động sản việt nam,78300,Bất Động Sản 2026: Cú Sốc Lớn Nhất Của Nhà Đầu Tư Đã Đến | BLV Đoàn Chình,hjQcMecLjWs,13382,231
59,5.0,False,BLV Đoàn Chình,204,False,596,False,3206,0.0204,False,True,False,False,True,True,False,False,75,18,1901,15,even,False,2026-06-06T12:30:15Z,bất động sản việt nam,78300,Bất Động Sản 2026: Cuộc Vỡ Trận Lớn Nhất 20 Năm Đã Bắt Đầu | BLV Đoàn Chình,tAuASO_Klfs,103163,1749
65,1.09,False,BLV Đoàn Chình,41,False,1218,False,4456,0.0214,False,True,False,False,True,True,False,True,85,20,439,25,even,False,2026-05-31T13:45:10Z,bất động sản việt nam,78300,Bất Động Sản 2026: Bão Ngầm Tại ACV – Sân Bay Long Thành Có Vỡ Trận? | BLV Đoàn Chình,10TgvsCkGec,22438,345
70,0.76,False,BLV Đoàn Chình,37,False,1374,False,3353,0.0243,False,True,False,False,True,True,False,False,98,24,345,14,even,False,2026-05-26T13:00:06Z,bất động sản việt nam,78300,Bất Động Sản 2026: KHAI TỬ TƯ DUY ĐẦU CƠ ĐẤT ĐAI – Thông Điệp Thép Từ Tổng Bí Thư | BLV Đoàn Chình,ORAJvNSBxgs,15691,224
75,6.3,False,BLV Đoàn Chình,162,False,1044,False,3458,0.0148,False,True,False,False,True,True,False,False,96,23,1756,24,even,False,2026-05-21T12:30:33Z,bất động sản việt nam,78300,Bất Động Sản 2026: Quy Hoạch Hà Nội 100 Năm – Dòng Tiền Đang Âm Thầm Rời Nội Đô | BLV Đoàn Chình,ikfLi4-N0_w,129822,1731
82,1.06,False,BLV Đoàn Chình,59,False,1069,False,2632,0.0313,False,True,False,False,True,True,False,False,95,22,622,25,even,False,2026-05-14T12:00:13Z,bất động sản việt nam,78300,"Kinh Tế 2026: Đại Án Đấu Thầu, Dòng Tiền Cạn Kiệt – Sân Bay Long Thành Lao Đao | BLV Đoàn Chình",8KtXBWq1jFY,21767,265
84,0.61,False,BLV Đoàn Chình,31,False,995,False,1995,0.032,False,True,False,False,True,True,False,False,88,21,373,24,even,False,2026-05-12T13:01:38Z,bất động sản việt nam,78300,Bất Động Sản 2026: Nhà Trong Ngõ Sâu Hà Nội Lao Dốc Vì Lệnh Cấm Xe Xăng | BLV Đoàn Chình,tN01HmTTMac,12623,150
87,1.71,False,BLV Đoàn Chình,116,False,1081,False,2208,0.025,True,True,False,False,True,True,False,False,87,21,767,24,even,False,2026-05-09T12:00:57Z,bất động sản việt nam,78300,Bất Động Sản 2026: Cao Xà Lá – Cuộc Chơi Mới Của Giới Siêu Giàu Hà Nội | BLV Đoàn Chình,XEyXHR0PzbA,35330,406
89,4.88,False,BLV Đoàn Chình,192,False,1262,False,5740,0.0161,False,True,False,False,True,True,False,False,92,22,1427,29,even,False,2026-05-07T12:00:39Z,bất động sản việt nam,78300,"Kinh Tế 2026: Làn Sóng Bán Tháo Xe Hơi Kinh Hoàng, Giấc Mơ Ô Tô Đang Sụp Đổ | BLV Đoàn Chình",JRBwVSHg3Kk,100566,1130
92,2.13,False,BLV Đoàn Chình,165,False,1225,False,2591,0.0276,False,True,False,False,True,True,False,True,81,18,1049,23,even,False,2026-05-04T13:01:04Z,bất động sản việt nam,78300,Kinh Tế 2026: Vì Sao Tăng Trưởng Việt Nam Lại Mong Manh Đến Vậy? | BLV Đoàn Chình,X29WK3JdfeY,43930,478
98,1.3,False,BLV Đoàn Chình,125,False,1217,False,1872,0.0365,False,True,False,False,True,True,False,False,93,20,857,20,even,False,2026-04-28T13:00:16Z,bất động sản việt nam,78300,"Kinh Tế 2026: 5000 Công Nhân Bỏ Việc, Sân Bay Long Thành Rơi Vào Khủng Hoảng | BLV Đoàn Chình",3wwfX2J_k4I,26895,274
99,1.5,False,BLV Đoàn Chình,115,False,897,False,3282,0.0229,False,True,False,False,True,True,False,False,88,20,594,22,even,False,2026-04-27T14:01:00Z,bất động sản việt nam,78300,"Kinh Tế 2026: GDP Tăng, Người Trẻ Kiệt Sức – Nghịch Lý Của Thời Đại Mới | BLV Đoàn Chình",Wt6pDb4s8S0,30997,313
102,1.0,False,BLV Đoàn Chình,92,False,1441,False,2572,0.0335,False,True,False,False,True,True,False,False,82,20,598,23,even,False,2026-04-24T13:45:12Z,bất động sản việt nam,78300,Kinh Tế 2026: 38 Triệu Tỷ – Cú Bơm Tiền Lớn Nhất Lịch Sử Việt Nam | BLV Đoàn Chình,Vm-9aB-PhLg,20605,202
104,0.64,False,BLV Đoàn Chình,91,False,1144,False,3770,0.0385,False,True,False,False,True,True,False,False,94,22,419,23,even,False,2026-04-22T04:45:03Z,bất động sản việt nam,78300,Kinh Tế 2026: Cử Nhân Thất Nghiệp Tràn Lan – Hệ Thống Giáo Dục Đang Có Vấn Đề | BLV Đoàn Chình,zJAen9ZGAqI,13239,127
106,2.89,False,BLV Đoàn Chình,195,False,1247,False,2852,0.0264,False,True,False,False,True,True,False,False,77,18,1381,23,even,True,2026-04-20T12:31:11Z,bất động sản việt nam,78300,"Kinh Tế 2026: Hàng Quán Ăn Ế Ẩm, Kinh Doanh Thua Lỗ Khắp Nơi | BLV Đoàn Chình",sGG-Bohjh2Q,59675,563
107,0.75,False,BLV Đoàn Chình,42,False,1001,False,2100,0.0402,False,True,False,False,True,True,False,True,93,22,582,25,even,False,2026-04-19T13:40:02Z,bất động sản việt nam,78300,"Kinh Tế 2026: Fed, Đô La, Lạm Phát, Lãi Suất – Tất Cả Hoạt Động Như Thế Nào? | BLV Đoàn Chình",g-N4Yigld-M,15523,145
110,0.58,False,BLV Đoàn Chình,60,False,1438,False,3361,0.0347,False,True,False,False,True,True,False,False,66,15,356,23,even,False,2026-04-16T13:01:30Z,bất động sản việt nam,78300,Kinh Tế 2026: Việt Nam Có Đang Đi Theo Trung Quốc | BLV Đoàn Chình,i8ZZlCgdhRc,11978,109
112,0.57,False,BLV Đoàn Chình,38,False,1012,False,1656,0.0361,False,True,False,False,True,True,False,False,79,18,386,24,even,False,2026-04-14T13:02:01Z,bất động sản việt nam,78300,Bất Động Sản 2026: Dòng Tiền Chảy Về Đâu Khi Kinh Tế Suy Thoái | BLV Đoàn Chình,zIU2pqROV7s,11758,105
113,1.02,False,BLV Đoàn Chình,50,False,1168,False,2593,0.0302,False,True,False,False,True,True,False,False,77,18,582,19,even,False,2026-04-13T12:00:32Z,bất động sản việt nam,78300,"Kinh Tế 2026: Kinh Doanh Ế Ẩm, Cả Dãy Phố Đồng Loạt Đóng Cửa | BLV Đoàn Chình",E1ThRncTePw,20937,185
1,0.13,False,Bên này vui lắm,5,False,0,False,123,0.0385,False,True,False,False,False,False,False,False,94,18,490,0,,False,2026-08-04T13:00:24Z,quản lý tiền,77900,Lấy tôi ra làm bia đỡ đạn: làm chuyện xấu lại lôi người ta vào! #bennayvuilam #giaitri #shorts,kAP1zVwKbvE,12866,12866
1,0.11,False,Bên này vui lắm,3,False,0,False,158,0.0755,False,False,False,False,False,False,False,False,94,17,865,0,,False,2026-08-04T11:00:10Z,quản lý tiền,77900,Thân mật ở nơi công cộng: cợt nhả vợ ở nơi đông người! #bennayvuilam #giaitri #shorts #giadinh,Ha8-uMrjt4E,11503,11503
1,1.07,False,Bên này vui lắm,31,False,0,False,132,0.031,False,True,False,False,False,False,False,False,99,17,3312,0,,False,2026-08-04T07:00:24Z,quản lý tiền,77900,Mẹ chồng muốn con dâu hiếu thảo: gieo nhân nào gặt quả nấy! #bennayvuilam #giadinh #shorts #giaitri,XYo1wQQzHM8,107672,107672
1,1.64,False,Bên này vui lắm,34,False,0,False,156,0.0273,False,False,False,False,False,False,False,False,91,16,4481,0,,False,2026-08-04T05:00:20Z,quản lý tiền,77900,Dạy con kỹ năng giao tiếp: nhỏ không dạy lớn sẽ hư! #bennayvuilam #giadinh #giaitri #shorts,zspfqv2K1TU,165483,165483
1,0.16,False,Bên này vui lắm,7,False,0,False,126,0.03,False,True,False,False,True,False,False,False,98,20,463,0,even,False,2026-08-03T13:00:14Z,quản lý tiền,77900,Mưu hèn kế bẩn của tên cạn bã 2: xem thường phụ nữ để thấy mình thượng đẳng! #bennayvuilam #shorts,0jl9YSP8yxc,15651,15651
1,0.3,False,Bên này vui lắm,7,False,0,False,106,0.0251,False,False,False,False,True,False,False,False,94,19,764,0,odd,False,2026-08-03T11:00:16Z,quản lý tiền,77900,Mưu hèn kế bẩn của tên cận bã 1: mập mờ với bạn thân khác giới! #bennayvuilam #shorts #giaitri,YYALXKx_-PA,30674,30674
1,0.46,False,Bên này vui lắm,9,False,0,False,126,0.0201,False,False,False,False,True,False,False,False,98,20,914,0,even,False,2026-08-03T08:05:56Z,quản lý tiền,77900,Âm mưu siết nhà bạn thân 2: cái kết cho kẻ tính toán lại yêu đương mù quáng! #bennayvuilam #shorts,9V3GcWwGNhE,45918,45918
1,0.5,False,Bên này vui lắm,10,False,0,False,114,0.0197,False,False,False,False,True,False,False,False,88,16,989,0,odd,False,2026-08-03T03:00:28Z,quản lý tiền,77900,Âm mưu siết nhà bạn thân 1: tính toán bạn thân người yêu! #bennayvuilam #giaitri #shorts,bAQQXX6FEBc,50758,50758
2,7.07,False,Bên này vui lắm,47,False,0,False,163,0.0184,False,False,False,False,False,False,False,False,85,14,13036,0,,False,2026-08-02T13:00:12Z,quản lý tiền,77900,Chồng thích đi câu cá: toàn đi câu ngoài chợ! #bennayvuilam #giaitri #giadinh #shorts,AVsHaoc7Hsc,711995,355998
2,0.87,False,Bên này vui lắm,40,False,0,False,176,0.0259,False,False,False,False,False,False,False,False,96,16,2235,0,,False,2026-08-02T11:07:37Z,quản lý tiền,77900,Đối xử thiên vị trong gia đình: con dâu như người ngoài! #bennayvuilam #giaitri #giadinh #shorts,NX0h8UHMtLw,87964,43982
2,0.19,False,Bên này vui lắm,10,False,0,False,131,0.031,False,False,False,False,True,False,False,False,100,18,589,0,even,False,2026-08-02T05:15:11Z,quản lý tiền,77900,"Tình yêu vượt khoảng cách 2: chỉ cần kiên định, tình yêu sẽ vững bền #bennayvuilam #phimhay #giadinh",MB7wVOfEi-0,19345,9672
2,0.35,False,Bên này vui lắm,6,False,0,False,114,0.0278,False,False,False,False,True,False,False,False,97,18,976,0,odd,False,2026-08-02T02:58:46Z,quản lý tiền,77900,Tình yêu vượt khoảng cách 1: sự quan tâm khi yêu xa thật vô nghĩa! #bennayvuilam #shorts #giaitri,KYBGe_ll0AY,35286,17643
3,1.16,False,Bên này vui lắm,24,False,0,False,176,0.0296,False,False,False,False,False,False,False,False,95,19,3440,0,,False,2026-08-01T11:53:46Z,quản lý tiền,77900,Hi sinh của vợ khi mang thai: các anh chồng hãy thấu hiểu cho chị em nhé #bennayvuilam #giadinh,zclkpd_mVSU,116963,38988
3,4.46,False,Bên này vui lắm,48,False,0,False,118,0.0181,False,True,False,False,False,False,False,False,95,19,8093,0,,False,2026-08-01T09:14:49Z,quản lý tiền,77900,Mẹ chồng khôn lỏi: trốn con dâu đi du lịch ngày ở cử và cái kết! #bennayvuilam #giaitri #shorts,-EmX21kXcAg,449388,149796
3,3.02,False,Bên này vui lắm,5,False,0,False,154,0.0213,False,False,False,False,True,False,False,False,83,15,6466,0,odd,False,2026-08-01T05:16:20Z,quản lý tiền,77900,Cuộc chiến mà mới mà cũ 3: ngày nào cũng gây chuyện! #bennayvuilam #giaitri #shorts,sWES5O5aPsg,304169,101390
3,0.41,False,Bên này vui lắm,16,False,0,False,175,0.0381,False,False,False,False,False,False,False,False,92,17,1544,0,,False,2026-08-01T02:27:52Z,quản lý tiền,77900,Cẩn trọng khi nghe lời khuyên: bạn khuyên gì liền làm theo và cái kết! #bennayvuilam #shorts,BmbkrUCPaNs,40892,13631
4,1.52,False,Bên này vui lắm,32,False,0,False,171,0.0222,False,False,False,False,False,False,False,False,99,17,3370,0,,False,2026-07-31T13:00:00Z,quản lý tiền,77900,Tiêu tiền đúng nơi đúng chỗ: giấu tiền tiết kiệm với bố mẹ! #bennayvuilam #giaitri #giadinh #shorts,Z2oTwn5mWqU,152935,38234
4,2.67,False,Bên này vui lắm,27,False,0,False,164,0.017,False,True,False,False,False,False,False,False,87,17,4554,0,,False,2026-07-31T11:19:09Z,quản lý tiền,77900,Mẹ chồng tính lợi dụng con dâu: đón con gái về nhà ở cử! #bennayvuilam #giadinh #shorts,zTsVLBbLP8o,268868,67217
4,5.18,False,Bên này vui lắm,60,False,0,False,108,0.017,False,True,False,False,False,False,False,False,97,17,8810,0,,False,2026-07-31T09:06:53Z,quản lý tiền,77900,Mẹ chồng đi quá giới hạn: ngủ chung với con trai con dâu! #bennayvuilam #giaitri #giadinh #shorts,1TleV0VetOM,522105,130526
4,0.58,False,Bên này vui lắm,6,False,0,False,148,0.0254,False,False,False,False,False,False,False,False,60,10,1487,0,,False,2026-07-31T05:05:06Z,quản lý tiền,77900,Tính vụ lợi gặp ngay cao thủ! #bennayvuilam #giaitri #shorts,ROQqBhE7VwM,58753,14688
5,1.22,False,Bên này vui lắm,17,False,0,False,145,0.0229,False,False,False,False,False,False,False,False,88,15,2803,0,,False,2026-07-30T11:41:44Z,quản lý tiền,77900,Địa vị người vợ nội trợ: đưa tay xin tiền chồng! #bennayvuilam #giaitri #giadinh #shorts,4NweiYgSoBA,123031,24606
5,4.83,False,Bên này vui lắm,108,False,0,False,138,0.0158,False,True,False,False,True,False,False,False,92,17,7601,0,even,False,2026-07-30T07:00:38Z,quản lý tiền,77900,Mẹ có phân biệt con gái con dâu 2: chồng yêu ra mặt! #bennayvuilam #giadinh #giaitri #shorts,CGaCM5Cbf3U,486391,97278
5,0.93,False,Bên này vui lắm,31,False,0,False,98,0.0191,False,True,False,False,True,False,False,False,95,20,1762,0,odd,False,2026-07-30T05:16:48Z,quản lý tiền,77900,Mẹ có phân biệt con gái con dâu 1: con gái là vàng con dâu là người dưng! #bennayvuilam #shorts,MRP4Zggn4Cc,93844,18769
5,0.53,False,Bên này vui lắm,12,False,0,False,161,0.0242,False,True,False,False,False,False,False,False,99,19,1285,0,,False,2026-07-30T02:52:44Z,quản lý tiền,77900,Bạn xem mình lag cây ATM: chơi với bạn hết mình bạn chơi lại hết hồn! #bennayvuilam #giaitri #short,G_bBHFTjcVE,53555,10711
6,2.69,False,Bên này vui lắm,36,False,0,False,152,0.0224,True,False,False,False,False,False,False,False,90,14,6043,0,,True,2026-07-29T11:30:13Z,quản lý tiền,77900,"Thực tập sinh tưởng nghèo, ai ngờ giàu không tưởng! #bennayvuilam #giaitri #shorts #congso",OlgElcjgOjU,271425,45238
6,14.28,False,Bên này vui lắm,82,False,0,False,150,0.0165,False,True,False,False,False,False,False,False,89,15,23626,0,,False,2026-07-29T09:10:42Z,quản lý tiền,77900,Sỉ diện ảo và hậu quả của việc thích khoe khoang! #bennayvuilam #giaitri #shorts #giadinh,j5L3ZFq3TyI,1439072,239845
6,0.51,False,Bên này vui lắm,12,False,0,False,176,0.026,False,False,False,False,False,False,False,False,95,17,1313,0,,False,2026-07-29T05:18:59Z,quản lý tiền,77900,"Gia đình chồng trong mơ, ba mẹ hồng trẻ trung tư tưởng hiện đại! #bennayvuilam #shorts #giadinh",4T2cdpOeixk,50934,8489
6,8.62,False,Bên này vui lắm,61,False,0,False,154,0.0145,False,True,False,False,False,False,False,False,97,20,12568,0,,False,2026-07-29T03:12:01Z,quản lý tiền,77900,"Mẹ có chê con dâu không biết tiết kiệm, tự mình quản lý chi tiêu và cái kết #bennayvuilam #shorts",PkX8a11Qb4k,868447,144741
7,0.43,False,Bên này vui lắm,6,False,0,False,84,0.0207,False,False,False,False,False,False,False,False,82,15,891,0,,False,2026-07-28T09:36:25Z,quản lý tiền,77900,Sống chậm lại một chút mọi chuyện có lẽ sẽ tốt hơn! #bennayvuilam #giaitri #shorts,_-g_onyueMc,43320,6189
7,2.07,False,Bên này vui lắm,158,False,0,False,147,0.0269,False,False,False,False,False,False,False,False,79,14,5446,0,,False,2026-07-28T09:27:57Z,quản lý tiền,77900,Ở cùng phòng với đứa vô duyên nó khó chịu ghê #bennayvuilam #phimhay #thuocphim,j3XT9IUL6tE,208172,29739
899,4.03,False,Gamming Evoltion youtube,7,False,0,False,59,0.0219,False,True,False,False,True,False,False,False,78,11,144,8,even,False,2024-02-17T07:12:04Z,kể chuyện lịch sử,77300,Vì quá vội vàng và...#mrbeast #tachkeo #edit #edit4k #capcut #daylight #shorts,mMT8MW8czAI,6883,8
899,1.7,False,Gamming Evoltion youtube,1,False,0,False,29,0.0282,False,False,False,False,False,False,False,False,36,4,81,0,,False,2024-02-16T15:49:29Z,kể chuyện lịch sử,77300,Thank you!#edit #oppahuyidol #shorts,qZpL7W4dSdE,2907,3
940,1.21,False,Gamming Evoltion youtube,1,False,0,False,29,0.0257,False,False,False,False,True,False,False,False,58,6,52,15,odd,False,2024-01-07T10:00:00Z,kể chuyện lịch sử,77300,#kamenrider #kamenriderryuki #13rider  #edit #4k   #shorts,-Crfy4Mqq8M,2066,2
942,8.61,False,Gamming Evoltion youtube,2,False,0,False,13,0.0289,False,False,False,False,True,False,False,False,44,5,423,7,even,False,2024-01-05T13:16:00Z,kể chuyện lịch sử,77300,#oppahuyidol #huyseoul #edit #edit4k #shorts,fEvAy5eP5Yg,14723,16
942,0.88,False,Gamming Evoltion youtube,0,False,0,False,29,0.0286,False,False,False,False,True,False,False,False,66,7,43,6,even,False,2024-01-04T17:00:10Z,kể chuyện lịch sử,77300,#kamenrider #heiseirider #kamenrideredit #edit #edit4k #4k #shorts,ARX8MwSH2to,1503,2
943,1.12,False,Gamming Evoltion youtube,2,False,0,False,29,0.025,False,False,False,False,True,False,False,False,41,5,46,7,odd,False,2024-01-04T10:00:19Z,kể chuyện lịch sử,77300,#wonka2023 #mrbeast #edit #edit4k #shorts,GIrFx0hi9QY,1917,2
944,20.35,False,Gamming Evoltion youtube,7,False,0,False,12,0.0222,False,False,False,False,True,False,False,False,54,6,767,7,even,False,2024-01-03T10:00:10Z,kể chuyện lịch sử,77300,#oppahuyidol #huyseoul #sêlốchuy #edit #edit4k #shorts,HNr5hsahUzY,34792,37
945,4.11,False,Gamming Evoltion youtube,0,False,0,False,25,0.0263,False,False,False,False,True,False,False,False,55,6,185,7,even,False,2024-01-02T10:00:07Z,kể chuyện lịch sử,77300,#oppahuyidol  #huyseoul #edit #edit4k #selochuy #shorts,9Yi5kNOJyTo,7030,7
946,0.83,False,Gamming Evoltion youtube,0,False,0,False,22,0.0226,False,False,False,False,True,False,False,False,89,9,32,8,odd,False,2024-01-01T10:00:17Z,kể chuyện lịch sử,77300,#timotheechalamet #wonkamovie #wonka #wonka2023 #capcut #edit #shorts #chocolate #factory,ehEcs_0E0LQ,1418,1
947,18.42,False,Gamming Evoltion youtube,6,False,0,False,59,0.0221,False,False,False,False,False,False,False,False,51,5,690,4,,False,2023-12-31T10:00:39Z,kể chuyện lịch sử,77300,#oppahuyidol #oppahuyseoul #lupin #selochuy #shorts,waGUYoEdWsA,31498,33
948,2.26,False,Gamming Evoltion youtube,1,False,0,False,34,0.0171,False,False,False,False,True,False,False,False,93,11,65,2,even,False,2023-12-30T10:00:10Z,kể chuyện lịch sử,77300,#vevechannel #vevetravel  #youtube #youtuber #evolution #edit #edit4k #4k #2019 #2023 #shorts,K8Vx9c3E_6g,3861,4
949,2.76,False,Gamming Evoltion youtube,2,False,0,False,30,0.0174,False,False,False,False,True,False,False,False,92,9,80,12,odd,False,2023-12-29T10:00:32Z,kể chuyện lịch sử,77300,#oppahuyidol #evolution #youtube #youtuber #youtubeshorts #2021 #2023 #kynangsongvui #shorts,XyV-r_RmtEs,4726,5
950,0.7,False,Gamming Evoltion youtube,0,False,0,False,31,0.0369,False,False,False,False,True,False,False,False,92,11,44,9,even,False,2023-12-28T10:00:10Z,kể chuyện lịch sử,77300,#youtube #youtubeshorts #review #phongcantv #2018 #2023 #evolution #edit #edit4k #4k #shorts,B6qhnXjm3t8,1191,1
952,0.63,False,Gamming Evoltion youtube,0,False,0,False,34,0.0336,False,False,False,False,True,False,False,False,71,10,36,0,odd,False,2023-12-26T13:35:00Z,kể chuyện lịch sử,77300,#mrbeast #evolution #2015 #2023 #dog #edit #edit4k #4k #shorts #youtube,QF2eUz_IL_M,1071,1
952,0.66,False,Gamming Evoltion youtube,1,False,0,False,30,0.0231,False,False,False,False,True,False,False,False,83,8,25,7,even,False,2023-12-26T10:00:23Z,kể chuyện lịch sử,77300,#dekaranger #20years #dekaranger20year #supersentaiseries #edit #edit4k #4k #shorts,fx8n9eMkLLE,1124,1
953,20.84,False,Gamming Evoltion youtube,18,False,0,False,40,0.0144,False,False,False,False,True,False,False,False,65,8,494,9,even,False,2023-12-25T10:00:13Z,kể chuyện lịch sử,77300,#lupin #selochuy #oppahuyidol #edit #edit4k #4k #capcut   #shorts,Rz2tVxgNRxQ,35637,37
954,11.21,False,Gamming Evoltion youtube,1,False,0,False,40,0.0172,False,False,False,False,True,False,False,False,54,6,329,8,even,False,2023-12-23T23:00:18Z,kể chuyện lịch sử,77300,#selochuy #oppahuyidol #toila #edit #edit4k #centuries,Rg9tmKP78_M,19163,20
955,12.75,False,Gamming Evoltion youtube,23,False,0,False,47,0.0156,False,False,False,False,True,False,False,False,56,5,318,0,even,False,2023-12-23T05:28:47Z,kể chuyện lịch sử,77300,#lupin #oppahuyidol #selochuy #after #10yearsanniversary,-I6HjHtKx_4,21811,23
956,0.75,False,Gamming Evoltion youtube,0,False,0,False,47,0.0241,False,False,False,False,True,False,False,False,59,7,31,8,even,False,2023-12-22T14:27:18Z,kể chuyện lịch sử,77300,#gavan #sword #spacesquad #dekaranger #edit #edit4k #shorts,30vsJdSxjMk,1287,1
966,0.31,False,Gamming Evoltion youtube,0,False,0,False,28,0.0324,False,True,False,False,False,False,False,True,24,5,17,0,,False,2023-12-12T10:00:22Z,kể chuyện lịch sử,77300,Đố bạn đây là ai?#shorts,XXVxdgzK2sg,525,1
967,2.01,False,Gamming Evoltion youtube,3,False,0,False,55,0.0213,False,False,False,False,True,False,False,True,64,13,70,0,even,False,2023-12-11T10:00:36Z,kể chuyện lịch sử,77300,Dekaranger biến hình 10 năm trước và sau sẽ như thế nào? #shorts,oT5WvdtG5Ak,3430,4
968,0.34,False,Gamming Evoltion youtube,0,False,11,False,54,0.0275,False,False,False,False,True,False,False,False,45,7,16,0,even,False,2023-12-10T08:57:28Z,kể chuyện lịch sử,77300,Khi tôi tua nhanh 2.0x đoạn opening-p1#shorts,NvADEz_OCIg,581,1
968,8.64,False,Gamming Evoltion youtube,7,False,55,False,55,0.0168,False,False,False,False,True,False,False,True,61,12,241,0,even,False,2023-12-10T07:46:15Z,kể chuyện lịch sử,77300,Gokaiger biến hình 10 năm trước và sau sẽ như thế nào?#shorts,ns7rv1lT-9I,14779,15
974,0.22,False,Gamming Evoltion youtube,0,False,531,False,121,0.0134,False,False,False,False,False,False,False,False,26,5,5,0,,False,2023-12-04T09:45:03Z,kể chuyện lịch sử,77300,Kamen rider Ryuki all form,sSCJsOBcD6c,373,0
975,0.4,False,Gamming Evoltion youtube,0,False,69,False,15,0.0251,False,False,False,False,True,False,False,False,36,7,17,0,odd,False,2023-12-03T10:00:34Z,kể chuyện lịch sử,77300,Bản gốc và bản chuyển hóa-p3 #shorts,evefgZ32zTM,676,1
975,0.74,False,Gamming Evoltion youtube,0,False,46,False,34,0.0204,False,False,False,False,False,False,False,False,34,6,26,0,,False,2023-12-03T09:45:00Z,kể chuyện lịch sử,77300,Kamen rider Agito all form #shorts,0Z8HUhb2LAc,1273,1
976,0.16,False,Gamming Evoltion youtube,0,False,61,False,15,0.0368,False,False,False,False,True,False,False,False,36,7,10,0,even,False,2023-12-02T10:00:37Z,kể chuyện lịch sử,77300,Bản gốc và bản chuyển hóa-p2 #shorts,lPp6o5Pfrlc,272,0
976,0.35,False,Gamming Evoltion youtube,0,False,27,False,51,0.0284,False,False,False,False,False,False,False,False,33,5,17,0,,False,2023-12-02T09:45:01Z,kể chuyện lịch sử,77300,Kamen rider Kuuga all form#shorts,XaSP3REitT4,599,1
977,0.18,False,Gamming Evoltion youtube,0,False,71,False,15,0.0197,False,False,False,False,False,False,False,False,33,7,6,0,,False,2023-12-01T10:00:08Z,kể chuyện lịch sử,77300,Bản gốc và bản chuyển hóa #shorts,5PA8j3I4IMo,305,0
977,0.34,False,Gamming Evoltion youtube,2,False,0,False,26,0.0227,False,False,False,False,False,False,False,True,72,10,11,0,,False,2023-12-01T09:45:01Z,kể chuyện lịch sử,77300,Kamen rider qua các thời kỳ #showarider #heiseirider #reiwarider #shorts,xoef-9HzYb8,573,1
1,4.25,False,CCCS,0,False,1665,False,,0.0158,False,False,False,False,True,True,False,False,78,17,525,0,odd,False,2026-08-04T01:46:58Z,giá vàng phân tích,76600,Trực tiếp giá vàng hôm nay  5/8/2026 | Bảng giá vàng sjc 9999 24k 18k mới nhất,XNlzo4pdTw0,33332,33332
1,3.33,False,CCCS,0,False,1833,False,42900,0.0183,False,True,False,False,True,True,False,False,82,18,478,0,even,False,2026-08-04T01:24:59Z,giá vàng phân tích,76600,Trực tiếp giá vàng ngày 4/08/2026 | Bảng giá vàng sjc 9999 24k 18k mới nhất | CCCS,AnoAFOVyIYI,26104,26104
1,0.1,False,CCCS,0,False,1833,False,193,0.0487,False,True,False,False,True,True,False,False,82,18,40,0,odd,False,2026-08-03T12:21:07Z,giá vàng phân tích,76600,Trực tiếp giá vàng ngày 03/8/2026 | Bảng giá vàng sjc 9999 24k 18k mới nhất | CCCS,KLxAaKpec-s,822,822
1,0.1,False,CCCS,0,False,1833,False,140,0.0474,False,True,False,False,True,True,False,False,83,18,39,0,odd,False,2026-08-03T12:11:03Z,giá vàng phân tích,76600,Trực tiếp giá vàng ngày 03/08/2026 | Bảng giá vàng sjc 9999 24k 18k mới nhất | CCCS,OGl4qF28rNY,823,823
1,0.98,False,CCCS,0,False,1833,False,8875,0.026,False,True,False,False,True,True,False,False,83,18,199,0,odd,False,2026-08-03T12:05:15Z,giá vàng phân tích,76600,Trực tiếp giá vàng ngày 03/08/2026 | Bảng giá vàng sjc 9999 24k 18k mới nhất | CCCS,Aqwpm1PSkNg,7663,7663
1,0.03,False,CCCS,1,False,273,False,25,0.0145,False,False,False,False,False,False,False,False,19,5,2,0,,False,2026-08-02T23:17:26Z,giá vàng phân tích,76600,Điểm săn mây tắk pổ,Gvv2Xansuiw,207,207
2,0.83,False,CCCS,0,False,2273,False,24609,0.0244,False,True,False,False,True,True,False,False,81,18,158,0,odd,False,2026-08-01T15:31:28Z,giá vàng phân tích,76600,Trực tiếp giá vàng hôm nay ngày 1/8/2026 | Bảng giá vàng 9999 SJC mới nhất | CCCS,L-QGaJcfWNw,6485,3242
3,0.08,False,CCCS,1,False,288,False,340,0.0635,False,True,False,False,True,False,False,False,59,10,37,14,odd,False,2026-08-01T03:46:14Z,giá vàng phân tích,76600,"Giá vàng hôm nay 1/8/2026: SJC ""bốc hơi"" 900.000 đồng/lượng",3NPxoRhS5QQ,598,199
4,0.02,False,CCCS,0,False,752,False,355,0.042,False,False,False,False,True,False,False,False,92,16,6,0,odd,False,2026-07-31T07:38:17Z,giá vàng phân tích,76600,Giá vàng hôm nay 31/7/2026: Biến động trái chiều từ giảm 500.000 đến tăng 800.000 đồng/lượng,ENIEKLGX4MI,143,36
5,1.45,False,CCCS,0,False,2296,False,7864,0.0212,False,True,False,False,True,True,False,False,79,17,241,0,even,False,2026-07-30T08:50:12Z,giá vàng phân tích,76600,Trực tiếp giá vàng chiều nay 30/7/2026 | Bảng giá vàng 9999 SJC mới nhất | CCCS,noMEHkE0SRk,11374,2275
5,0.04,False,CCCS,0,False,393,False,129,0.0214,False,False,False,False,True,False,False,False,96,16,7,0,even,False,2026-07-30T08:38:31Z,giá vàng phân tích,76600,Giá vàng chiều nay 30/7/2026: Biến động trái chiều từ giảm 500.000 đến tăng 1.000.000 đồng/lượng,StS6Kjz_94U,327,65
5,1.48,False,CCCS,0,False,2306,False,7652,0.0227,False,True,False,False,True,True,False,False,77,17,263,0,even,False,2026-07-30T06:21:08Z,giá vàng phân tích,76600,Trực tiếp giá vàng hôm nay 30/7/2026 | Bảng giá vàng 9999 SJC mới nhất | CCCS,xk7vUY2cuYk,11589,2318
5,0.54,False,CCCS,1,False,2087,False,3032,0.0281,False,True,False,False,True,True,False,False,79,17,118,0,odd,False,2026-07-29T20:53:50Z,giá vàng phân tích,76600,Trực tiếp giá vàng chiều nay 29/7/2026 | Bảng giá vàng 9999 SJC mới nhất | CCCS,eH1Ao2t5_l0,4228,846
6,1.32,False,CCCS,0,False,2087,False,8511,0.0254,False,True,False,False,True,True,False,False,73,16,264,0,odd,False,2026-07-29T07:26:06Z,giá vàng phân tích,76600,Trực tiếp giá vàng nay 29/7/2026 | Bảng giá vàng 9999 SJC mới nhất | CCCS,xt8xTI-J9wQ,10378,1730
6,4.49,False,CCCS,1,False,2081,False,42899,0.0159,False,True,False,False,True,True,False,False,78,17,557,0,odd,False,2026-07-29T04:43:51Z,giá vàng phân tích,76600,Trực tiếp giá vàng nay ngày 29/7/2026 | Bảng giá vàng 9999 SJC mới nhất | CCCS,xupnbz1w6Kg,35194,5866
6,0.08,False,CCCS,0,False,397,False,343,0.0393,False,False,False,False,True,False,False,False,72,14,24,0,odd,False,2026-07-29T04:08:49Z,giá vàng phân tích,76600,"Giá vàng hôm nay 29/7/2026: Vàng thế giới đi ngang, trong nước giảm mạnh",jIaxXJPqT8I,610,102
6,0.89,False,CCCS,0,False,1951,False,5980,0.0249,False,True,False,False,True,True,False,False,75,16,173,0,even,False,2026-07-28T20:51:54Z,giá vàng phân tích,76600,Trực tiếp giá vàng chiều nay 28/7/2026 | Giá vàng 9999 SJC giảm mạnh | CCCS,wCoBQ4HP9NQ,6949,1158
7,1.02,False,CCCS,0,False,2081,False,9776,0.0203,False,True,False,False,True,True,False,False,69,15,163,0,even,False,2026-07-28T11:45:48Z,giá vàng phân tích,76600,Trực tiếp giá vàng nay 28/7/2026 | Giá vàng 9999 SJC giảm mạnh | CCCS,GId_apFROfM,8024,1146
7,1.55,False,CCCS,1,False,1951,False,11391,0.0245,False,True,False,False,True,True,False,False,72,16,296,0,even,False,2026-07-28T06:13:23Z,giá vàng phân tích,76600,Trực tiếp giá vàng hôm nay 28/7/2026 | Giá vàng 9999 SJC mới nhất | CCCS,_dOlTT-JEO8,12146,1735
7,6.03,False,CCCS,2,False,2083,False,42900,0.0132,False,True,False,False,True,True,False,False,73,16,621,0,even,False,2026-07-28T04:02:44Z,giá vàng phân tích,76600,Trực tiếp giá vàng hôm nay 28/7/2026 | Giá vàng 9999 SJC tăng mạnh | CCCS,v1GYatUB9pM,47323,6760
7,0.14,False,CCCS,0,False,599,False,300,0.0324,False,True,False,False,True,False,False,False,51,10,36,0,even,False,2026-07-28T03:38:40Z,giá vàng phân tích,76600,Giá vàng hôm nay 28/7/2026: Vàng 9999 SJC giảm mạnh,VDQZmKWlxt8,1111,159
10,0.25,False,CCCS,2,False,2338,False,410,0.0304,False,True,False,False,True,True,False,False,74,16,57,0,odd,False,2026-07-25T10:38:17Z,giá vàng phân tích,76600,Trực tiếp giá vàng hôm nay 25/07/2026 | Giá vàng 9999 SJC tăng mạnh | CCCS,py2IhNFi3po,1938,194
10,1.1,False,CCCS,0,False,2006,False,14815,0.0248,False,True,False,False,True,True,False,False,73,16,214,0,odd,False,2026-07-25T04:21:04Z,giá vàng phân tích,76600,Trực tiếp giá vàng hôm nay 25/07/2026 | Giá vàng 9999 SJC mới nhất | CCCS,lAMV8jmlqxY,8632,863
10,5.39,False,CCCS,0,False,2100,False,42900,0.0139,False,True,False,False,True,True,False,False,72,16,587,0,odd,False,2026-07-25T00:13:26Z,giá vàng phân tích,76600,Trực tiếp giá vàng hôm nay 25/7/2026 | Giá vàng 9999 SJC mới nhất | CCCS,52xtDrsJRGo,42274,4227
11,0.2,False,CCCS,1,False,560,False,350,0.0232,False,False,False,False,True,False,False,False,60,12,36,0,even,False,2026-07-24T06:15:11Z,giá vàng phân tích,76600,Giá vàng hôm nay 24/7/2026: Vàng 9999 sjc tiếp tục giảm mạnh,ZJPG_Q9re4M,1595,145
12,2.22,False,CCCS,0,False,2153,False,15179,0.0178,False,True,False,False,True,True,False,False,82,17,310,0,odd,False,2026-07-23T11:46:38Z,giá vàng phân tích,76600,Trực tiếp giá vàng hôm nay 23/07/2026 | Giá vàng SJC giảm sốc 7 triệu/lượng | CCCS,PJp-U7A9oE8,17424,1452
13,1.03,False,CCCS,0,False,383,False,26,0.0033,False,True,False,False,True,False,False,False,90,18,27,0,even,False,2026-07-22T03:27:46Z,giá vàng phân tích,76600,"Giá vàng hôm nay 22/7/2026: SJC tăng lên 147 triệu, thế giới cũng ghi nhận phiên tăng mạnh",1Z2tqfD_GQA,8060,620
14,0.29,False,CCCS,1,False,514,False,34,0.007,False,False,False,False,True,False,False,False,80,15,15,0,odd,False,2026-07-21T04:08:16Z,giá vàng phân tích,76600,"Giá vàng hôm nay 21/7/2026: Thế giới tăng, vàng trong nước điều chỉnh trái chiều",Q0MhJRXGZ8Q,2297,164
15,7.51,False,CCCS,0,False,2011,False,32707,0.0109,False,True,False,False,True,True,False,False,72,16,641,0,even,False,2026-07-20T13:42:46Z,giá vàng phân tích,76600,Trực tiếp giá vàng hôm nay 20/7/2026 | Giá vàng 9999 SJC mới nhất | CCCS,5CG_KwjKc8s,58886,3926
16,2.17,False,CCCS,0,False,2086,False,40494,0.0107,False,True,False,False,True,True,False,False,74,16,182,0,odd,False,2026-07-18T23:41:22Z,giá vàng phân tích,76600,Trực tiếp giá vàng hôm nay 19/07/2026 | Giá vàng 9999 SJC giảm mạnh | CCCS,bPcpe9y2yCI,16986,1062
123,1.06,False,The Facts Flow,17,False,1055,False,801,0.0369,False,True,True,False,False,False,False,False,99,18,118,5,,False,2026-04-03T09:30:34Z,psychology facts,75900,कोई आपको तड़प कर याद कर रहा है😭टेलीपैथी संकेत😟 koi aapko yaad kar raha hai.. Psychology facts #love,qpEQ-NizLG4,3662,30
132,0.17,False,The Facts Flow,3,False,497,False,453,0.0783,False,True,True,False,False,True,False,False,99,18,44,4,,False,2026-03-25T09:30:12Z,psychology facts,75900,वो तुम्हारे लिए तड़प रहा है जिसे तुम ढूंढ रहे हो😱 Mind blowing facts | univers massges |#astrology ,PIgkexFLEDg,600,5
134,1.56,False,The Facts Flow,3,False,690,False,818,0.0267,False,True,True,False,True,True,False,False,89,19,141,13,odd,False,2026-03-23T09:30:34Z,psychology facts,75900,7 संकेत आप आज भी उनके दिमाग़ में हो😱कोई आपको याद कर रो रहा है😢 | Mind blowing psychology ,lk-y8_oY9hc,5402,40
238,1.09,False,The Facts Flow,4,False,978,False,659,0.0275,False,True,True,False,True,True,False,False,89,17,100,16,odd,False,2025-12-09T09:30:12Z,psychology facts,75900,13 संकेत जो बताते हैं कि आप उनके दिमाग से निकल ही नहीं रहे😟 psychology facts| #lovefacts ,KAa1jBBRbsU,3775,16
249,0.76,False,The Facts Flow,11,False,89,False,744,0.0401,False,True,False,False,False,True,False,False,90,13,94,13,,False,2025-11-28T09:30:49Z,psychology facts,75900,कोई आपको लगातार याद कर तड़प रहा है| psychological facts| #psycholgyfacts #lovefacts #love ,ztmALzbKWko,2617,11
252,1.65,False,The Facts Flow,11,False,87,False,847,0.0328,False,True,False,False,False,True,False,False,88,13,176,12,,False,2025-11-25T09:30:01Z,psychology facts,75900,कोई आपको दिन-रात याद कर तड़प रहा है| Psychology Facts| #psycholgyfacts #love #lovefacts ,2RFyCDPqGI8,5694,23
259,2.36,False,The Facts Flow,23,False,195,False,742,0.0288,False,True,False,False,True,True,False,True,96,18,212,15,even,False,2025-11-18T09:30:14Z,psychology facts,75900,क्या आप दोनों एक-दूसरे की याद में तड़प रहे हैं? जानिए 10 संकेत |  Mind blowing psychology facts ,GqIJuqX8hnM,8151,31
263,0.89,False,The Facts Flow,17,False,1136,False,1108,0.0363,False,True,True,False,False,True,False,False,100,14,95,12,,False,2025-11-14T09:30:24Z,psychology facts,75900,कोई आपको बहुत याद कर रहा है🥺और आपसे संपर्क करना चाहता है😨physiological facts|#motivation #lovefacts ,KazRFP2J-aQ,3085,12
266,0.9,False,The Facts Flow,17,False,623,False,880,0.0379,False,True,False,False,False,False,False,True,82,13,101,16,,False,2025-11-11T09:30:34Z,psychology facts,75900,आपका दिल दिमाग उसे क्यों नहीं भूल पाता ? Psychology facts #motivation #psychology ,ecSTBX-G2yg,3115,12
270,7.28,False,The Facts Flow,48,False,1050,False,795,0.0286,False,True,False,False,True,True,False,False,95,17,673,15,even,False,2025-11-07T09:30:28Z,psychology facts,75900,4 संकेत आप दोनो एक दूसरे को याद कर तड़प रहे हैं| psychology facts #love #lovefacts #motivation ,s5NgAmE0WQw,25192,93
273,1.17,False,The Facts Flow,8,False,753,False,742,0.0293,False,True,False,False,True,False,False,False,85,15,110,17,odd,False,2025-11-04T09:30:18Z,psychology facts,75900,3 संकेत कोई तुम्हारे बारे में लगातार सोचकर तड़प रहा है ।mind blowing psychology facts,UgETUH83r-M,4031,15
280,0.25,False,The Facts Flow,1,False,511,False,760,0.0476,False,True,True,False,False,False,False,True,84,15,40,8,,False,2025-10-28T09:30:00Z,psychology facts,75900,जब कोई औरत तुम्हें भूल नहीं पाती पर फिर भी बात नहीं करती🥺असली कारण? #psycholgyfacts ,0Kylv11fDsY,862,3
284,1.44,False,The Facts Flow,7,False,531,False,825,0.0342,False,True,True,False,True,True,False,False,95,14,164,15,odd,False,2025-10-24T09:30:25Z,psychology facts,75900,7 संकेत कोई आपको दिन-रात याद कर तड़प रहा है|😳interesting psychological facts #love #psychology ,lVrBfNSpgpw,4996,18
286,0.63,False,The Facts Flow,1,True,1252,False,571,0.0329,False,True,False,False,False,True,False,False,77,15,71,14,,False,2025-10-22T09:30:03Z,psychology facts,75900,अगर कोई हमेशा याद आता है — Universe का Secret Message | Mind Connection Facts,7bqzKvv-9bQ,2190,8
291,0.18,False,The Facts Flow,3,False,1334,False,547,0.0519,False,True,True,False,False,True,False,False,88,14,29,15,,False,2025-10-17T09:30:39Z,psychology facts,75900,क्यों कोई जिंदगी में आकर प्यार करके धोखा देता है😫 कार्मिक रिश्ता| #psycholgyfacts #love ,wi6eXWx5X9M,617,2
294,9.69,False,The Facts Flow,61,False,1090,False,690,0.0317,False,True,False,False,True,True,False,True,96,19,1001,13,even,False,2025-10-14T09:30:37Z,psychology facts,75900,क्या आप दोनों एक-दूसरे की याद में तड़प रहे हैं? जानिए 4 संकेत | 4 Mind blowing psychology facts ,zEbbkA2MRaw,33521,114
298,0.18,False,The Facts Flow,1,False,534,False,461,0.044,False,True,False,False,False,False,False,True,88,15,26,17,,False,2025-10-10T09:30:18Z,psychology facts,75900,"जब आपको सिर्फ option समझा जाए, priority नहीं क्या करें? The Facts Flow #love #lovefacts ",Z6MbezEA8Os,614,2
301,0.55,False,The Facts Flow,2,False,1009,False,749,0.0313,False,True,False,False,True,False,False,True,95,17,58,15,even,False,2025-10-07T09:30:21Z,psychology facts,75900,आप उन्हें भूल क्यों नहीं पा रहे? ये 10 Psychology Facts सच बता देंगे!  Mind blowing psychology ,b1bfyQtwBFw,1917,6
305,0.94,False,The Facts Flow,2,False,1591,False,1232,0.0289,False,True,True,False,False,True,False,False,99,18,92,12,,False,2025-10-03T09:30:30Z,psychology facts,75900,यही कारण होता है आप उस इंसान के बारे सोचना बंद नहीं कर पाते😥 Psychological facts| #lovefacts #love ,yY-CsUKXNOw,3255,11
306,1.92,False,The Facts Flow,6,False,320,False,80,0.0376,False,True,True,False,False,False,False,False,98,21,244,0,,False,2025-10-02T11:30:12Z,psychology facts,75900,"अगर कोई इंसान बार-बार याद आता है — तो ये इशारा है, उसका नहीं… आपके अपने दिल का😯 love facts #shorts",9-vtD55kfI8,6657,22
308,8.34,False,The Facts Flow,68,False,154,False,684,0.0346,False,True,True,False,False,True,False,True,84,13,931,18,,False,2025-09-30T09:30:22Z,psychology facts,75900,लगातार किसी को याद करना…क्या वो भी आपको सोच रहा है?😥Psychological Facts| #motivation,Lnzlk6j1tDk,28832,94
311,23.46,False,The Facts Flow,85,False,558,False,168,0.0577,False,True,False,False,True,False,False,False,96,19,4599,10,even,False,2025-09-27T11:30:46Z,psychology facts,75900,अगर ये 4 संकेत दिखें तो समझ जाइए: कोई आपको बहुत याद कर रहा है! #ForYouPage #FYP #MissYou #Shorts,j-kntAdLFag,81141,261
312,1.84,False,The Facts Flow,12,False,916,False,516,0.0365,False,True,True,False,True,True,False,False,99,22,220,13,odd,False,2025-09-26T09:30:07Z,psychology facts,75900,अगर ये 5 बातें हो रही हैं… तो कोई चुपचाप आपको बहुत मिस कर रहा है 😳 Psychology Facts in Hindi |#love,G3JaSW9UxYM,6353,20
314,0.4,False,The Facts Flow,1,False,1414,False,988,0.0343,False,True,False,False,True,True,False,False,98,23,46,14,odd,False,2025-09-24T09:30:05Z,psychology facts,75900,ये 7 Signs साबित करते हैं कि वो अभी भी आपको Miss कर रहा है (भले कुछ भी दिखाए बाहर से) | psychology,86gE8et8LT4,1371,4
318,0.27,False,The Facts Flow,1,False,97,False,1405,0.0472,False,True,False,False,False,True,False,False,98,16,43,12,,False,2025-09-20T09:30:22Z,psychology facts,75900,"अगर वो सिर्फ दिमाग में है, ज़िंदगी में नहीं..तो सच्चाई ये है! MIND BLOWING FACTS| #psycholgyfacts ",ktLjV5JlqfE,933,3
323,0.51,False,The Facts Flow,4,False,96,False,598,0.0408,False,True,True,False,False,False,False,False,97,18,68,11,,False,2025-09-15T09:30:21Z,psychology facts,75900,अगर आप भी किसी को याद करके रो रहे हैं तो क्या होगा उस व्यक्ति के साथ🤫😯#lovefacts #psycholgyfacts ,NRdgiNPlZlk,1766,5
331,0.38,False,The Facts Flow,9,False,154,False,541,0.0533,False,True,False,False,False,True,False,False,97,17,62,13,,False,2025-09-07T09:30:15Z,psychology facts,75900,जब कोई हमें याद करता है तो हमे कैसे Sings मिलते हैं| Real Psychology Facts| #lovefacts #psycholgy,IVKQfPbW3YI,1331,4
339,2.79,False,The Facts Flow,13,False,171,False,661,0.027,False,True,False,False,True,True,False,False,97,22,248,10,odd,False,2025-08-30T09:30:17Z,psychology facts,75900,ये 5 संकेत मिलें तो वो इंसान भी आपकी याद में तड़प रहा है अगर आपके साथ| Psychology Facts in Hindi |,Yb0OK5ZQIf8,9650,28
342,2.03,False,The Facts Flow,6,False,887,False,920,0.0269,False,True,False,False,True,True,False,True,100,20,183,13,even,False,2025-08-27T09:30:09Z,psychology facts,75900,जब कोई आपकी याद में तड़प रहा हो तो क्या होता है? | 6 Psychological Facts in Hindi #lovefacts #facts ,IU8HhF6SDgY,7035,21
346,0.65,False,The Facts Flow,2,False,100,False,554,0.035,False,True,True,False,False,False,False,False,100,14,77,16,,False,2025-08-23T09:30:22Z,psychology facts,75900,सामने वाला इंसान पागलों जैसे आपको याद करेगा😱 emotional psychology facts #motivation #lovefacts #love,gM2ACKK1c3s,2260,7
676,0.62,False,Cinema Digital ,1,False,42,False,54,0.0001,False,True,False,False,False,True,False,False,58,10,,0,,False,2024-09-27T11:56:59Z,motivation speech,75800,ಬೆಂಗಳೂರಿನಲ್ಲಿ ದೇವರ Craze | Devara | Junior NTR | Karnataka,4ozMqEG54P0,18759,28
676,0.08,False,Cinema Digital ,0,False,26,False,5,0.0185,False,False,False,False,False,False,False,False,25,4,44,0,,False,2024-09-27T11:55:03Z,motivation speech,75800,Devara Craze in Bangalore,tj2ij85RAb4,2382,4
958,2.23,False,Cinema Digital ,17,False,1848,False,194,0.0216,False,True,False,False,False,True,False,False,100,16,1436,15,,False,2023-12-20T11:16:00Z,motivation speech,75800,ಕೃಷ್ಣ ಸಂದೇಶ | Kannada Motivation Speech | Life Change thought by Krishna | Krishna Motivation Speech,fYVOOHJ6ANA,67375,70
975,1.0,False,Cinema Digital ,16,False,1712,False,148,0.0219,False,True,False,False,False,True,False,True,95,16,645,0,,False,2023-12-03T13:48:19Z,motivation speech,75800,ಜೀವನ ಅಂದ್ರೆ ಏನು? ಅದರ ಉದ್ದೇಶ ಏನು? | Kannada Motivation Speech | Life Changing thought by Krishna,Rut8Qsz1LeI,30232,31
975,324.04,False,Cinema Digital ,5266,False,1736,False,649,0.0177,False,True,False,False,False,True,False,False,99,15,168509,0,,False,2023-12-03T09:37:51Z,motivation speech,75800,ಮನಸ್ಸಿಗೆ ನೋವಾದರೆ ಕೃಷ್ಣ ಸಂದೇಶವನ್ನು ಕೇಳಿ | Kannada Motivation Speech | Life Change thought by Krishna,n2mc7sQQFIE,9796234,10047
1,0.08,False,HC Music,10,False,1991,False,385,0.0811,False,True,False,True,False,False,False,False,99,22,50,0,,False,2026-08-03T13:01:18Z,động lực thành công,75100,BÁN DUYÊN ( ĐÌNH DŨNG ) - FULL SLOWED REMIX HOT TIKTOK - THINHGIA X HC REMIX - ĐỜI NGƯỜI CON GÁI...,7f02iSAA5Zg,740,740
2,0.08,False,HC Music,9,False,2722,False,396,0.0474,False,True,False,True,False,False,False,False,98,21,26,0,,False,2026-08-02T13:00:39Z,động lực thành công,75100,TO LOVE END - FUTARI NO KIMOCHI X TIẾNG PHÁO TIỄNG NGƯỜI( HÙNG QUÂN ) - THINHGIA X HC MUSIC REMIX.,22bD95grMVY,739,370
3,0.23,False,HC Music,14,False,1986,False,3087,0.05,False,True,False,False,False,False,True,False,97,20,91,0,,False,2026-08-01T13:00:27Z,động lực thành công,75100,"EDM GIAO HƯỞNG TRUYỀN ĐỘNG LỰC CỰC HAY  -  THE SPECTRE, UNITY X ROAD SO FAR X VICTORY X FAKELOVE.",S-F12Z9ZiPU,2102,701
7,0.82,False,HC Music,17,False,1990,False,376,0.0192,False,True,False,False,True,False,False,False,99,22,129,0,even,False,2026-07-28T13:00:33Z,động lực thành công,75100,Song Sa Leng Leng - Quẻ Bói Ver Khmer / Ngày Hạnh Phúc Remix - Thinhgia X HC Music Hot Tiktok 2026.,MasUCS-ZaSU,7621,1089
8,0.81,False,HC Music,16,False,1992,False,440,0.0113,False,True,False,False,True,True,False,False,100,24,69,0,even,False,2026-07-27T13:01:08Z,động lực thành công,75100,MASHUP | 8D SLOW & REVERB | BUÔNG BỎ SỰ PHỤ THUỘC NƠI ANH FT GIÀY CAO GÓT MÀU ĐỎ THINHGIA X HC REMIX,IYTX_bkzIl0,7536,942
11,0.85,False,HC Music,24,False,1982,False,1312,0.0324,False,True,False,False,True,True,False,False,95,25,233,0,even,False,2026-07-24T13:01:27Z,động lực thành công,75100,MASHUP | 2 IN 1 | DU HÀNH THỜI GIAN VŨ TRỤ - DU SƠN LUYẾN X QUAN SƠN TỬU X ĐẠI THIÊN BỒNG REMIX,F3O0IU8-trU,7931,721
15,0.47,False,HC Music,33,False,1960,False,2470,0.0314,False,True,False,False,True,False,False,False,100,24,104,0,even,False,2026-07-20T13:00:21Z,động lực thành công,75100,TỔNG HỢP EDM 2016 - 2018 REMIX CỰC HOÀI NIỆM - WOLVES X LOST SKY VISION X ROAD SO FAR X FADED X TOBU,9cNfoc8WIiY,4360,291
18,0.41,False,HC Music,25,False,1928,False,1468,0.0291,False,True,False,False,True,False,False,False,68,13,86,0,odd,False,2026-07-17T13:12:03Z,động lực thành công,75100,EDM HOT TREND 1 THỜI -  LIMITLESS DESPAIR - SEVEN.13  REMIX CỰC HAY.,V8bazbbOuf8,3820,212
21,1.04,False,HC Music,20,False,2161,False,3707,0.0225,False,True,False,True,True,True,False,False,100,24,197,0,even,False,2026-07-14T13:00:01Z,động lực thành công,75100,MASHUP 2 IN 1 - BUÔNG BỎ SỰ PHỤ THUỘC NƠI ANH X GIÀY CAO GÓT MÀU ĐỎ |THINHGIA X HC REMIX| HOT TIKTOK,dJZw8nXj-BY,9637,459
24,1.25,False,HC Music,22,False,2142,False,1941,0.0177,False,True,False,True,True,True,False,False,100,27,183,0,odd,False,2026-07-11T13:00:32Z,động lực thành công,75100,MASHUP | 7 IN 1 | BUÔNG BỎ SỰ PHỤ THUỘC NƠI ANH X ĐẠI THIÊN BỒNG X HỌA TÂM ẢO ẢNH X TRĂNG ƠI TRĂNG À,iwPCKW-Wxls,11614,484
29,0.96,False,HC Music,18,False,1957,False,2347,0.0193,False,True,False,False,False,False,True,False,81,17,154,0,,False,2026-07-06T13:00:33Z,động lực thành công,75100,"EDM BUFF ĐỘNG LỰC SIÊU HAY - VACATION X FLOWER, UNDER THE MOON X LOST SKY DREAMS.",cEunFWwvaDs,8931,308
32,0.74,False,HC Music,15,False,1955,False,1837,0.0231,False,True,False,False,False,False,True,False,80,15,144,0,,False,2026-07-03T13:00:24Z,động lực thành công,75100,"Track Nhạc EDM Remix Cực Hay  - Limitless (Despair) x BaBy, Wake Oao x Vacation.",Zf0A2QRLBtM,6872,215
35,0.92,False,HC Music,22,False,1989,False,1839,0.0294,False,True,False,False,True,False,False,False,97,20,229,0,even,False,2026-06-30T13:00:37Z,động lực thành công,75100,EDM THỜI 2016 -2017 - 2018 CỰC HOÀI NIỆM - LINKED X SUMMERTIME X AMPYX - HOLO X LIGHTNING MOMENT.,J_9opEvvLT8,8537,244
38,1.34,False,HC Music,38,False,1981,False,1645,0.0231,False,True,False,False,True,False,False,False,93,19,248,0,even,False,2026-06-27T13:00:33Z,động lực thành công,75100,EDM THỜI 2016 -2018 CỰC HOÀI NIỆM - BOYFRIEND X FADAED X DAYTIME X FADE X XOMU LANTERN REMIX.,iCnqGU1e-Fo,12403,326
41,0.48,False,HC Music,11,False,1973,False,1226,0.0183,False,True,False,False,True,False,False,False,89,20,71,0,even,False,2026-06-24T13:25:49Z,động lực thành công,75100,"MASHUP 4 IN 1 NHẠC TWO STEP FROM HELL - STAR SKY X VICTORY, FAKE LOVE X TOLOVE END REMIX.",-u2K31YT9wg,4469,109
42,1.65,False,HC Music,13,False,1995,False,1686,0.0142,False,True,False,False,True,False,False,False,87,21,205,0,even,False,2026-06-23T13:00:13Z,động lực thành công,75100,MASHUP TRACK 6 IN 1 NHẠC TRUNG - BÍCH THƯỢNG QUANG X TINH VỆ X ĐÁY BIỂN X QUAN SƠN TỬU.,EB52boGHezU,15346,365
45,0.87,False,HC Music,26,False,1965,False,1468,0.0171,False,True,False,False,False,False,True,False,85,20,113,0,,False,2026-06-20T14:45:13Z,động lực thành công,75100,MASHUP NHẠC TRUNG QUỐC CỰC HAY - NAN GIẢI X CRY FOR ME X KHÔNG QUA ĐƯỢC VÒNG LUÂN HỒI,lojmwva0PLI,8106,180
50,0.54,False,HC Music,10,False,1994,False,1482,0.0173,False,True,False,False,False,False,False,True,99,22,77,0,,False,2026-06-15T13:00:48Z,động lực thành công,75100,EDM DJ DANCE HOT TIKTOK TRUNG HOA - HÀNH TRÌNH GIỮA CÁC VÌ SAO X WE DONT TALK ANYMORE X ĐẢO NGHỊCH.,liQTWzytc0A,5029,101
52,0.65,False,HC Music,9,False,1992,False,462,0.0194,False,True,False,False,False,False,False,False,98,22,107,0,,False,2026-06-13T13:02:49Z,động lực thành công,75100,EDM TRUYỀN CẢM HỨNG - TAKE ME HAND ( SLOWED REMIX ) ( feat. Cecile Corbel ) - NHẠC SUY HOT TIKTOK.,-0khPT8uwXg,5991,115
53,1.74,False,HC Music,51,False,1994,False,1858,0.0262,False,True,False,False,False,False,True,False,99,22,372,0,,False,2026-06-12T13:02:26Z,động lực thành công,75100,EDM TRUYỀN CẢM HỨNG CỰC HAY MÀ BẠN NÊN NGHE - THE SPECTRE X UNITY X FICTION X DYNASTY REMIX CỰC HAY,ZiKnPKR-Bi8,16131,304
56,1.39,False,HC Music,18,False,1992,False,1781,0.0138,False,True,False,False,False,False,False,False,98,21,160,0,,False,2026-06-09T13:04:42Z,động lực thành công,75100,"TRACK NHẠC TRUNG REMIX BUFF ĐỘNG LỰC - BÍCH THƯỢNG QUAN FT NAN KHƯỚC, BÊN KIA BẦU TRỜI X TRĂNG ƠI.",PNfKKRve8q8,12938,231
59,1.19,False,HC Music,24,False,1995,False,1950,0.0124,False,True,False,False,True,False,True,False,100,22,114,0,even,False,2026-06-06T13:02:38Z,động lực thành công,75100,EDM ORCHESTRA BUFF ĐỘNG LỰC CỰC HAY 2026 - STAR SKY X HEART OF COURAGE X VICTORY X PRADA X FAKE LOVE,nbCK4VYwHHw,11091,188
63,1.76,False,HC Music,34,False,1991,False,1863,0.0153,False,True,False,False,False,False,True,False,98,24,216,0,,False,2026-06-02T13:02:35Z,động lực thành công,75100,EDM NHẠC TRUNG HOA HỢP XƯỚNG CỰC HAY - TINH VỆ X PHONG DẠ HÀNH X ĐÊM Ở ULANBATOR X MẠC VẤN QUY KỲ.,JaCyo0RgC58,16299,259
81,1.41,False,HC Music,20,False,1995,False,2802,0.0137,False,True,False,False,False,False,False,False,100,22,160,0,,False,2026-05-15T13:01:47Z,động lực thành công,75100,EDM KHÔNG LỜI TRUYỀN ĐỘNG LỰC SIÊU CHÁY - LIST NHẠC ĐỘNG LỰC NÀY SẼ GIÚP BẠN VƯỢT QUA MỌI THỬ THÁCH.,JMq08ShED5k,13113,162
84,7.54,False,HC Music,105,False,1993,False,2910,0.0144,False,True,False,False,False,False,True,False,92,21,906,0,,False,2026-05-12T13:01:51Z,động lực thành công,75100,EDM KHÔNG LỜI TRUYỀN ĐỘNG LỰC CỰC KỲ HAY - LIST NHẠC NÀY SẼ GIÚP BẠN VƯỢT QUA MỌI THỬ THÁCH.,qL6-iqZgG70,70028,834
87,1.24,False,HC Music,25,False,2238,False,1709,0.0168,False,True,False,False,True,False,True,False,96,20,168,0,even,False,2026-05-09T13:01:28Z,động lực thành công,75100,EDM TRUYỀN CẢM HỨNG REMIX SIÊU HAY - ACIVII THE NIGHT X LEGEND NEVER DIE X WOLVES X KAMIN VER.2.,BL27tdxyZa0,11507,132
90,2.43,False,HC Music,27,False,2236,False,1613,0.0124,False,True,False,False,False,False,True,False,89,20,252,0,,False,2026-05-06T13:00:45Z,động lực thành công,75100,"EDM TRUYỀN ĐỘNG LỰC REMIX CỰC HAY NÀ -  WAKE ( OAO ), AWAKE X VACATION X THE RIGHT PATCH.",3YBMrbxYBSg,22582,251
93,1.5,False,HC Music,25,False,2246,False,1998,0.0146,False,True,False,False,False,False,True,False,100,22,179,0,,False,2026-05-03T13:01:27Z,động lực thành công,75100,"EDM TRUYỀN ĐỘNG LỰC BUFF SỨC MẠNH CỰC HAY - WE DONT TALK ANYMORE, FADED LOVE X SET FIRE TO THE RAIN.",8XoUrmNEMTc,13961,150
96,6.87,False,HC Music,63,False,1957,False,2166,0.0164,False,True,False,False,True,False,False,False,100,22,981,0,odd,False,2026-04-30T13:01:29Z,động lực thành công,75100,"EDM 2017 - 2018 TRUYỀN ĐỘNG LỰC CỰC HOÀI NIỆM - THE SPECTRE X TIE ME DOWN, THUNDER X MONODY CỰC HAY.",ToNO2OCJ79A,63759,664
99,4.5,False,HC Music,40,False,1736,False,1608,0.0131,False,True,False,False,False,False,False,False,66,15,509,0,,False,2026-04-27T13:02:36Z,động lực thành công,75100,EDM TRUYỀN CẢM HỨNG CỰC CHÁY - TOP NHỮNG BÀI EDM BUFF ĐỘNG LỰC HAY,PHhNDyZ_aV4,41823,422
875,2.83,False,History Hideout,103,False,946,False,38,0.031,False,False,False,True,False,False,False,False,64,10,1358,0,,False,2024-03-12T15:25:21Z,history explained,75000,History Facts You Didn't Learn At School #shorts #history #facts,rMkvFiyaFiE,47102,54
875,1.49,False,History Hideout,32,False,812,False,48,0.0334,False,False,False,False,False,False,False,False,70,11,796,0,,False,2024-03-11T22:17:45Z,history explained,75000,Crazy History Facts You Didn't Learn At School #shorts #facts #history,zBvzseLZHDU,24761,28
891,1.48,False,History Hideout,21,False,1559,False,47,0.0302,False,False,False,False,False,False,False,False,70,11,723,0,,False,2024-02-25T10:00:18Z,history explained,75000,Crazy History Facts You Didn’t Learn At School #shorts #history #facts,VnMZjEEiYMo,24670,28
905,1.47,False,History Hideout,25,False,1152,False,42,0.0274,False,False,False,False,False,False,False,False,70,11,646,0,,False,2024-02-11T10:31:08Z,history explained,75000,Crazy History Facts You Didn’t Learn At School #facts #history #shorts,dQhCKovbKTo,24500,27
923,0.78,False,History Hideout,24,False,781,False,27,0.031,False,False,False,False,False,False,False,False,69,9,380,0,,False,2024-01-23T21:37:10Z,history explained,75000,Crazy History Facts About American Presidents #facts #shorts #history,3ea4556g6xo,13044,14
925,0.67,False,History Hideout,10,False,699,False,40,0.0263,False,False,False,False,False,False,False,True,68,11,281,0,,False,2024-01-22T13:27:08Z,history explained,75000,How Napoleon Lost The Battle Of Waterloo #facts #history #ai #shorts,dXqgiJp3DEU,11070,12
945,0.8,False,History Hideout,14,False,720,False,25,0.021,False,False,False,False,False,False,False,False,61,12,264,0,,False,2024-01-01T17:34:40Z,history explained,75000,Ai Tells The Story Of The Emu War #shorts #history #ai #facts,C46eCxmwYEg,13226,14
960,0.89,False,History Hideout,24,False,895,False,42,0.0344,False,False,False,False,False,False,False,False,66,10,482,0,,False,2023-12-17T16:37:56Z,history explained,75000,Four Ancient Egypt Facts You Won't Believe #history #facts #shorts,JwVed6peP5E,14728,15
961,0.55,False,History Hideout,9,False,819,False,32,0.0274,False,False,False,False,False,False,False,False,64,9,244,0,,False,2023-12-16T17:48:23Z,history explained,75000,Crazy History Facts About Ancient Greece #shorts #history #facts,rjYoOAsXk1w,9223,10
988,1.81,False,History Hideout,21,False,538,False,30,0.0244,False,False,False,False,False,False,False,False,60,10,715,0,,False,2023-11-19T20:22:14Z,history explained,75000,Dirty History Facts You Need To Know #shorts #history #facts,KGwUlT-TsN8,30149,31
990,1.32,False,History Hideout,19,False,1385,False,27,0.0189,False,False,False,False,False,False,False,False,69,9,395,0,,False,2023-11-18T14:21:52Z,history explained,75000,Crazy History Facts About American Presidents #shorts #history #facts,jQHmYOIo0KA,21913,22
993,2.93,False,History Hideout,53,False,961,False,36,0.0354,False,False,True,False,False,False,False,False,60,9,1669,0,,False,2023-11-14T20:37:45Z,history explained,75000,Crazy Facts About Queen Cleopatra 🇪🇬 #shorts #history #facts,ivRZQIczAzM,48672,49
1003,0.78,False,History Hideout,26,False,2159,False,29,0.0418,False,False,False,False,False,False,False,False,57,8,514,0,,False,2023-11-05T13:19:31Z,history explained,75000,Crazy History Facts About Vikings #shorts #facts #vikings,66FtVDTGgno,12916,13
1011,1.28,False,History Hideout,25,False,931,False,37,0.0354,False,False,False,False,False,False,False,False,60,8,725,0,,False,2023-10-28T12:58:31Z,history explained,75000,Crazy Facts About Napoleon Bonaparte #shorts #history #facts,3C00hbzILq4,21215,21
1015,0.84,False,History Hideout,17,False,1330,False,32,0.0317,False,False,True,False,False,False,False,False,69,12,424,0,,False,2023-10-23T16:27:19Z,history explained,75000,The Roman Gladiatrix You Need To Know About 🤯 #facts #shorts #history,Bo8V8VhOlu8,13930,14
1020,0.89,False,History Hideout,8,False,913,False,31,0.0298,False,False,True,False,True,False,False,False,83,14,433,0,odd,False,2023-10-18T17:33:17Z,history explained,75000,Crazy History Facts School Didn't Teach You! 😲  - Episode 7 #shorts #history #facts,lUZbh5pZ580,14785,14
1026,0.79,False,History Hideout,9,False,866,False,49,0.0358,False,False,True,False,False,False,False,True,58,10,459,0,,False,2023-10-13T15:26:46Z,history explained,75000,Have You Heard of The Sumerians? 😲 #shorts #facts #history,Tn_yvGV3lcU,13060,13
1029,1.05,False,History Hideout,16,False,763,False,28,0.0274,False,False,False,False,False,False,False,False,72,9,464,0,,False,2023-10-09T17:59:24Z,history explained,75000,Fascinating Facts About History's Famous Figures #shorts #facts #history,vn-qNOEssOk,17523,17
1031,1.07,False,History Hideout,11,False,827,False,33,0.0287,False,False,False,False,True,False,False,False,77,13,498,0,even,False,2023-10-07T17:16:15Z,history explained,75000,Crazy History Facts School Didn't Teach You! - Part 6 #shorts #facts #history,B5JyD6svgkA,17753,17
1034,0.94,False,History Hideout,13,False,806,False,31,0.0416,False,False,True,False,False,False,False,False,66,11,640,16,,False,2023-10-04T15:40:40Z,history explained,75000,Epic Historical Quotes You Need to Know! 😲 #shorts #facts #history,_bwM0y_VpOM,15701,15
1035,0.79,False,History Hideout,14,False,1744,False,52,0.0478,False,True,True,False,False,False,False,False,53,9,612,13,,False,2023-10-03T16:46:49Z,history explained,75000,The RICHEST man in History! 🤑 #shorts #facts #history,z9HIgEofYzg,13092,13
1042,1.02,False,History Hideout,19,False,781,False,41,0.0306,False,False,True,False,False,False,False,True,58,10,499,19,,False,2023-09-27T15:03:12Z,history explained,75000,Would You Eat This Ancient Food? 😷 #shorts #history #facts,tddRl-UCQeE,16901,16
1044,0.98,False,History Hideout,9,False,651,False,37,0.0345,False,False,False,False,False,False,False,True,60,10,555,15,,False,2023-09-25T15:10:16Z,history explained,75000,Why Men Think About The Roman Empire #facts #shorts #history,vl7mdEEoVBs,16356,16
1048,1.19,False,History Hideout,17,False,724,False,37,0.0322,False,False,True,False,False,False,False,True,54,9,620,16,,False,2023-09-21T15:00:48Z,history explained,75000,The Ancient Greeks Did What? 💀 #history #shorts #facts,vOyAi_QTCow,19789,19
1052,0.76,False,History Hideout,31,False,745,False,41,0.0388,False,False,True,False,True,False,True,False,63,11,458,0,even,False,2023-09-17T13:54:06Z,history explained,75000,🛡️ 300 Spartans vs The Persian Empire 🏹 #shorts #history #facts,q2oMKVGvR-g,12589,12
1054,0.79,False,History Hideout,17,False,1004,False,31,0.0295,False,False,False,False,True,False,False,False,78,13,368,0,odd,False,2023-09-14T15:30:06Z,history explained,75000,Crazy History Facts School Didn't Teach You! - Part 5! #shorts #history #facts,i5VPL8c7CRs,13072,12
1056,1.44,False,History Hideout,22,False,1619,False,42,0.0249,False,False,False,False,False,False,False,False,56,8,574,0,,False,2023-09-12T15:49:55Z,history explained,75000,Crazy Facts About Roman Emperors #shorts #history #facts,IT3nEN4a5oQ,23976,23
1060,1.02,False,History Hideout,20,False,1070,False,40,0.0306,False,False,False,True,True,False,False,False,84,11,500,0,even,False,2023-09-09T14:30:29Z,history explained,75000,Fascinating Facts About History's Famous Figures! Episode 2! #shorts #history #facts,jSl0fOVuVK4,16966,16
1065,1.24,False,History Hideout,17,False,992,False,40,0.0377,False,False,False,True,True,False,False,False,78,13,758,0,even,False,2023-09-03T16:20:29Z,history explained,75000,Crazy History Facts School Didn't Teach You! - Part 4! #shorts #history #facts,OebkL4_2yUM,20555,19
1068,0.84,False,History Hideout,13,False,1774,False,45,0.0341,False,False,False,True,False,False,False,False,41,6,462,0,,False,2023-09-01T15:15:02Z,history explained,75000,The Great Escape! #shorts #history #facts,U_-UyHON984,13950,13
722,1.59,False,HeartMind Spectrum Facts,36,False,97,False,13,0.0005,False,False,False,False,False,True,False,False,85,15,,15,,False,2024-08-12T14:15:03Z,psychology facts,73500,If you broke up and don’t feel well… | Relationship and Psychology Love Facts #shorts,nqCEepZJaZM,77262,107
723,13.56,False,HeartMind Spectrum Facts,149,False,228,False,35,0.0002,False,True,False,False,True,True,False,False,86,18,,24,odd,False,2024-08-11T14:15:02Z,psychology facts,73500,5 things you do that make him LOVE YOU MORE | Boys Crush Facts and Crush Facts #shorts,PhXHhyCkzvg,659612,912
724,0.66,False,HeartMind Spectrum Facts,13,False,351,False,92,0.0004,False,True,False,False,True,True,False,False,87,15,,25,even,False,2024-08-10T15:11:44Z,psychology facts,73500,10 SURE signs a guy likes you | Psychology Crush and Love Facts #psychologyfacts #crush,Oi1ldmA3el4,32313,45
724,1.71,False,HeartMind Spectrum Facts,30,False,248,False,37,0.0004,False,True,False,False,True,True,False,False,80,16,,26,odd,False,2024-08-10T14:15:00Z,psychology facts,73500,5 signs he's CHEATING on You | Boys Crush Facts and Love Facts for Girls #shorts,EcuErgraG-Q,83290,115
724,2.04,False,HeartMind Spectrum Facts,49,False,204,False,13,0.0005,False,True,False,False,False,True,False,False,86,16,,26,,False,2024-08-10T12:45:02Z,psychology facts,73500,The SADDEST end to a relationship is one where... | Crush Facts and Love Facts #shorts,n72O_RFJ7mQ,99186,137
724,4.73,False,HeartMind Spectrum Facts,46,True,265,False,36,0.0002,False,True,True,False,True,True,False,False,95,18,,21,odd,False,2024-08-10T11:15:04Z,psychology facts,73500,5 SUBTLE signs your crush is SECRETLY Interested in You 😊  | Crush Facts and Love Facts #shorts,W19CFha-LF8,230016,318
725,1.03,False,HeartMind Spectrum Facts,16,False,243,False,37,0.0003,False,True,False,False,True,True,False,False,92,19,,25,odd,False,2024-08-09T14:15:04Z,psychology facts,73500,5 signs he is keeping you ONLY AS BACKUP | Boys Crush Facts and Love Facts for Girls #shorts,vV377Bb5FHE,49917,69
725,1.35,False,HeartMind Spectrum Facts,23,False,268,False,36,0.0004,False,True,False,False,True,True,False,True,94,18,,25,odd,False,2024-08-09T12:45:01Z,psychology facts,73500,5 behaviors that show he's HEAD OVER HEELS | Boys Crush Facts and Love Facts for Girls #shorts,QXcgzPnTGuc,65543,90
725,1.07,False,HeartMind Spectrum Facts,21,False,268,False,35,0.0004,False,True,False,False,True,True,False,False,94,19,,24,odd,False,2024-08-09T11:15:03Z,psychology facts,73500,5 Signs She Wants to Be MORE THAN Friends | Girls Crush Facts and Love Facts for Boys  #shorts,pTCq0u_ir1c,51980,72
726,0.72,False,HeartMind Spectrum Facts,18,False,225,False,15,0.0005,False,True,False,False,False,False,False,True,55,9,,27,,False,2024-08-08T15:15:00Z,psychology facts,73500,Are you REALLY over them? Psychology Love Facts #shorts,DobkiT4h0Fg,34908,48
726,1.65,False,HeartMind Spectrum Facts,16,False,231,False,36,0.0002,False,True,False,False,True,True,False,False,82,15,,26,odd,False,2024-08-08T14:15:02Z,psychology facts,73500,5 EARLY signs your relationship WILL NOT last | Crush Facts and Love Facts #shorts,SRGJDKHTtss,80312,111
726,1.95,False,HeartMind Spectrum Facts,56,False,266,False,37,0.0006,False,True,False,False,True,True,False,False,90,17,,26,odd,False,2024-08-08T12:45:00Z,psychology facts,73500,5 signs he CONSTANTLY thinks about you | Boys Crush Facts and Love Facts for Girls #shorts,-n_iIszzsi8,94735,130
726,0.97,False,HeartMind Spectrum Facts,18,False,266,False,36,0.0004,False,True,False,False,True,True,False,False,73,15,,26,odd,False,2024-08-08T11:15:03Z,psychology facts,73500,5 signs they will NEVER cheat on you | Crush Facts and Love Facts #shorts,fQeFkFkR4IQ,47401,65
727,0.45,False,HeartMind Spectrum Facts,8,False,259,False,37,0.0004,False,True,False,False,True,True,False,False,85,14,,22,odd,False,2024-08-07T14:15:00Z,psychology facts,73500,5 OBVIOUS signs they are emotionally unavailable | Crush Facts and Love Facts #shorts,LFlGBfy1FvQ,21751,30
727,4.81,False,HeartMind Spectrum Facts,79,False,252,False,36,0.0003,False,True,False,False,True,True,False,False,98,20,,25,odd,False,2024-08-07T12:45:06Z,psychology facts,73500,5 things guys do ONLY FOR a woman they respect | Boys Crush Facts and Love Facts for Girls #shorts,kPgDtXjH6qs,234277,322
727,3.4,False,HeartMind Spectrum Facts,55,False,204,False,36,0.0003,False,True,False,False,True,True,False,True,86,17,,25,odd,False,2024-08-07T11:15:05Z,psychology facts,73500,Can you spot these 5 signs on UNSPOKEN TRUE LOVE? | Crush Facts and Love Facts #shorts,sK4uYSv3PKk,165528,228
728,0.73,False,HeartMind Spectrum Facts,23,False,236,False,35,0.0006,False,True,False,False,True,True,False,False,91,17,,23,odd,False,2024-08-06T14:15:02Z,psychology facts,73500,5 SURPRISING signs your crush might be FALLING FOR YOU | Crush Facts and Love Facts #shorts,TlSrd0FPM4k,35480,49
728,0.45,False,HeartMind Spectrum Facts,6,False,232,False,37,0.0003,False,True,False,False,True,True,False,False,70,14,,21,odd,False,2024-08-06T12:45:01Z,psychology facts,73500,5 signs they're NOT OVER their ex | Crush Facts and Love Facts #shorts,EaH_HZuWIFc,21676,30
728,1.17,False,HeartMind Spectrum Facts,32,False,253,False,37,0.0006,False,True,False,False,True,True,False,True,86,17,,27,odd,False,2024-08-06T11:15:03Z,psychology facts,73500,5 LITTLE things that show HE CARES | Boys Crush Facts and Love Facts for Girls #shorts,j6t2yD08ITQ,57023,78
729,0.38,False,HeartMind Spectrum Facts,14,False,243,False,35,0.0008,False,True,False,False,True,True,False,False,97,19,,26,odd,False,2024-08-05T12:45:05Z,psychology facts,73500,5 EASY ways to know she is [TRULY] interested | Girls Crush Facts and Love Facts for Boys #shorts,ijWLCZf4da8,18506,25
729,0.57,False,HeartMind Spectrum Facts,11,False,243,False,36,0.0004,False,True,False,False,True,True,False,False,92,18,,26,odd,False,2024-08-05T11:15:03Z,psychology facts,73500,5 TELLTALE signs he wants YOU to be his GIRLFRIEND | Boys Crush Facts and Love Facts #shorts,ga76Ju46FdI,27779,38
730,0.44,False,HeartMind Spectrum Facts,11,False,176,False,12,0.0005,False,True,False,False,False,True,False,False,82,13,,25,,False,2024-08-04T15:15:01Z,psychology facts,73500,BEST love story usually happens... | Psychology Love Facts and Crush Facts #shorts,IRwYEp_PdD8,21409,29
730,13.84,False,HeartMind Spectrum Facts,198,False,268,False,36,0.0003,False,True,False,False,True,True,False,False,97,16,,27,odd,False,2024-08-04T14:15:04Z,psychology facts,73500,5 signs someone is OBSESSED with you | Psychology Deep Love Facts and Relationship Advice #shorts,jza5Hgt8b9A,673499,923
730,0.6,False,HeartMind Spectrum Facts,11,False,252,False,36,0.0004,False,True,False,False,True,True,False,False,86,18,,25,odd,False,2024-08-04T12:45:03Z,psychology facts,73500,5 signs he CAN'T GET enough of you | Boys Crush Facts and Love Facts for Girls #shorts,p_GiaGGeLMI,29233,40
730,0.41,False,HeartMind Spectrum Facts,9,False,257,False,36,0.0005,False,True,True,False,True,True,False,False,92,20,,26,odd,False,2024-08-04T11:15:00Z,psychology facts,73500,5 EASY ways to make him FALL FOR YOU | Boys Crush Facts and Love Facts for Girls ❤️  #shorts,aqwTdqmMNa8,19993,27
731,0.56,False,HeartMind Spectrum Facts,16,False,267,False,36,0.0006,False,True,False,False,True,True,False,False,70,15,,26,odd,False,2024-08-03T14:15:00Z,psychology facts,73500,5 CLEAR signs they miss you A LOT | Love Facts and Crush Facts #shorts,4vgDXvN5RUg,27045,37
731,0.49,False,HeartMind Spectrum Facts,9,True,228,False,36,0.0004,False,True,False,False,True,True,False,True,93,19,,28,odd,False,2024-08-03T12:45:06Z,psychology facts,73500,5 SECRET ways boys show THEY CARE for you | Boys Crush Facts and Love Facts for Girls #shorts,dsEG_I3Nloo,23641,32
731,0.65,False,HeartMind Spectrum Facts,28,False,292,False,35,0.0009,False,True,False,False,True,True,False,False,86,16,,22,odd,False,2024-08-03T11:15:04Z,psychology facts,73500,5 CLEAR signs he's LOSING interest | Boys Crush Facts and Love Facts for Girls #shorts,XJHAXvsdE-4,31469,43
732,0.53,False,HeartMind Spectrum Facts,17,False,226,False,36,0.0007,False,True,False,False,True,True,False,False,86,18,,25,odd,False,2024-08-02T14:15:05Z,psychology facts,73500,5 signs he is SO SERIOUS about you | Boys Crush Facts and Love Facts for Girls #shorts,kdFlAwIgTAM,25849,35
732,54.16,False,HeartMind Spectrum Facts,662,False,320,False,37,0.0282,False,True,False,True,True,True,False,False,95,19,73767,24,odd,False,2024-08-02T12:45:00Z,psychology facts,73500,5 CLEAR signs he likes you through HIS EYES | Boys Crush Facts and Love Facts for Girls #shorts,0XLBrTHoUAI,2635413,3600
362,1.44,False,smosh and grab,230,False,3693,False,3981,0.0225,False,False,False,True,True,False,False,True,38,8,10881,2,odd,False,2025-08-07T04:09:35Z,scary stories reddit,73100,smosh clips i show my friends (part 3),86M4ynte2Us,493437,1363
426,5.7,False,smosh and grab,772,False,880,False,8731,0.0144,False,True,False,True,True,False,False,False,42,8,27257,2,odd,False,2025-06-04T01:32:28Z,scary stories reddit,73100,reddit stories that made me ANGRY (part 3),GJhU6qHxgnk,1949177,4576
480,0.93,False,smosh and grab,126,False,76,False,1321,0.0304,False,False,False,False,True,False,False,False,48,10,9532,2,odd,False,2025-04-10T23:35:00Z,scary stories reddit,73100,my favorite smosh try not to laugh bits (part 3),hfrXMoiSDsc,317280,661
614,3.9,False,smosh and grab,1232,False,951,False,7391,0.0178,False,True,False,True,True,False,False,False,42,8,22506,2,even,False,2024-11-28T05:09:35Z,scary stories reddit,73100,reddit stories that made me ANGRY (part 2),IJ-9OI_Zhmk,1334318,2173
627,0.1,False,smosh and grab,42,False,381,False,372,0.0642,False,False,False,False,False,False,False,False,40,9,2093,2,,False,2024-11-14T19:27:48Z,scary stories reddit,73100,"my name is shayne, and i'm here with ...",HTK8DoYRzpQ,33231,53
680,2.29,False,smosh and grab,410,False,3108,False,3598,0.0256,False,False,False,True,True,False,False,False,58,9,19605,2,odd,False,2024-09-22T18:44:55Z,scary stories reddit,73100,recent smosh moments that became instant classics (part 7),cbmn8ulvZtQ,783264,1152
691,0.84,False,smosh and grab,90,False,1766,False,2098,0.023,False,False,False,True,True,False,False,False,52,10,6521,2,even,False,2024-09-11T23:09:20Z,scary stories reddit,73100,smosh moments that make me laugh every time (part 4),9N0SvF5rD3g,287659,416
705,3.3,False,smosh and grab,570,False,813,False,4307,0.0212,False,False,False,True,True,False,False,False,35,6,23336,2,even,False,2024-08-29T02:59:00Z,scary stories reddit,73100,my favorite reddit stories (part 2),yXKel0GQUSQ,1129097,1602
714,10.88,False,smosh and grab,3357,False,807,False,4559,0.0227,False,False,False,True,False,False,False,False,27,4,81219,2,,False,2024-08-20T00:16:57Z,scary stories reddit,73100,the scariest reddit stories,w8cu1rViMMs,3719200,5209
721,3.05,False,smosh and grab,288,False,291,False,6380,0.0172,False,False,False,False,True,False,False,False,58,9,17612,2,even,False,2024-08-12T20:50:55Z,scary stories reddit,73100,recent smosh moments that became instant classics (part 6),5yiIjfgYkVs,1042257,1446
733,7.34,False,smosh and grab,1938,False,1311,False,8806,0.0154,False,True,False,True,False,False,False,False,33,6,36616,2,,False,2024-08-01T02:21:20Z,scary stories reddit,73100,reddit stories that made me ANGRY,SvJLVpXw4iA,2508662,3422
742,4.08,False,smosh and grab,1215,False,890,False,4933,0.0196,False,False,False,True,False,False,False,False,27,4,26097,3,,False,2024-07-23T02:52:22Z,scary stories reddit,73100,the weirdest reddit stories,MDfxP1lwNbM,1395867,1881
748,0.55,False,smosh and grab,216,False,368,False,4114,0.0351,False,False,False,False,False,False,False,False,25,4,6342,3,,False,2024-07-17T03:55:00Z,scary stories reddit,73100,my favorite smosh tiktoks,6HhBGWjcl2k,186738,250
754,0.43,False,smosh and grab,74,False,3108,False,2643,0.0296,False,False,False,True,True,False,False,False,31,5,4253,2,even,False,2024-07-10T21:53:43Z,scary stories reddit,73100,unhinged smosh moments (part 2),foEYA4xSo6E,146374,194
771,3.15,False,smosh and grab,452,False,587,False,3568,0.0221,False,False,False,True,False,False,False,False,34,6,23336,3,,False,2024-06-23T22:07:06Z,scary stories reddit,73100,some of my favorite reddit stories,VvNQjqNcMSI,1076283,1396
782,1.09,False,smosh and grab,230,False,1748,False,3045,0.0302,False,False,False,True,True,False,False,False,56,9,11023,2,even,False,2024-06-13T01:08:34Z,scary stories reddit,73100,the first appearance of iconic smosh characters (part 2),RpnbOtku6qA,373050,477
790,0.89,False,smosh and grab,299,False,3029,False,1533,0.0533,False,False,False,True,False,False,False,False,16,4,15914,3,,False,2024-06-05T02:26:54Z,scary stories reddit,73100,"be gay, do smosh",fGAf9-Wi-ZE,304334,385
800,0.99,False,smosh and grab,179,False,1706,False,2085,0.032,False,False,False,True,False,False,False,False,27,4,10720,2,,False,2024-05-26T02:54:32Z,scary stories reddit,73100,some unhinged smosh moments,cHRxmU7YZwY,340244,425
811,2.38,False,smosh and grab,555,False,3046,False,4154,0.0244,False,False,False,True,True,False,False,False,58,9,19331,2,odd,False,2024-05-14T23:37:31Z,scary stories reddit,73100,recent smosh moments that became instant classics (part 5),aX13zy8tMQw,813803,1003
817,0.16,False,smosh and grab,38,False,1712,False,2228,0.0323,False,False,False,True,False,False,False,False,56,9,1758,2,,False,2024-05-08T23:27:34Z,scary stories reddit,73100,my favorite smosh i spent a day with/assumptions moments,igFVYMsIuOg,55631,68
820,0.13,False,smosh and grab,47,False,1830,False,1934,0.0424,False,False,False,True,False,False,False,False,19,3,1778,2,,False,2024-05-05T18:56:47Z,scary stories reddit,73100,silly smosh moments,36I9iu3yK-M,43021,52
828,0.5,False,smosh and grab,157,False,401,False,2676,0.0302,False,False,False,True,False,False,False,False,49,7,4971,2,,False,2024-04-28T06:10:59Z,scary stories reddit,73100,my favorite moments from recent smosh livestreams,e_cg0MMh4fA,170032,205
834,0.68,False,smosh and grab,123,False,2188,False,1832,0.0353,False,False,False,True,True,False,False,False,46,10,8124,2,even,False,2024-04-21T19:30:18Z,scary stories reddit,73100,I think about these smosh clips a lot (part 2),f55TwrgEa8w,233384,280
838,2.45,False,smosh and grab,351,False,3606,False,3370,0.022,False,False,False,True,True,False,False,False,58,9,18071,2,even,False,2024-04-18T00:54:34Z,scary stories reddit,73100,recent smosh moments that became instant classics (part 4),lx1aDL63iAI,838595,1001
839,0.74,False,smosh and grab,279,False,2388,False,487,0.0463,False,False,False,True,False,False,False,False,28,3,11396,2,,False,2024-04-17T01:32:04Z,scary stories reddit,73100,angela giarratana one-liners,14khqpPrQ2A,252359,301
843,2.47,False,smosh and grab,472,False,671,False,3160,0.0286,False,False,False,True,False,False,False,False,35,7,23637,2,,False,2024-04-13T04:49:55Z,scary stories reddit,73100,the reddit stories that made me sob,W7xepLdcHXo,844182,1001
849,1.01,False,smosh and grab,155,False,2308,False,2854,0.0259,False,False,False,True,True,False,False,False,52,10,8746,2,odd,False,2024-04-07T04:26:43Z,scary stories reddit,73100,smosh moments that make me laugh every time (part 3),cJJOAiGTlD8,343702,405
850,0.19,False,smosh and grab,157,False,139,False,746,0.0402,False,False,False,True,False,False,False,False,13,2,2498,2,,False,2024-04-05T19:31:39Z,scary stories reddit,73100,angela's baby,JKdsY_Z0uf0,66045,78
853,0.64,False,smosh and grab,180,False,592,False,773,0.0321,False,False,False,True,True,False,False,False,52,10,6814,2,odd,False,2024-04-02T21:33:33Z,scary stories reddit,73100,shayne and angela in their own little world (part 3),gPYEojPm9-0,217742,255
856,0.23,False,smosh and grab,57,False,1728,False,2641,0.0281,False,False,False,True,False,False,False,False,26,4,2194,2,,False,2024-03-31T06:20:51Z,scary stories reddit,73100,my favorite smosh sketches,EEqcISFuSfU,80156,94
13,0.08,False,Phương87,2,False,0,False,25,0.0116,False,False,False,False,True,False,False,False,21,5,83,0,even,False,2026-07-22T09:37:51Z,truyện ma có thật,72700,"ngày 22 tháng 7, 2026",kUaBAD7kGvA,7322,563
129,0.5,False,Phương87,19,False,0,False,54,0.024,False,False,False,False,True,False,False,False,46,7,1011,0,odd,False,2026-03-28T05:08:45Z,truyện ma có thật,72700,Truyện ma có thật 135 #truyenmacothat #khangai,4YK8mcuRFFo,42959,333
130,5.47,False,Phương87,29,False,0,False,50,0.0175,False,False,False,False,True,False,False,False,46,7,8270,0,even,False,2026-03-27T05:05:28Z,truyện ma có thật,72700,Truyện ma có thật 134 #truyenmacothat #khangai,CHEI9dlmxVI,472901,3638
141,5.66,False,Phương87,37,False,0,False,37,0.0134,False,False,False,False,True,False,False,False,46,7,6509,0,odd,False,2026-03-16T05:01:48Z,truyện ma có thật,72700,Truyện ma có thật 133 #truyenmacothat #khangai,HE2nS0QRueg,489022,3468
142,1.4,False,Phương87,22,False,0,False,81,0.0212,False,False,False,False,True,False,False,False,46,7,2545,0,even,False,2026-03-15T04:42:07Z,truyện ma có thật,72700,Truyện ma có thật 132 #truyenmacothat #khangai,j40jdM2C-0c,121115,853
143,0.27,False,Phương87,6,False,0,False,44,0.0144,False,False,False,False,True,False,False,False,46,7,336,0,odd,False,2026-03-14T05:05:34Z,truyện ma có thật,72700,Truyện ma có thật 131 #truyenmacothat #khangai,LEaLPhp7hyg,23671,166
146,0.4,False,Phương87,8,False,0,False,23,0.0184,False,False,False,False,True,False,False,False,46,7,635,0,even,False,2026-03-11T05:06:11Z,truyện ma có thật,72700,Truyện ma có thật 130 #truyenmacothat #khangai,tGqPFARQFmE,34922,239
151,0.74,False,Phương87,3,False,0,False,44,0.0159,False,False,False,False,True,False,False,False,46,7,1011,0,odd,False,2026-03-06T05:00:29Z,truyện ma có thật,72700,Truyện ma có thật 129 #truyenmacothat #khangai,cI1QwPK9vV0,63755,422
154,0.4,False,Phương87,12,False,0,False,45,0.0287,False,False,False,False,True,False,False,False,46,7,981,0,even,False,2026-03-03T04:21:21Z,truyện ma có thật,72700,Truyện ma có thật 128 #truyenmacothat #khangai,aIjUSquvU3o,34575,225
156,0.48,False,Phương87,6,False,0,False,33,0.0151,False,False,False,False,True,False,False,False,46,7,623,0,odd,False,2026-03-01T04:20:38Z,truyện ma có thật,72700,Truyện ma có thật 127 #truyenmacothat #khangai,3_V1ofZz0aw,41747,268
157,2.96,False,Phương87,16,False,0,False,47,0.0142,False,False,False,False,True,False,False,False,46,7,3623,0,even,False,2026-02-28T04:20:47Z,truyện ma có thật,72700,Truyện ma có thật 126 #truyenmacothat #khangai,LVsfPu5pX3U,255765,1629
160,0.33,False,Phương87,4,False,0,False,25,0.0151,False,False,False,False,True,False,False,False,46,7,433,0,odd,False,2026-02-25T04:42:36Z,truyện ma có thật,72700,Truyện ma có thật 125 #khangai #truyenmacothat,C10EnzB2Xhs,28894,181
161,0.53,False,Phương87,10,False,0,False,44,0.0173,False,False,False,False,True,False,False,False,46,7,778,0,even,False,2026-02-24T04:38:45Z,truyện ma có thật,72700,Truyện ma có thật 124 #truyenmacothat #khangai,9Ei0foqDZh0,45481,282
165,2.18,False,Phương87,21,False,0,False,46,0.0154,False,False,False,False,True,False,False,False,46,7,2877,0,odd,False,2026-02-20T04:42:43Z,truyện ma có thật,72700,Truyện ma có thật 123 #truyenmacothat #khangai,Obe_ZnBiFO0,188755,1144
167,0.53,False,Phương87,13,False,0,False,38,0.019,False,False,False,False,True,False,False,False,46,7,852,0,even,False,2026-02-18T04:15:59Z,truyện ma có thật,72700,Truyện ma có thật 122 #truyenmacothat #khangai,kvEiXstYc5Y,45628,273
171,1.01,False,Phương87,21,False,0,False,30,0.0152,False,False,False,False,True,False,False,False,46,7,1311,0,odd,False,2026-02-14T04:54:48Z,truyện ma có thật,72700,Truyện ma có thật 121 #truyenmacothat #khangai,fEWrSuPoRq4,87582,512
173,2.26,False,Phương87,13,False,0,False,31,0.0118,False,False,False,False,True,False,False,False,46,7,2294,0,odd,False,2026-02-12T04:29:19Z,truyện ma có thật,72700,Truyện ma có thật 119 #truyenmacothat #khangai,E3OfirIxSw0,195704,1131
174,1.42,False,Phương87,8,False,0,False,41,0.0147,False,False,False,False,True,False,False,False,46,7,1807,0,even,False,2026-02-11T04:19:29Z,truyện ma có thật,72700,Truyện ma có thật 118 #truyenmacothat #khangai,nexqPBRPWOs,123081,707
175,1.63,False,Phương87,7,False,0,False,38,0.014,False,False,False,False,True,False,False,False,46,7,1976,0,odd,False,2026-02-10T04:15:49Z,truyện ma có thật,72700,Truyện ma có thật 117 #truyenmacothat #khangai,gEGL5Wleqhs,141159,807
176,4.12,False,Phương87,26,False,0,False,37,0.0128,False,False,False,False,True,False,False,False,46,7,4525,0,odd,False,2026-02-09T04:15:19Z,truyện ma có thật,72700,Truyện ma có thật 117 #truyenmacothat #khangai,vZeyDixAUBQ,355771,2021
178,2.34,False,Phương87,16,False,0,False,46,0.0172,False,False,False,False,True,False,False,False,46,7,3465,0,even,False,2026-02-07T05:05:53Z,truyện ma có thật,72700,Truyện ma có thật 116 #truyenmacothat #khangai,AV8WratDuA8,201852,1134
179,0.85,False,Phương87,6,False,0,False,31,0.0124,False,False,False,False,True,False,False,False,46,7,910,0,odd,False,2026-02-06T05:02:46Z,truyện ma có thật,72700,Truyện ma có thật 115 #truyenmacothat #khangai,xqGVfeA5GZE,73760,412
180,0.44,False,Phương87,6,False,0,False,46,0.0216,False,False,False,False,True,False,False,False,46,7,822,0,even,False,2026-02-05T05:19:28Z,truyện ma có thật,72700,Truyện ma có thật 114 #truyenmacothat #khangai,2WgQrS_8I1c,38280,213
181,1.05,False,Phương87,12,False,0,False,60,0.0201,False,False,False,False,True,False,False,False,46,7,1817,0,odd,False,2026-02-04T05:03:39Z,truyện ma có thật,72700,Truyện ma có thật 113 #truyenmacothat #khangai,No_iaauDIIk,91054,503
182,0.48,False,Phương87,10,False,0,False,37,0.0193,False,False,False,False,True,False,False,False,46,7,788,0,even,False,2026-02-03T05:00:40Z,truyện ma có thật,72700,Truyện ma có thật 112 #truyenmacothat #khangai,zyBVX7ok8oE,41272,227
183,1.64,False,Phương87,20,False,0,False,39,0.014,False,False,False,False,True,False,False,False,46,7,1977,0,odd,False,2026-02-02T09:12:55Z,truyện ma có thật,72700,Truyện ma có thật 111 #truyenmacothat #khangai,itYNcGaL0L4,142139,777
183,1.26,False,Phương87,11,False,0,False,45,0.0197,False,False,False,False,True,False,False,False,67,10,2135,0,even,False,2026-02-02T05:02:05Z,truyện ma có thật,72700,Truyện ma có thật 110-Gia đình ma ám-Phần1 #truyenmacothat #khangai,x2rqpgY5FYY,108983,596
184,0.99,False,Phương87,16,False,0,False,49,0.0186,False,False,False,False,True,False,False,False,46,7,1571,0,odd,False,2026-02-01T05:03:26Z,truyện ma có thật,72700,Truyện ma có thật 109 #truyenmacothat #khangai,DgAzP4NRAw0,85292,464
185,0.47,False,Phương87,5,False,0,False,31,0.0135,False,False,False,False,True,False,False,False,46,7,546,0,even,False,2026-01-31T05:01:52Z,truyện ma có thật,72700,Truyện ma có thật 108 #truyenmacothat #khangai,OUMszDl3N00,40906,221
186,6.12,False,Phương87,32,False,0,False,39,0.0124,False,False,False,False,True,False,False,False,46,7,6503,0,odd,False,2026-01-30T05:39:44Z,truyện ma có thật,72700,Truyện ma có thật 107 #khangai #truyenmacothat,nXI9aFB54ss,529144,2845
3,0.59,False,Tóm tắt sách cùng Tanya,7,True,1122,False,775,0.0711,True,True,False,False,True,True,False,True,91,24,23,8,odd,False,2026-08-01T12:05:25Z,làm giàu tư duy,70300,"Bí Mật Đầu Tư Từ Kim Tứ Đồ: Làm Sao Để Tiền Đẻ Ra Tiền? | Trọn Bộ 13 tập ""Dạy Con Làm Giàu""",RJuKWVoTb5I,422,141
8,1.55,False,Tóm tắt sách cùng Tanya,8,False,1724,False,1170,0.0781,True,True,False,False,True,True,False,False,92,22,78,8,odd,False,2026-07-27T12:05:14Z,làm giàu tư duy,70300,"Giải Mã Các Khái Niệm Giúp Bạn Thay Đổi Tư Duy Tài Chính | Trọn Bộ 13 tập ""Dạy Con Làm Giàu""",-25Dq0DdLrg,1101,138
24,2.38,False,Tóm tắt sách cùng Tanya,7,False,1871,False,1674,0.0372,False,True,False,False,False,True,False,False,73,16,56,8,,False,2026-07-11T12:05:38Z,làm giàu tư duy,70300,Review sách: TÂM HỒN CAO THƯỢNG | Đỉnh cao của nghệ thuật đối nhân xử thế,7aH1dCZG8xA,1694,71
52,25.64,False,Tóm tắt sách cùng Tanya,21,False,1555,False,1603,0.0162,False,True,False,False,False,True,False,True,89,19,274,8,,False,2026-06-13T12:05:35Z,làm giàu tư duy,70300,Review sách: GIẢI MÃ TÂM LÝ HÀNH VI VỀ TIỀN | Cách bạn tiêu tiền hé lộ điều gì?,qL9bVgB0dkE,18254,351
73,1.29,False,Tóm tắt sách cùng Tanya,10,False,1578,False,748,0.0556,False,False,False,False,True,False,False,False,53,13,41,8,odd,False,2026-05-23T12:05:01Z,làm giàu tư duy,70300,5 ngành nghề được dự đoán sẽ bùng nổ trong 15 năm tới,u50QVQVZdkQ,918,13
82,2.96,False,Tóm tắt sách cùng Tanya,10,False,2565,False,1756,0.036,False,True,False,False,False,True,False,False,87,16,66,8,,False,2026-05-14T12:01:34Z,làm giàu tư duy,70300,Review sách: LƯỢC SỬ LOÀI NGƯỜI | Những Năm Cuối Cùng Của Loài Người Thuần Tuý,vsuIObeHiTQ,2110,26
100,0.58,False,Tóm tắt sách cùng Tanya,2,False,402,False,475,0.0363,False,True,False,False,False,False,True,False,90,18,13,13,,False,2026-04-26T12:00:24Z,làm giàu tư duy,70300,"Đừng check email hay đọc tin tức đầu ngày! Nếu không, bạn sẽ bị hao hụt năng lượng",Jv7rG--BYLA,413,4
108,0.73,False,Tóm tắt sách cùng Tanya,2,False,1950,False,297,0.0191,False,True,False,True,True,True,False,False,90,19,8,8,odd,False,2026-04-18T12:00:33Z,làm giàu tư duy,70300,"REVIEW TOP 3 CUỐN SÁCH GIÚP BẠN TRỞ THÀNH ""CHIẾN THẦN"" CHỐT DEAL | May mắn là không đủ....",Dp5xQhdajNo,523,5
115,2.92,False,Tóm tắt sách cùng Tanya,3,False,1799,False,1655,0.0361,False,True,False,False,False,True,False,False,96,21,72,18,,False,2026-04-11T12:00:16Z,làm giàu tư duy,70300,Review sách: Lối Sống Tối Giản Của Người Nhật | Khi DỌN DẸP cũng được xem là một loại TRÍ TUỆ...,BQGuaStAxes,2079,18
125,0.94,False,Tóm tắt sách cùng Tanya,0,False,1134,False,141,0.0105,False,False,False,False,False,False,False,False,86,16,7,8,,False,2026-04-01T07:00:31Z,làm giàu tư duy,70300,"Phụ nữ vừa là tệp khách hàng, vừa là nguồn mang lại doanh thu #tanyatomtatsach #shorts",Th17W-goMKk,666,5
126,0.94,False,Tóm tắt sách cùng Tanya,0,False,1134,False,164,0.012,False,True,False,False,False,True,False,False,87,16,8,18,,False,2026-03-31T08:00:22Z,làm giàu tư duy,70300,Cống Hiến và Dâng Hiến | BÍ QUYẾT KINH DOANH CỦA NGƯỜI DO THÁI #tanyatomtatsach #shorts,eFVAlSca8m0,669,5
127,1.42,False,Tóm tắt sách cùng Tanya,0,False,1699,False,180,0.0168,False,True,False,False,False,False,False,False,59,13,17,8,,False,2026-03-30T07:00:30Z,làm giàu tư duy,70300,"Sẽ thế nào, nếu ứng dụng GIÁO LÝ PHẬT GIÁO trong kinh doanh",ZahSYEyXjRk,1012,8
128,0.92,False,Tóm tắt sách cùng Tanya,0,False,1699,False,177,0.0152,False,True,False,False,False,True,False,False,99,20,10,8,,False,2026-03-29T08:00:13Z,làm giàu tư duy,70300,"Review sách: NĂNG ĐOẠN KIM CƯƠNG | Sẽ thế nào, nếu ứng dụng GIÁO LÝ PHẬT GIÁO trong kinh doanh",OxGUiQHkZ9c,656,5
129,8.26,False,Tóm tắt sách cùng Tanya,29,False,1929,False,1923,0.0296,False,True,False,False,True,True,False,True,82,18,145,11,even,False,2026-03-28T12:05:00Z,làm giàu tư duy,70300,Review sách: TUẦN LÀM VIỆC 4 GIỜ | Vì sao LÀM ÍT lại vẫn NHIỀU TIỀN hơn ?!,JEqPipFYcCA,5878,46
129,0.31,False,Tóm tắt sách cùng Tanya,0,False,1699,False,165,0.0183,False,True,False,False,False,True,False,False,99,20,4,8,,False,2026-03-28T07:00:25Z,làm giàu tư duy,70300,"Review sách: NĂNG ĐOẠN KIM CƯƠNG | Sẽ thế nào, nếu ứng dụng GIÁO LÝ PHẬT GIÁO trong kinh doanh",hz8Biqm2Nkc,218,2
130,0.99,False,Tóm tắt sách cùng Tanya,1,False,1699,False,180,0.0184,False,True,False,False,False,True,False,False,99,18,12,8,,False,2026-03-27T07:00:23Z,làm giàu tư duy,70300,Nguyên tắc Phật Giáo đã được ứng dụng một cách thầm lặng | Năng đoạn kim cương #tanyatomtatsach,gOSdIboVDZE,708,5
131,1.01,False,Tóm tắt sách cùng Tanya,0,False,1134,False,140,0.0154,False,False,False,False,False,False,False,False,86,16,11,18,,False,2026-03-26T07:00:16Z,làm giàu tư duy,70300,Tính toán về cách sử dụng dịch vụ ngân hàng của người Do Thái #tanyatomtatsach #shorts,NeT6F9nYlic,716,5
132,0.71,False,Tóm tắt sách cùng Tanya,0,False,1134,False,119,0.0197,False,True,False,False,False,False,False,False,61,11,10,18,,False,2026-03-25T07:00:28Z,làm giàu tư duy,70300,Vấn đề về giao ước của người Do Thái #tanyatomtatsach #shorts,f5OGiYhcpjo,507,4
133,0.7,False,Tóm tắt sách cùng Tanya,0,False,1134,False,123,0.0242,False,False,False,False,False,False,False,False,51,8,12,18,,False,2026-03-24T07:00:07Z,làm giàu tư duy,70300,Giao ước của người Do Thái #tanyatomtatsach #shorts,B8GXPHTqHPs,496,4
134,1.24,False,Tóm tắt sách cùng Tanya,0,False,1699,False,166,0.0125,False,True,False,False,False,True,False,False,99,20,11,8,,False,2026-03-23T07:00:12Z,làm giàu tư duy,70300,"Review sách: NĂNG ĐOẠN KIM CƯƠNG | Sẽ thế nào, nếu ứng dụng GIÁO LÝ PHẬT GIÁO trong kinh doanh",E_7aWRXYwqM,881,7
138,1.49,False,Tóm tắt sách cùng Tanya,1,False,1200,False,65,0.0151,False,False,False,False,False,False,False,False,65,10,15,8,,False,2026-03-19T08:00:01Z,làm giàu tư duy,70300,Trí tuệ sống và trí tuệ chết #tomtatsach #shorts #tanyatomtatsach,0LIEDFwot28,1061,8
139,2.19,False,Tóm tắt sách cùng Tanya,0,True,1232,False,34,0.0116,False,True,False,False,False,False,False,False,95,16,18,8,,False,2026-03-18T08:00:08Z,làm giàu tư duy,70300,"Nếu tiền có thể kiếm được mà không chịu kiếm, thì đó là... #tomtatsach #shorts #tanyatomtatsach",52n27gORaYg,1558,11
140,1.59,False,Tóm tắt sách cùng Tanya,0,False,52,False,116,0.0159,False,False,False,False,False,False,False,False,52,9,18,8,,False,2026-03-17T04:30:34Z,làm giàu tư duy,70300,Quan điểm về tiền của người Do Thái #tanyatomtatsach,nkjpxu2-lS8,1133,8
142,4.93,False,Tóm tắt sách cùng Tanya,21,False,1699,False,1576,0.035,False,True,False,False,False,True,False,False,99,20,102,9,,False,2026-03-15T12:05:00Z,làm giàu tư duy,70300,"Review sách: NĂNG ĐOẠN KIM CƯƠNG | Sẽ thế nào, nếu ứng dụng GIÁO LÝ PHẬT GIÁO trong kinh doanh",OUWZclbGPlM,3512,25
148,1.54,False,Tóm tắt sách cùng Tanya,0,False,76,False,74,0.0073,False,False,False,False,False,False,False,False,76,11,8,8,,False,2026-03-09T07:30:16Z,làm giàu tư duy,70300,Mối quan hệ giữa chúng ta và tiền #tomtatsach #tanyatomtatsach #tienderatien,dKz9PjOaKts,1094,7
149,0.54,False,Tóm tắt sách cùng Tanya,0,False,89,False,131,0.0287,False,False,False,False,False,False,False,False,89,15,11,8,,False,2026-03-08T07:30:05Z,làm giàu tư duy,70300,Chu kỳ kinh tế chung và chu kỳ kinh tế cá nhân #tomtatsach #tanyatomtatsach #tienderatien,7PEANGu2aRg,383,3
150,0.8,False,Tóm tắt sách cùng Tanya,0,False,93,False,113,0.0175,False,True,False,False,False,False,False,False,93,14,10,8,,False,2026-03-07T07:30:10Z,làm giàu tư duy,70300,Trì hoãn mong muốn để kiểm soát tài chính hiệu quả #tomtatsach #tanyatomtatsach #tienderatien,Mxhj34W37hI,570,4
151,0.7,False,Tóm tắt sách cùng Tanya,0,False,58,False,166,0.026,False,False,False,False,False,False,False,False,58,8,13,8,,False,2026-03-06T08:00:56Z,làm giàu tư duy,70300,Công thức tài chính khỏe mạnh #tomtatsach #tanyatomtatsach,ub8sT8HzFFk,500,3
152,0.71,False,Tóm tắt sách cùng Tanya,0,False,78,False,156,0.0277,False,True,False,False,False,False,False,False,78,17,14,8,,False,2026-03-05T07:15:00Z,làm giàu tư duy,70300,"Chu kỳ của dòng tiền, hiểu quy luật của chu kỳ để nhìn ra cơ hội #tienderatien",9FISl7lBO4g,505,3
153,0.48,False,Tóm tắt sách cùng Tanya,0,False,97,False,113,0.0234,False,False,False,False,False,False,False,False,97,15,8,8,,False,2026-03-04T08:00:12Z,làm giàu tư duy,70300,Tiền luân chuyển trong nền kinh tế và tạo ra ảnh hưởng #tomtatsach #tanyatomtatsach #tienderatien,5euMtsYjfjU,342,2
6,0.63,False,Skyy,148,False,367,False,570,0.0644,False,True,False,True,True,False,False,False,63,12,3497,0,even,False,2026-07-29T08:05:18Z,top 10 sự thật,69200,Xếp Hạng Toàn Bộ Nhạc Last Man Standing Trong Forsaken (PHẦN 2),KimxVkTCaTY,56568,9428
9,0.28,False,Skyy,59,False,322,False,362,0.0215,False,False,False,True,True,False,False,False,51,13,473,0,even,False,2026-07-26T06:00:35Z,top 10 sự thật,69200,Chi tiết về bộ kĩ năng của 2 nhân vật sắp ra mắt!!!,49B8aDlpDso,24731,2748
11,0.98,False,Skyy,411,False,1226,False,785,0.0567,False,True,False,True,True,False,False,False,66,13,4565,0,odd,False,2026-07-24T09:38:45Z,top 10 sự thật,69200,Xếp Hạng Tất Cả Bản Nhạc Last Man Standing Trong Forsaken (PHẦN 1),xs-MiPLHb4k,87833,7985
17,1.02,False,Skyy,269,False,137,False,401,0.0199,False,False,False,True,False,False,False,False,46,11,1551,0,,False,2026-07-18T01:43:26Z,top 10 sự thật,69200,Phân Tích & Đánh Giá toàn bộ về nhân vật Azure,ZQ5TKWsW9xQ,91468,5380
18,1.95,False,Skyy,322,True,487,False,857,0.0162,False,True,False,True,True,False,False,False,47,10,2507,0,even,False,2026-07-17T08:43:18Z,top 10 sự thật,69200,18 Sự Thật Chỉ Người Chơi Forsaken Lâu Năm Biết,ozAKvaSY7_Y,174867,9715
23,1.08,False,Skyy,308,False,108,False,463,0.0179,False,False,False,False,False,False,False,False,49,12,1425,0,,False,2026-07-12T02:29:22Z,top 10 sự thật,69200,Tất cả mọi thứ về bản Update Mới của Die Of Death,HqX-N_6aBDw,96554,4198
25,0.33,False,Skyy,114,False,307,False,671,0.0258,False,False,False,False,False,False,False,False,60,12,645,0,,False,2026-07-10T08:54:56Z,top 10 sự thật,69200,Những điều bạn cần biết trước khi Die Of Death Update Lớn!!!,zpxMc_DL66Q,29398,1176
25,0.34,False,Skyy,64,False,631,False,659,0.0187,False,True,False,True,False,False,False,False,37,7,507,0,,False,2026-07-10T03:07:14Z,top 10 sự thật,69200,Giả Thuyết Đen Tối Về Animal Hospital,qXH8sNzgM9c,30556,1222
30,0.46,False,Skyy,53,False,0,False,50,0.0247,False,False,False,False,False,False,False,False,61,10,958,0,,False,2026-07-05T04:33:18Z,top 10 sự thật,69200,Trò chơi trâu bò nhất trên Roblox #roblox #bloxfruits #shorts,8MJweClVCLY,40860,1362
31,0.51,False,Skyy,251,False,200,False,234,0.0268,False,True,False,False,True,False,False,False,65,17,987,0,odd,False,2026-07-04T03:00:36Z,top 10 sự thật,69200,Tương Lai U Tối của Roblox VNG - 3 Kịch Bản có thể xảy ra sắp tới,xXEHPN24RNM,46156,1489
32,1.17,False,Skyy,77,False,552,False,675,0.0133,False,True,False,True,False,False,False,False,40,9,1310,0,,False,2026-07-03T08:03:05Z,top 10 sự thật,69200,VỤ LỪA ĐẢO Lớn Nhất Trong Lịch Sử Roblox,bYPDgcxxeAI,104615,3269
46,0.21,False,Skyy,87,False,514,False,474,0.0369,False,True,False,True,False,False,False,False,30,7,607,0,,False,2026-06-19T06:05:32Z,top 10 sự thật,69200,Con game này thực sự TIỀM NĂNG,X7EQDgND_J4,18821,409
56,2.09,False,Skyy,318,False,391,False,873,0.017,False,False,False,True,False,False,False,False,30,6,2870,0,,False,2026-06-09T06:39:17Z,top 10 sự thật,69200,Toàn bộ câu chuyện về Forsaken,E2U5jWNR6y0,187564,3349
68,0.63,False,Skyy,150,False,521,False,844,0.0231,False,False,False,True,False,False,False,False,52,11,1148,0,,False,2026-05-28T08:42:47Z,top 10 sự thật,69200,Toàn bộ quá trình hình thành và phát triển của Doors,rnGB0CBOAJo,56099,825
72,1.48,False,Skyy,107,False,586,False,524,0.0131,False,True,False,True,True,False,False,False,60,15,1627,0,even,False,2026-05-24T09:20:20Z,top 10 sự thật,69200,Sự Lụi Tàn Của Các Tựa Game Nổi Tiếng Trên Roblox ( Phần 2 ),p6mZDGlUwqk,132418,1839
79,0.16,False,Skyy,40,False,485,False,439,0.0212,False,False,False,True,False,False,False,False,76,15,273,0,,False,2026-05-17T02:44:58Z,top 10 sự thật,69200,Tất cả mọi thứ bạn cần biết về bản update mới của The Strongest Battleground,EcdaCdKfi4Y,14778,187
80,0.95,False,Skyy,87,False,749,False,893,0.0143,False,True,False,True,False,False,False,False,74,15,1128,0,,False,2026-05-16T09:59:33Z,top 10 sự thật,69200,TẤT TẦN TẬT mọi thứ bạn cần biết để chơi tốt GOJO trong Jujutsu Shenanigan,Vwtas_Am9yw,85041,1063
86,0.4,False,Skyy,108,False,191,False,263,0.0207,False,False,False,False,False,False,False,False,83,15,633,0,,False,2026-05-10T00:00:07Z,top 10 sự thật,69200,Những điều bạn cần biết về Trailer Bản Cập Nhập Mới của The Strongest Battleground ,DVF-0bFRLWk,35754,416
126,0.74,False,Skyy,138,False,817,False,482,0.016,False,True,False,True,False,False,False,False,57,12,923,0,,False,2026-03-31T09:36:11Z,top 10 sự thật,69200,Đánh Giá & Xếp Hạng Toàn Bộ SURVIVOR Trong Bite By Night ,-xF7ljgc578,66165,525
136,1.22,False,Skyy,145,False,603,False,629,0.0141,False,False,False,True,False,False,False,False,44,10,1405,0,,False,2026-03-21T08:46:26Z,top 10 sự thật,69200,Tất tần tật về bản cập nhật mới của Forsaken,LsaLIFwIY40,109626,806
136,0.41,False,Skyy,28,False,0,False,72,0.0166,False,False,False,False,False,False,False,False,88,12,586,0,,False,2026-03-21T06:22:28Z,top 10 sự thật,69200,Tất cả bành trướng lãnh địa trong Jutjutsu Shenangians  #jjs #roblox #jujutsushenanigans,bqes2fj-fQM,36973,272
157,1.84,False,Skyy,229,False,691,False,701,0.0179,False,False,False,True,False,False,False,False,67,14,2727,0,,False,2026-02-28T09:14:42Z,top 10 sự thật,69200,Toàn bộ câu chuyện về những Huyền Thoại đời đầu của Roblox Việt Nam,4uIBo4ZBb8c,164699,1049
173,10.1,False,Skyy,337,False,1082,False,1048,0.0064,False,True,False,True,False,False,False,False,51,12,5443,0,,False,2026-02-12T09:15:56Z,top 10 sự thật,69200,Sự sụp đổ của các Tựa Game từng thống trị cả Roblox,AzZ3IYNzowQ,905623,5235
209,0.83,False,Skyy,403,False,566,False,825,0.0246,False,True,False,True,False,False,False,False,69,15,1425,0,,False,2026-01-07T09:00:34Z,top 10 sự thật,69200,Cốt Truyện Của GUT & BLACKPOWDER - Khi Cái Chết Không Phải Là Hồi Kết,WaPY_b7EGsU,74164,355
227,3.47,False,Skyy,489,False,355,False,729,0.0207,False,True,False,True,True,False,False,False,41,9,5946,0,odd,False,2025-12-20T09:32:04Z,top 10 sự thật,69200,+11 Kiểu Người Chơi trong FORSAKEN ( P3 ),3mPgROtrWig,310799,1369
233,3.83,False,Skyy,587,False,454,False,643,0.0198,False,True,False,True,True,False,False,False,41,9,6191,0,even,False,2025-12-14T02:19:31Z,top 10 sự thật,69200,Các kiểu Người Chơi trong FORSAKEN ( P2 ),kbRJIJM6lUg,343062,1472
248,2.3,False,Skyy,338,False,330,False,404,0.0111,False,False,False,True,False,False,False,False,55,12,1958,0,,False,2025-11-29T10:57:56Z,top 10 sự thật,69200,Toàn bộ Thay Đổi và Chỉnh Sửa trong bản cập nhập mới!!!,32-_VvzXNFg,205925,830
248,6.01,False,Skyy,86,False,375,False,904,0.0053,False,True,False,True,False,False,False,False,28,6,2785,0,,False,2025-11-29T01:57:13Z,top 10 sự thật,69200,Toàn Bộ Câu Chuyện Về Roblox,9QKiJUmj1Vc,538401,2171
259,4.16,False,Skyy,383,False,330,False,1012,0.0094,False,False,False,True,True,False,False,False,53,12,3133,0,even,False,2025-11-18T04:30:47Z,top 10 sự thật,69200,10 Skin Killer phải sỡ hữu trong Bản Cập Nhập lần này,bLChTxEcgRI,372960,1440
275,2.02,False,Skyy,246,False,0,False,33,0.0216,False,False,False,False,False,False,False,True,59,12,3670,0,,False,2025-11-02T05:16:23Z,top 10 sự thật,69200,Jane Doe sẽ là nhân vật sống sót kế tiếp? #forsaken #roblox,Y9ItVyq-9kM,181049,658
1,0.02,False,psychology facts,0,False,0,False,12,0.0526,False,True,False,False,False,False,False,False,61,8,1,0,,False,2026-08-04T13:30:05Z,psychology facts,68900,SIGNS OF A DANGEROUSLY INTELLIGENT PERSON #shorts #psychology,m4T9v6j7qv0,19,19
1,0.22,False,psychology facts,0,True,0,False,11,0.0047,False,True,False,False,False,False,False,False,49,7,1,0,,False,2026-08-04T02:00:09Z,psychology facts,68900,THE DARK TRUTH ABOUT PEOPLE:  #shorts #psychology,3jyS7VgvBjo,214,214
1,0.28,False,psychology facts,0,False,0,False,11,0.0037,False,True,False,False,True,False,False,False,57,9,1,0,odd,False,2026-08-03T23:00:25Z,psychology facts,68900,5 NIGHT SIGNS YOU SHOULD NEVER IGNORE #shorts #psychology,1kDb3M9UBQ0,271,271
1,0.16,False,psychology facts,0,False,0,False,11,0.0129,False,True,False,False,False,False,False,False,71,11,2,0,,False,2026-08-03T02:00:22Z,psychology facts,68900,THE ART OF EYE CONTACT THAT MAKES YOU UNFORGETTABLE #shorts #psychology,OXQuwXPLC7o,155,155
1,0.83,False,psychology facts,0,False,0,False,11,0.005,False,True,True,False,False,False,False,False,39,6,4,0,,False,2026-08-02T23:00:33Z,psychology facts,68900,FACTS ABOUT WOMEN 😱 #shorts #psychology,RpDL-4fE2EI,806,806
1,0.75,False,psychology facts,0,False,0,False,12,0.0082,False,False,True,False,False,False,False,False,63,9,6,0,,False,2026-08-02T16:30:32Z,psychology facts,68900,Relationship Habits That Keep Love Strong 🤩 #shorts #psychology,XS_NTnlL0Ko,733,733
2,0.21,False,psychology facts,0,False,0,False,11,0.005,False,True,False,False,True,False,False,False,57,9,1,0,even,False,2026-08-02T13:30:17Z,psychology facts,68900,4 SIGNS YOU HAVE THE OBSERVER'S EDGE. #shorts #psychology,kKaJBJ4a_vY,202,101
2,0.2,False,psychology facts,0,False,0,False,12,0.0251,False,True,False,False,False,False,False,True,59,8,5,0,,False,2026-08-02T02:00:24Z,psychology facts,68900,HOW TO RECOGNIZE SOMEONE'S TRUE CHARACTER INSTANTLY #shorts,dttwPFm5JgY,199,100
2,1.45,False,psychology facts,1,False,0,False,11,0.0261,False,True,False,False,False,False,False,False,41,5,36,0,,False,2026-08-01T23:00:04Z,psychology facts,68900,NEVER FORGET THIS.... #shorts #psychology,d11Z4rkEMws,1415,708
2,1.92,False,psychology facts,0,False,0,False,11,0.0107,False,False,False,False,False,False,False,False,64,9,20,0,,False,2026-08-01T16:30:01Z,psychology facts,68900,Dark Psychology Facts That Expose Your Mind: #shorts #psychology,T7MYHPKQZAI,1872,936
3,0.26,False,psychology facts,0,True,0,False,11,0.0078,False,True,False,False,False,False,False,False,70,10,2,0,,False,2026-08-01T13:30:15Z,psychology facts,68900,DARK PSYCHOLOGY: THE SECRETS THEY HIDE FROM YOU... #shorts #psychology,dN2ygjzmuDk,256,85
3,0.84,False,psychology facts,0,False,0,False,11,0.0098,False,True,False,False,True,False,False,True,66,10,8,0,even,False,2026-08-01T02:00:10Z,psychology facts,68900,PSYCHOLOGY TRICKS: HOW TO READ ANYONE (PART 2) #shorts #psychology,WpxRQ-AM3lw,816,272
3,1.38,False,psychology facts,1,False,0,False,11,0.0209,False,False,False,False,False,False,False,False,72,9,27,0,,False,2026-07-31T23:00:25Z,psychology facts,68900,psychology Facts About emotionally Strong People ... #shorts #psychology,GaBG6rMwPfc,1342,447
4,1.77,False,psychology facts,0,False,0,False,11,0.0099,False,True,False,False,False,False,False,False,57,8,17,0,,False,2026-07-31T13:30:11Z,psychology facts,68900,THE DARK SIDE OF FEMALE PSYCHOLOGY... #shorts #psychology,4HADbfIL07I,1723,431
4,1.22,False,psychology facts,0,False,0,False,11,0.0076,False,False,True,False,True,False,False,False,57,11,9,0,odd,False,2026-07-31T02:00:22Z,psychology facts,68900,99% People Kiss Wrong And Don't Even Know It 😜... #shorts,r654b71Iayw,1190,298
4,2.13,False,psychology facts,0,False,0,False,11,0.0154,False,False,False,False,False,False,False,False,47,5,32,0,,False,2026-07-30T23:00:15Z,psychology facts,68900,Strange dark Information... #shorts #psychology,iytBcVZ3n7M,2072,518
4,1.51,False,psychology facts,2,False,150,False,11,0.0218,False,False,False,False,False,False,False,False,56,10,30,0,,False,2026-07-30T16:30:04Z,psychology facts,68900,"A Girl Who Smiles A Lot Is Often... #shorts #psychology""",FVqUwvJtYPI,1470,368
5,1.08,False,psychology facts,0,False,135,False,11,0.0201,False,False,False,False,False,False,False,False,49,7,21,0,,False,2026-07-30T13:30:08Z,psychology facts,68900,The Middle Child Is Always... #shorts #psychology,dYLO7dhkPAs,1047,209
5,0.29,False,psychology facts,2,False,54,False,11,0.0071,False,False,True,False,False,False,False,False,36,6,0,0,,False,2026-07-30T02:00:25Z,psychology facts,68900,"""Leo Zodiac Facts ♌🦁 #shorts #zodiac",I93OnmKvqK0,280,56
5,1.23,False,psychology facts,0,False,137,False,15,0.0058,False,False,False,False,False,False,False,False,54,7,7,0,,False,2026-07-29T23:00:08Z,psychology facts,68900,"Girls Weakness (Boys, Take Notes) #shorts #psychology""",bai3AmrJc6A,1197,239
5,1.2,False,psychology facts,0,False,89,False,15,0.0112,False,False,False,False,False,False,False,False,46,7,13,0,,False,2026-07-29T16:30:40Z,psychology facts,68900,Girls Fact about love .... #shorts #psychology,IxUdm2f0zRY,1165,233
6,0.99,False,psychology facts,1,False,128,False,11,0.0218,False,False,False,False,False,False,False,False,66,11,20,0,,False,2026-07-29T13:30:05Z,psychology facts,68900,"Spell Your Crush's Name And See What It Means #shorts #psychology""",3uoyOY-WOXg,962,160
6,2.43,False,psychology facts,0,False,155,False,11,0.0025,False,False,False,False,False,False,False,False,65,9,6,0,,False,2026-07-29T02:00:32Z,psychology facts,68900,"""Signs Someone Can't Stop Thinking About You #shorts #psychology""",k-LYCWOETrE,2364,394
6,1.22,False,psychology facts,1,False,186,False,11,0.0177,False,False,False,False,False,False,False,False,82,13,20,0,,False,2026-07-28T23:00:20Z,psychology facts,68900,"""Signs You're Someone's Safe Place, Even If They Never Say It #shorts #psychology""",wMnBMBzipa4,1185,198
6,0.66,False,psychology facts,0,False,0,False,12,0.0171,False,False,False,False,False,False,False,False,80,10,11,0,,False,2026-07-28T16:30:08Z,psychology facts,68900,"""Signs You're More Emotionally Intelligent Than You Realize #shorts #psychology""",OFbDjleSR-Y,645,108
7,1.74,False,psychology facts,0,False,0,False,11,0.0142,False,False,False,False,False,False,False,False,66,10,24,0,,False,2026-07-28T13:30:05Z,psychology facts,68900,"Signs You Were The Peacekeeper Of Your Family #shorts #psychology""",GfNwhYyDPwU,1696,242
7,0.78,False,psychology facts,0,False,0,False,11,0.0172,False,False,False,False,False,False,False,False,69,9,13,0,,False,2026-07-28T02:00:31Z,psychology facts,68900,"Dark psychology, The illusion of Human Control... #shorts #psychology",NHOdC9Pih8A,757,108
7,1.01,False,psychology facts,0,False,0,False,12,0.0132,False,False,True,False,False,False,False,False,68,12,13,0,,False,2026-07-27T23:00:11Z,psychology facts,68900,People who died and come back 😱 What they saw... #shorts #psychology,MQsRI1Ony5o,985,141
7,1.37,False,psychology facts,2,False,168,False,12,0.0195,False,False,False,False,False,False,False,False,82,13,24,0,,False,2026-07-27T16:30:28Z,psychology facts,68900,"Signs You Learned To Comfort Yourself Because No One Else Did #shorts #psychology""",lx3fBMVP9HI,1331,190
8,0.0,False,psychology facts,0,False,667,False,180,0.25,False,False,False,True,True,False,False,False,43,9,1,7,odd,False,2026-07-27T13:30:36Z,psychology facts,68900,"You Were The Glue, Not The Child"" (Part 1) ",Yh1Sfatukf0,4,0
1130,0.06,False,Profits Run,3,False,400,False,421,0.0283,False,False,False,True,False,False,False,True,41,7,15,5,,False,2023-06-30T21:01:44Z,finance explained,68700,Regional Bank “Short Squeeze” on the Way?,dSLuxIIbGy4,636,1
1131,0.02,False,Profits Run,0,False,400,False,373,0.0408,False,False,False,True,True,False,False,False,30,6,10,4,odd,False,2023-06-29T20:26:33Z,finance explained,68700,1 Bank Stock Making a Comeback,POYVOblP9z8,245,0
1133,0.03,False,Profits Run,1,False,400,False,377,0.0168,False,True,False,True,False,False,False,False,36,7,4,6,,False,2023-06-27T20:38:41Z,finance explained,68700,"THIS Is the Lone AI Stock ""Survivor""",bUOgqGwH-CY,298,0
1133,0.1,False,Profits Run,0,False,400,False,61,0.0183,False,False,False,True,False,False,False,True,53,9,18,5,,False,2023-06-27T20:24:52Z,finance explained,68700,How I Tripled My Trading Account With Options #shorts,h0USnGkcxaA,982,1
1135,0.01,False,Profits Run,0,False,650,False,494,0.0411,False,False,False,True,False,False,False,False,26,5,6,6,,False,2023-06-26T14:21:45Z,finance explained,68700,Bears Love This Bank Stock,MzZPaU-eHwY,146,0
1138,0.02,False,Profits Run,1,False,671,False,414,0.0308,False,True,False,True,False,False,False,False,57,8,6,5,,False,2023-06-22T18:00:16Z,finance explained,68700,"CrowdStrike (CRWD) Reverses In Rare ""Bearish Dream Setup""",joXrzmEPNzc,227,0
1140,0.01,False,Profits Run,0,False,812,False,465,0.0087,False,True,False,True,False,False,False,False,47,7,1,5,,False,2023-06-20T19:49:59Z,finance explained,68700,MGM Resorts (MGM) Facing Major Chinese Exposure,c6wHVZR4rGE,115,0
1142,0.01,False,Profits Run,0,False,1050,False,306,0.0163,False,True,False,True,False,False,False,True,42,7,2,5,,False,2023-06-19T14:37:10Z,finance explained,68700,Las Vegas Sands (LVS) Starting to Crumble?,I725mWddmIU,123,0
1145,0.02,False,Profits Run,0,False,721,False,421,0.029,False,True,False,True,False,False,False,False,19,4,6,6,,False,2023-06-16T14:18:01Z,finance explained,68700,Block (SQ) Is Back!,kWPMpMiawlE,207,0
1146,0.02,False,Profits Run,0,False,719,False,362,0.0172,False,True,False,True,False,False,False,False,29,5,3,5,,False,2023-06-15T13:21:34Z,finance explained,68700,AbbVie (ABBV) Sets Lower High,bxX8z5NlQ20,174,0
1147,0.01,False,Profits Run,1,False,696,False,384,0.0403,False,True,False,True,False,False,False,False,26,4,5,3,,False,2023-06-14T13:26:41Z,finance explained,68700,CrowdStrike Ready To RALLY,Ay5JdMuROuw,149,0
1148,0.05,False,Profits Run,0,False,677,False,349,0.0356,False,False,False,True,False,False,False,False,33,6,18,0,,False,2023-06-12T20:39:19Z,finance explained,68700,Another Gold Miner Bites The Dust,obDlZ08gsng,506,0
1152,0.02,False,Profits Run,0,False,770,False,434,0.0114,False,True,False,True,False,False,False,True,38,5,2,8,,False,2023-06-09T13:00:17Z,finance explained,68700,Starbucks (SBUX) Getting Burned Again?,E8d9WrkQLxM,175,0
1152,0.02,False,Profits Run,1,False,577,False,710,0.0412,False,True,False,True,False,False,False,False,35,6,7,6,,False,2023-06-08T19:58:43Z,finance explained,68700,Procter & Gamble (PG) Bearish Trade,B3BNkhn3T3U,194,0
3155,1.01,False,Profits Run,,False,4216,False,247,0.0,False,False,False,True,False,False,False,False,44,7,,15,,False,2017-12-13T17:58:43Z,finance explained,68700,"Bill Poulos of Profits Run, Trading Educator",58iURZmL68Y,10344,3
3330,11.11,False,Profits Run,206,False,1053,True,303,0.0153,False,False,False,True,True,False,False,False,92,13,1530,21,odd,False,2017-06-21T22:02:11Z,finance explained,68700,Bill Poulos Presents: Bitcoin & Cryptocurrencies Explained In 5 Mins. Bitcoin For Beginners.,FTvaWBLZRZM,113650,34
4315,10.02,False,Profits Run,58,False,1110,False,462,0.0133,False,False,False,True,False,False,False,False,90,16,1308,25,,False,2014-10-10T18:04:39Z,finance explained,68700,Bill Poulos & Profits Run Present: The Power of Options Delta When Trading (What Is Delta),SpSSkjOKccs,102500,24
4331,7.95,False,Profits Run,71,False,787,False,242,0.0289,False,False,False,True,False,False,False,True,94,15,2277,18,,False,2014-09-24T18:10:57Z,finance explained,68700,Bill Poulos & Profits Run Present: Options Trading Risk Management Formula (How Much To Trade),cPrr8QcoPl0,81380,19
4502,13.92,False,Profits Run,68,False,443,True,167,0.0118,False,False,False,True,True,False,False,True,67,13,1608,13,odd,False,2014-04-06T16:53:44Z,finance explained,68700,The Basics of Limit Orders In 3 Minutes (How to trade limit orders),Ms4oVXlYwsQ,142459,32
4532,1.74,False,Profits Run,5,False,529,True,159,0.016,False,False,False,True,True,False,False,True,99,14,281,14,odd,False,2014-03-07T18:06:02Z,finance explained,68700,Candlestick Patterns & Candlestick Charts Explained Simply In 3 Minutes (How To Trade Candlesticks),qm18gchUubo,17846,4
4546,0.99,False,Profits Run,6,False,378,True,293,0.0156,False,False,False,True,True,False,False,False,41,7,152,12,odd,False,2014-02-21T21:48:06Z,finance explained,68700,Trend Lines Explained Simply In 5 Minutes,H4oU3-epwZk,10119,2
4553,1.1,False,Profits Run,5,False,412,True,139,0.0147,False,False,False,True,True,False,False,True,65,13,161,12,even,False,2014-02-14T17:01:28Z,finance explained,68700,The Basics of Stop Orders In 2 Minutes (How to trade stop orders),fFQcEGw4P3w,11257,2
4561,28.64,False,Profits Run,115,False,436,True,159,0.0055,False,False,False,True,True,False,False,True,77,15,1493,12,even,False,2014-02-06T18:02:22Z,finance explained,68700,The Basics of Stop Limit Orders In 2 Minutes (How to trade stop limit orders),EOWbaRvciSA,293066,64
4612,2.57,False,Profits Run,7,False,408,False,277,0.0119,False,False,False,True,False,False,False,False,25,4,306,10,,False,2013-12-17T19:27:13Z,finance explained,68700,All About Bollinger Bands,dEZFbOg_AUU,26301,6
4619,9.81,False,Profits Run,36,False,461,True,204,0.0121,False,True,False,True,True,False,False,False,61,9,1178,9,odd,False,2013-12-10T17:07:54Z,finance explained,68700,Average Directional Index (ADX) Explained Simply In 3 Minutes,fcILVaokB-8,100421,22
4619,334.16,False,Profits Run,2559,False,673,True,476,0.0181,False,False,False,True,True,False,False,False,95,15,59199,17,even,False,2013-12-10T16:01:31Z,finance explained,68700,Bill Poulos Presents: Call Options & Put Options Explained In 8 Minutes (Options For Beginners),EfmTWu2yn5Q,3418914,740
4626,15.57,False,Profits Run,46,False,475,True,193,0.0098,False,False,False,True,True,False,False,False,58,9,1512,10,odd,False,2013-12-03T16:01:32Z,finance explained,68700,Average True Range Indicator Explained Simply In 3 Minutes,whdj-d52hU0,159304,34
4633,9.39,False,Profits Run,31,False,470,True,156,0.0086,False,False,False,True,True,False,False,False,57,8,794,12,even,False,2013-11-26T16:57:24Z,finance explained,68700,Exponential Moving Averages Explained Simply In 2 Minutes,RMyvXH5GdMM,96024,21
4640,19.14,False,Profits Run,70,False,459,True,185,0.0106,False,True,False,True,True,False,False,False,100,12,2015,15,odd,False,2013-11-19T16:13:42Z,finance explained,68700,Understanding MACD Indicator (Moving Average Convergence-Divergence) - Explained Simply In 3 Minutes,-Y6qGd5oVMo,195795,42
4647,16.27,False,Profits Run,85,False,495,True,271,0.0118,False,False,False,True,True,False,False,False,63,10,1887,13,even,False,2013-11-12T17:55:59Z,finance explained,68700,The Basics of Stochastics Trading Explained Simply In 4 Minutes,44R8RSjZcHQ,166507,36
1,0.07,False,TIN TỨC 24H,0,False,1470,False,1118,0.0094,False,True,False,False,False,False,False,True,76,16,2,29,,False,2026-08-04T12:00:14Z,giá vàng phân tích,68500,"TOÀN CẢNH: Chung Cư Không Còn Là ""Tích Sản""? Người Mua Nhà Cần Biết Điều Gì?",frkuwKU2CvU,212,212
1,0.26,False,TIN TỨC 24H,6,True,1296,False,1607,0.0323,False,True,False,False,False,False,False,True,87,21,19,31,,False,2026-08-04T08:00:14Z,giá vàng phân tích,68500,TOÀN CẢNH: KHÁNH SKY vừa bị bắt khẩn cấp là ai? Hé lộ sự thật sau ồn ào chửi “Vua Quạt”,hDxHqYH15K4,773,773
1,1.29,False,TIN TỨC 24H,0,False,1383,False,,0.0143,False,True,True,False,False,False,False,True,96,24,54,29,,False,2026-08-04T01:47:39Z,giá vàng phân tích,68500,🔴 TRỰC TIẾP GS Đặng Hùng Võ Nhận Định: Nhà Ở Cho Thuê Có Thể Chấm Dứt Cơn Sốt Giá Nhà Và Đầu Cơ?,YnRKDCwYjOg,3788,3788
1,0.07,False,TIN TỨC 24H,0,False,1938,False,1450,0.0092,False,True,False,False,False,False,False,False,99,22,2,20,,False,2026-08-04T05:00:06Z,giá vàng phân tích,68500,TOÀN CẢNH: Từ “CÁ MẬP” Shark Tank Đến Bị Can Đại Án Mr Pips – Shark Bình Đối Diện  Khung Phạt Nặng!,zLZjouIi5qE,218,218
1,0.63,False,TIN TỨC 24H,0,False,1783,False,1744,0.0104,False,True,False,False,False,True,False,True,100,24,19,18,,False,2026-08-03T23:46:36Z,giá vàng phân tích,68500,TOÀN CẢNH: Cú Lao Dốc Của Vàng Chỉ Là “MÀN KHÓI”? Lực Mua Khổng Lồ Hé Lộ Kịch Bản Bất Ngờ? | Tin Tức,ONsPTWAr90g,1831,1831
1,0.34,False,TIN TỨC 24H,0,False,1835,False,3015,0.007,False,True,False,False,True,False,False,True,97,21,7,19,even,True,2026-08-03T12:00:06Z,giá vàng phân tích,68500,"TOÀN CẢNH: Kim Cương Hà Nội Rơi Vào “BẪY THANH KHOẢN” – Mua Đắt, Bán Lỗ 30% Vẫn Không Thoát Hàng?",Fbk4cf-4bG0,994,994
1,0.51,False,TIN TỨC 24H,0,False,1450,False,30708,0.0067,False,True,True,False,False,False,False,True,89,21,10,36,,False,2026-08-03T10:52:44Z,giá vàng phân tích,68500,"🔴 TRỰC TIẾP: TS Bùi Ngọc Sơn Hé Lộ Metro Thay Đổi Giá Bất Động Sản Hà Nội, TP.HCM Ra Sao?",UGbDl4Ts78w,1498,1498
1,0.04,False,TIN TỨC 24H,1,False,1862,False,1265,0.0192,False,True,False,False,True,False,False,False,100,23,1,18,even,False,2026-08-03T08:00:36Z,giá vàng phân tích,68500,TOÀN CẢNH: 20 Năm Chống Tiêu Cực Thi Cử – Thầy Đỗ Việt Khoa Hé Lộ “MẮT XÍCH CON NGƯỜI” Đáng Sợ Nhất!,miIkF3mUa34,104,104
1,1.08,False,TIN TỨC 24H,3,False,1925,False,1978,0.0108,False,True,False,False,False,False,False,True,100,22,31,19,,False,2026-08-03T05:00:23Z,giá vàng phân tích,68500,"TOÀN CẢNH Từ Cơn Sốt Mua Đến Làn Sóng Bán Tháo – Thị Trường Vàng, Kim Cương Cần Một Cuộc “ĐẠI PHẪU”?",vp8__xuVjDw,3156,3156
1,1.03,False,TIN TỨC 24H,4,False,1898,False,2249,0.009,False,True,False,False,False,False,False,False,91,17,23,19,,False,2026-08-03T02:00:20Z,giá vàng phân tích,68500,"TOÀN CẢNH: Khủng Hoảng Thị Trường Kim Cương, Hàng Loạt Tiệm Đóng Cửa, Thanh Khoản ""Tê Liệt""",B4I1oXcsCU4,3013,3013
1,0.29,False,TIN TỨC 24H,0,False,1895,False,1708,0.0059,False,True,False,False,False,False,True,True,100,22,5,22,,False,2026-08-02T23:00:39Z,giá vàng phân tích,68500,"TOÀN CẢNH Kevin Warsh “TƯỚC LA BÀN” Phố Wall – Giới Đầu Tư Hoảng Loạn, Vàng Sắp Bùng Nổ Hay Lao Dốc?",IZFlzRAoa0Y,845,845
2,2.17,False,TIN TỨC 24H,1,False,1963,False,1841,0.0096,False,True,False,False,False,True,False,True,96,20,60,20,,False,2026-08-02T12:00:18Z,giá vàng phân tích,68500,TOÀN CẢNH Bắt Giam Thứ Trưởng – Góc Khuất “GIẤY PHÉP CON” Trong Ngành Sầu Riêng Tỷ USD?| Tin Tức,mtwcsS2QTWc,6362,3181
2,0.41,False,TIN TỨC 24H,0,False,1848,False,1842,0.0151,False,True,False,False,False,False,False,False,100,22,18,19,,False,2026-08-02T10:00:20Z,giá vàng phân tích,68500,TOÀN CẢNH: Chứng Thư Thật Không Đồng Nghĩa Kim Cương Thật – “CÚ LỪA THẾ KỶ” Ai Cũng Có Thể Mắc Phải!,hy8sL4b4A24,1195,598
2,2.42,False,TIN TỨC 24H,3,False,1832,False,1623,0.0065,False,True,False,False,False,False,True,True,96,20,43,19,,False,2026-08-02T08:00:37Z,giá vàng phân tích,68500,TOÀN CẢNH: PNJ Sau Cú Sốc Kim Cương – Doanh Nghiệp Đang “LỘI NGƯỢC DÒNG” Hay Chỉ Tạm Thoát Hiểm?,HR5Tq110Prg,7083,3542
2,2.26,False,TIN TỨC 24H,3,False,1582,False,1903,0.013,False,True,False,False,True,False,False,True,100,22,83,27,even,False,2026-08-02T05:00:03Z,giá vàng phân tích,68500,"TOÀN CẢNH: Trung Quốc Lại Mua Mạnh Chưa Từng Có Giữa Lúc Giá Vàng Giảm Hơn 20%, Điều Gì Đang Xảy Ra?",eeLCWnjU3x8,6619,3310
3,3.73,False,TIN TỨC 24H,0,False,1598,False,,0.0111,False,True,True,False,False,False,False,False,96,22,121,32,,False,2026-08-01T15:20:05Z,giá vàng phân tích,68500,🔴 TRỰC TIẾP: TS Bùi Ngọc Sơn Giải Mã Cuộc Đua AI Khiến Mỹ Và Trung Quốc Cùng Thay Đổi Chiến Lược,obuA6sHxE3k,10927,3642
2,4.78,False,TIN TỨC 24H,1,False,1296,False,1935,0.0075,False,True,False,False,True,False,False,True,88,20,104,32,odd,False,2026-08-01T23:00:12Z,giá vàng phân tích,68500,"TOÀN CẢNH: Giá Vàng Lao Dốc Sau Đỉnh 5.600 USD, Nhà Đầu Tư Phải Chờ Bao Lâu Mới Hòa Vốn?",w5nnFSgsZ-4,14003,7002
3,3.24,False,TIN TỨC 24H,11,False,1330,False,2408,0.0086,False,True,False,False,True,False,False,False,95,22,71,26,even,True,2026-08-01T12:00:36Z,giá vàng phân tích,68500,TOÀN CẢNH: Cú Sốc Lãi Suất Thả Nổi 14% Khiến Hàng Triệu Người Vay Mua Nhà Đối Mặt Áp Lực Trả Nợ,WFIZv07DFkA,9490,3163
3,0.66,False,TIN TỨC 24H,0,False,1863,False,23650,0.0135,False,True,True,False,True,False,False,True,97,23,26,20,even,False,2026-08-01T08:42:39Z,giá vàng phân tích,68500,🔴 TRỰC TIẾP: Lãi Suất Khó Giảm Mạnh – Chuyên Gia Hé Lộ Dòng Tiền Sẽ “ĐỔ” Về Đâu 6 Tháng Cuối Năm?,e2ycbjYHUeg,1924,641
3,0.9,False,TIN TỨC 24H,0,False,1929,False,2000,0.0084,False,True,False,False,True,False,False,True,98,21,22,17,even,False,2026-08-01T08:00:35Z,giá vàng phân tích,68500,"TOÀN CẢNH: 30 Tiệm Vàng, Kim Cương Đồng Loạt “ĐÓNG CỬA” – Tích Sản Dễ, Thanh Khoản Mới Là Ác Mộng?",mp2xKG8ruz8,2625,875
3,13.7,False,TIN TỨC 24H,47,False,1823,False,1676,0.0109,False,True,False,False,True,True,False,True,100,24,389,21,odd,False,2026-08-01T05:00:32Z,giá vàng phân tích,68500,"TOÀN CẢNH: Cú Sốc Giá Vàng – Không Phải 5.000 USD, Chuyên Gia Hé Lộ Mốc Giá Cao Gấp 4 Lần? | Tin Tức",kbKsgtZ83Q0,40100,13367
3,0.5,False,TIN TỨC 24H,0,False,1920,False,2141,0.0109,False,True,False,False,False,False,False,False,100,21,16,19,,True,2026-07-31T23:00:24Z,giá vàng phân tích,68500,"TOÀN CẢNH: Chật Vật Bán Tháo Kim Cương – Khách Hàng Từ Chủ Động Thành “BỊ ĐỘNG”, Bán Lỗ Không Thoát!",YS20wlDrzok,1466,489
3,3.05,False,TIN TỨC 24H,6,False,1650,False,4859,0.0133,False,True,True,False,False,False,False,True,97,22,113,33,,False,2026-07-31T16:20:05Z,giá vàng phân tích,68500,🔴 TRỰC TIẾP TS Bùi Ngọc Sơn: AI Đã Biết Qua Mặt Con Người? Phát Hiện Gây Chấn Động Giới Công Nghệ,CvfLzWZphok,8930,2977
4,0.35,False,TIN TỨC 24H,1,False,1911,False,2619,0.0147,False,True,False,False,False,True,False,True,91,19,14,20,,True,2026-07-31T12:00:32Z,giá vàng phân tích,68500,"TOÀN CẢNH: KHỦNG HOẢNG THANH KHOẢN Kim Cương – Giữ Cũng Mất, Bán Cũng Không Xong? | Tin Tức",DxJML-E7luk,1023,256
4,2.92,False,TIN TỨC 24H,1,False,1870,False,1056,0.0074,False,True,False,False,False,False,False,True,97,21,62,19,,False,2026-07-31T08:00:32Z,giá vàng phân tích,68500,"TOÀN CẢNH: Vàng Lao Dốc, Bất Động Sản Đóng Băng, Chứng Khoán Đỏ Lửa – Dòng Tiền Đang Chạy Về Đâu?",otM37OVSmt8,8538,2134
4,4.89,False,TIN TỨC 24H,4,False,1982,False,2678,0.0095,False,True,False,False,False,False,False,True,96,21,132,21,,False,2026-07-31T05:00:02Z,giá vàng phân tích,68500,"TOÀN CẢNH: PNJ Bất Ngờ “LẬT NGƯỢC THẾ CỜ” Sau Cú Sốc Kim Cương Lậu, Dòng Tiền Đảo Chiều Hiếm Có?",tq8uR5XYmro,14306,3576
4,3.16,False,TIN TỨC 24H,1,False,1891,False,1673,0.009,False,True,False,False,False,False,False,True,92,20,82,23,,False,2026-07-30T23:00:06Z,giá vàng phân tích,68500,TOÀN CẢNH: FED Giữ Nguyên Lãi Suất Nhưng Nội Bộ “DẬY SÓNG” – Vàng Và USD Sắp Biến Động Mạnh?,o12iYZhxEWk,9245,2311
5,0.71,False,TIN TỨC 24H,0,False,2015,False,1203,0.0096,False,True,False,False,False,True,False,False,100,24,20,20,,True,2026-07-30T13:00:06Z,giá vàng phân tích,68500,"TOÀN CẢNH: Tin Dữ Với Người Ôm Kim Cương – Cửa Hàng Đồng Loạt Đóng Cửa, Bán Lỗ Vẫn Mắc Kẹt | Tin tức",_K4GJOFVTw8,2091,418
5,31.56,False,TIN TỨC 24H,47,False,2118,False,2227,0.0084,False,True,False,False,False,False,False,False,100,23,729,20,,False,2026-07-30T12:00:06Z,giá vàng phân tích,68500,TOÀN CẢNH Thứ Trưởng Bộ Nông Nghiệp & Môi Trường Bị Bắt - Hé Lộ Góc Khuất Mã Số Vùng Trồng Sầu Riêng,0ZWiYzsmvQw,92410,18482
5,0.97,False,TIN TỨC 24H,4,False,2038,False,1231,0.0091,False,True,False,False,True,False,False,True,99,20,22,20,even,False,2026-07-30T10:00:06Z,giá vàng phân tích,68500,"TOÀN CẢNH: “ĐỊA CHẤN” Kim Cương TP.HCM – 30 Cửa Hàng Đồng Loạt Đóng Cửa, Khủng Hoảng Chưa  Hồi Kết?",mJlrh0XB3KQ,2843,569
28,0.01,False,explainitychannel,0,False,2226,False,196,0.019,False,True,False,True,False,False,False,False,88,11,2,21,,False,2026-07-07T15:00:12Z,kinh tế giải thích,68100,EU GDPR: 'EU General Data Protection Regulation' explained (explainity® explainer video),cqUcBb468wg,105,4
811,0.32,False,explainitychannel,5,False,1191,False,246,0.0111,False,False,False,True,True,False,False,False,68,8,32,31,even,False,2024-05-15T12:24:37Z,kinh tế giải thích,68100,The 2024 European Elelctions explained (explainity® explainer video),Ra9Q_ZNDGIA,3340,4
812,44.52,False,explainitychannel,1104,False,1289,False,292,0.0146,False,False,False,True,False,False,False,False,69,7,5753,35,,False,2024-05-14T09:29:34Z,kinh tế giải thích,68100,The Israel-Palestine Conflict explained (explainity® explainer video),tEqTw-ZXPkA,469194,578
864,0.43,False,explainitychannel,13,False,1189,False,199,0.0154,False,False,False,True,False,False,False,False,53,5,56,30,,False,2024-03-22T18:00:26Z,kinh tế giải thích,68100,Anti-semitism explained (explainity® explainer video),gTVyXU8z7nM,4491,5
985,0.26,False,explainitychannel,3,False,1132,False,153,0.0234,False,False,False,True,False,False,False,False,49,5,62,35,,False,2023-11-22T18:00:10Z,kinh tế giải thích,68100,Inflation explained (explainity® explainer video),NjOxZFIthrI,2774,3
1027,0.18,False,explainitychannel,2,False,1527,False,187,0.0133,False,True,False,True,False,False,False,False,56,7,23,33,,False,2023-10-11T17:00:14Z,kinh tế giải thích,68100,DNA and Genetics explained (explainity® explainer video),OPrSqmiVGrE,1876,2
1055,0.34,False,explainitychannel,3,False,1766,False,228,0.0141,False,False,False,True,False,False,False,False,63,6,48,39,,False,2023-09-13T17:00:05Z,kinh tế giải thích,68100,Artificial Intelligence explained (explainity® explainer video),72WJauOIdMo,3623,3
1125,0.25,True,explainitychannel,1,False,2667,False,168,0.0131,False,False,False,True,False,False,False,False,53,6,33,30,,False,2023-07-05T17:00:15Z,kinh tế giải thích,68100,False Balance explained (explainity® explainer video),O7pgSZyU4_g,2587,2
1139,0.3,False,explainitychannel,7,False,1717,False,233,0.0169,False,False,False,True,False,False,False,False,49,6,47,35,,False,2023-06-21T17:00:22Z,kinh tế giải thích,68100,The Tides explained (explainity® explainer video),fogr9pysIxg,3190,3
1259,1.79,True,explainitychannel,4,False,2303,False,238,0.0123,False,False,False,True,False,False,False,False,50,5,227,36,,False,2023-02-22T06:57:14Z,kinh tế giải thích,68100,Capitalism explained (explainity® explainer video),hfnkbp1ipSc,18824,15
1342,1.63,True,explainitychannel,90,False,1608,False,138,0.0298,False,False,False,True,False,False,False,False,52,5,423,34,,False,2022-11-30T15:51:43Z,kinh tế giải thích,68100,Whataboutism explained (explainity® explainer video),bG5IzHQ0SMM,17199,13
1379,16.35,True,explainitychannel,229,False,1758,False,249,0.0121,False,False,False,True,False,False,False,False,54,7,1853,35,,False,2022-10-25T08:06:40Z,kinh tế giải thích,68100,War in Ukraine explained (explainity® explainer video),8NFl7yB7EW8,172341,125
1418,0.4,True,explainitychannel,1,False,1280,False,203,0.0057,False,False,False,True,False,False,False,False,62,7,23,21,,False,2022-09-16T11:46:09Z,kinh tế giải thích,68100,'Big Data' simplement expliqué (explainity® vidéo explicative),lH7yE0UFBmI,4182,3
1446,0.57,True,explainitychannel,1,False,1601,False,228,0.0121,False,False,False,True,False,False,False,False,54,5,72,36,,False,2022-08-19T10:33:52Z,kinh tế giải thích,68100,Osteoarthritis explained (explainity® explainer video),Zr4POlnWZ5U,6056,4
1476,0.55,True,explainitychannel,1,False,1192,False,152,0.0167,False,True,False,True,False,False,False,False,65,8,95,42,,False,2022-07-20T12:20:05Z,kinh tế giải thích,68100,NATO - Collective Defense explained (explainity® explainer video),RRfHe-tX7_A,5763,4
1476,38.23,True,explainitychannel,90,False,1178,False,155,0.0099,False,False,False,True,False,False,False,False,51,5,3898,32,,False,2022-07-20T12:19:46Z,kinh tế giải thích,68100,Earthquakes explained (explainity® explainer video),17kBVfGjI8c,402909,273
1580,0.75,True,explainitychannel,1,False,1986,False,179,0.012,False,False,False,True,False,False,False,False,49,5,94,37,,False,2022-04-06T17:00:35Z,kinh tế giải thích,68100,volcanoes explained (explainity® explainer video),UcWBQ6QhA_Y,7914,5
1588,1.25,True,explainitychannel,4,False,1842,False,233,0.011,False,False,False,True,False,False,False,False,50,5,141,44,,False,2022-03-30T06:29:42Z,kinh tế giải thích,68100,whirlwinds explained (explainity® explainer video),N9VX73jAnWc,13165,8
1615,26.22,True,explainitychannel,223,False,1509,False,224,0.0139,False,True,False,True,False,False,False,False,43,5,3622,33,,False,2022-03-02T18:00:34Z,kinh tế giải thích,68100,ETF explained (explainity® explainer video),YNOgoR9k0i8,276377,171
1742,3.2,False,explainitychannel,34,False,2005,False,163,0.0086,False,False,False,True,False,False,False,False,52,6,255,21,,False,2021-10-27T10:46:33Z,kinh tế giải thích,68100,property tax explained (explainity® explainer video),vUnCyQGmE60,33773,19
1820,0.28,True,explainitychannel,0,False,1631,False,192,0.015,False,False,False,True,False,False,False,False,48,6,44,28,,False,2021-08-10T09:58:59Z,kinh tế giải thích,68100,a stroke explained (explainity® explainer video),fBUhENTAzDE,2930,2
1901,1.37,True,explainitychannel,28,False,1073,False,168,0.0157,False,False,False,True,True,False,False,False,53,7,198,33,even,False,2021-05-21T08:04:26Z,kinh tế giải thích,68100,Nord Stream 2 explained (explainity® explainer video),d3dRoEl-oXg,14406,8
1922,2.19,True,explainitychannel,13,False,1478,False,186,0.0144,False,False,False,True,False,False,False,False,44,5,320,37,,False,2021-04-30T07:55:35Z,kinh tế giải thích,68100,wind explained (explainity® explainer video),FHG8XV5rvsM,23100,12
1922,20.39,True,explainitychannel,99,False,1513,False,177,0.0132,False,False,False,True,False,False,False,False,52,5,2743,40,,False,2021-04-30T07:30:03Z,kinh tế giải thích,68100,thunderstorm explained (explainity® explainer video),jfdX1nW-14A,214886,112
1993,2.78,False,explainitychannel,19,False,1540,False,214,0.0123,False,True,False,True,False,False,False,False,47,6,342,29,,False,2021-02-17T18:15:01Z,kinh tế giải thích,68100,The WHO explained (explainity® explainer video),qhvx5oxbYn0,29273,15
2024,0.2,False,explainitychannel,1,False,1495,False,155,0.0208,False,True,False,True,False,False,False,False,43,5,44,36,,False,2021-01-18T15:17:06Z,kinh tế giải thích,68100,DAX explained (explainity® explainer video),lriDrpjQYI8,2159,1
2113,0.24,False,explainitychannel,8,False,2498,False,166,0.0356,False,False,False,True,False,False,False,False,58,6,83,32,,False,2020-10-21T12:43:26Z,kinh tế giải thích,68100,Corona terminology explained (explainity® explainer video),O_FlHHJ4liI,2557,1
2161,4.19,False,explainitychannel,30,False,1313,False,165,0.0109,False,False,False,True,False,False,False,False,55,7,451,32,,False,2020-09-02T17:00:16Z,kinh tế giải thích,68100,'Big Mac Index' explained (explainity® explainer video),b71uzrr8hUs,44122,20
2166,64.35,False,explainitychannel,664,False,1216,False,321,0.0114,False,True,False,True,False,False,False,False,64,7,7056,33,,False,2020-08-28T17:00:04Z,kinh tế giải thích,68100,US Presidential Election explained (explainity® explainer video),Jdadb7qMBcE,678257,313
2204,29.81,False,explainitychannel,154,False,2498,False,268,0.0079,False,False,False,True,False,False,False,False,53,6,2328,43,,False,2020-07-22T15:03:23Z,kinh tế giải thích,68100,climate zones explained (explainity® explainer video),7yiqkOH1GTQ,314214,143
115,0.0,False,Paradox ASF,0,False,539,False,337,0.0,False,False,False,False,False,False,False,False,20,3,0,14,,False,2026-04-11T13:22:55Z,space documentary,67300,Space Myths Bursted ,vmCYjJaPUQs,16,0
157,0.39,False,Paradox ASF,1,False,501,False,14,0.0181,False,False,False,False,False,False,True,False,82,9,118,16,,False,2026-02-28T12:01:31Z,space documentary,67300,Lionel messi vs Pogba #footballshorts #football #soccershorts #fcbarcelona #soccer,oMpSu9mPrj4,6580,42
166,0.81,False,Paradox ASF,4,False,323,False,19,0.0194,False,False,False,False,False,False,False,False,73,8,262,25,,False,2026-02-19T12:31:08Z,space documentary,67300,You can’t stop Messi #footballshorts #football #soccershorts #lionelmessi,nTlRIFUr-AU,13700,83
169,0.0,False,Paradox ASF,1,False,0,False,3431,0.0476,False,False,False,False,False,False,False,False,24,4,0,0,,False,2026-02-16T10:49:16Z,space documentary,67300,Paradox Football is live,Ymr0pY84i10,21,0
169,0.0,False,Paradox ASF,0,False,0,False,1316,0.0,False,False,False,False,False,False,False,False,24,4,0,0,,False,2026-02-16T09:45:24Z,space documentary,67300,Paradox Football is live,ckLr5_ThP9U,18,0
170,1.08,False,Paradox ASF,2,False,260,False,15,0.0116,False,False,False,False,False,False,False,False,72,8,210,25,,False,2026-02-15T12:00:02Z,space documentary,67300,Messi does it again #footballshorts #football #soccershorts #lionelmessi,-rMU2ul9mX0,18338,108
188,0.28,False,Paradox ASF,1,False,0,False,15,0.0098,False,False,False,False,False,False,False,False,64,8,45,0,,False,2026-01-28T12:30:41Z,space documentary,67300,Messi is too good #footballshorts #football #soccershorts #messi,SknDvxQJow0,4673,25
189,0.14,False,Paradox ASF,0,False,157,False,21,0.0183,False,False,False,False,False,False,False,False,65,7,42,4,,False,2026-01-26T17:00:21Z,space documentary,67300,Anything for Messi #footballshorts #football #messi #soccershorts,950GpKeNxEo,2294,12
192,0.44,False,Paradox ASF,2,False,1005,False,16,0.007,False,False,True,False,False,False,False,False,55,6,50,18,,False,2026-01-23T18:29:00Z,space documentary,67300,Doggio Ramus 😂😂 #footballshorts #football #soccershorts,4MeEfa7GJ58,7471,39
193,0.54,False,Paradox ASF,2,False,116,False,18,0.0279,False,False,False,False,False,False,False,False,74,7,253,12,,False,2026-01-22T19:30:01Z,space documentary,67300,Lionel Messi football #footballshorts #footballshorts #lionelmessi #soccer,-7DdSkRV3OM,9129,47
195,0.37,False,Paradox ASF,1,False,374,False,18,0.0194,False,False,False,False,False,False,False,False,86,9,122,15,,False,2026-01-20T16:00:50Z,space documentary,67300,Messi doesn’t age #shorts #lionelmessi #footballshorts #football #soccershorts #soccer,YSgExb6Mh3M,6338,33
196,1.28,False,Paradox ASF,7,False,321,False,21,0.0235,False,False,False,False,False,False,False,False,80,10,502,5,,False,2026-01-19T20:01:00Z,space documentary,67300,Lionel Messi is a therapist #footballshorts #football #messi #soccershorts #goat,zsbmlNyk85M,21623,110
197,0.92,False,Paradox ASF,4,False,352,False,15,0.0278,False,False,False,False,False,False,False,False,73,10,429,13,,False,2026-01-18T16:00:54Z,space documentary,67300,The only way to stop Messi #footballshorts #football #soccershorts #messi,VdwPfNhblTk,15578,79
198,2.57,False,Paradox ASF,22,False,150,False,15,0.0154,False,False,False,False,False,False,False,False,85,10,650,5,,False,2026-01-17T17:01:03Z,space documentary,67300,You can’t stop this man #shorts  #footballshorts #football #soccershorts #lionelmessi,_xkKmgEfy_U,43574,220
200,0.46,False,Paradox ASF,2,False,0,False,16,0.0421,False,False,True,False,False,False,False,False,76,8,330,0,,False,2026-01-15T18:31:32Z,space documentary,67300,Lionel Messi 🥶🥶 #footballshorts #football #soccershorts #lionelmessi #soccer,sk1pMzldC1k,7884,39
201,0.71,False,Paradox ASF,4,False,368,False,16,0.0309,False,False,False,False,False,False,False,False,55,5,367,12,,False,2026-01-15T12:01:31Z,space documentary,67300,Messi always delivers#shorts  #footballshorts #football,gij8T58iZHc,12023,60
202,0.7,False,Paradox ASF,1,False,445,False,18,0.0191,False,False,False,False,False,False,False,False,75,10,226,12,,False,2026-01-14T12:01:10Z,space documentary,67300,Football is not just a game #shorts #footballshorts #football #soccershorts,XwF-Zthly5Q,11862,59
203,1.84,False,Paradox ASF,11,False,447,False,16,0.0222,False,False,False,False,False,False,True,False,88,9,680,13,,False,2026-01-13T12:01:59Z,space documentary,67300,Lionel Messi Vs Goalkeepers #footballshorts #football #soccershorts #lionelmessi #soccer,wJcU2duw-DU,31146,153
204,1.76,False,Paradox ASF,34,False,452,False,16,0.032,False,False,False,False,False,False,False,False,90,10,920,14,,False,2026-01-12T12:00:14Z,space documentary,67300,Lionel Messi is unstoppable #shorts #footballshorts #football #soccershorts #messi #soccer,80vmvhvJ3Bs,29772,146
205,1.44,False,Paradox ASF,9,False,415,False,14,0.0162,False,True,False,False,False,False,False,False,87,10,386,12,,False,2026-01-11T12:01:13Z,space documentary,67300,Lionel Messi football IQ #shorts #footballshorts #football #soccershorts #messi #soccer,gmY4W4MEbbk,24433,119
206,2.48,False,Paradox ASF,89,False,372,False,17,0.0209,False,False,False,False,False,False,False,False,94,10,791,13,,False,2026-01-10T12:01:17Z,space documentary,67300,When football becomes art #shorts #footballshorts #football #soccershorts #soccer #lionelmessi,ffbx4JlvsGs,42080,204
207,7.65,False,Paradox ASF,42,False,368,False,16,0.0194,False,False,False,False,False,False,False,False,88,10,2481,14,,False,2026-01-09T12:00:23Z,space documentary,67300,Lionel Messi is a therapist #shorts #lionelmessi #footballshorts #soccershorts #football,5rPf82QxbSw,129802,627
209,1.15,False,Paradox ASF,4,False,409,False,15,0.024,False,False,False,False,False,False,False,False,95,9,465,13,,False,2026-01-07T12:30:55Z,space documentary,67300,Lionel Messi is unstoppable#shorts #lionelmessi #footballshorts #football #soccershorts #soccer,X_IMcsJZmjM,19574,94
209,1.2,False,Paradox ASF,1,False,417,False,12,0.0155,False,False,False,False,False,False,False,False,98,9,316,15,,False,2026-01-07T00:30:52Z,space documentary,67300,Lionel Messi’s Free-kick masterclass #lionelmessi #shorts #footballshorts  #soccershorts #football,m8lvArmnt3M,20392,98
210,14.87,False,Paradox ASF,37,False,408,False,13,0.0126,False,False,False,False,False,False,False,False,95,9,3142,15,,False,2026-01-06T12:00:43Z,space documentary,67300,Lionel Messi Freekick Masterclass #shorts #lionelmessi  #footballshorts #football #soccershorts,M-9dl5JFw-w,252088,1200
211,1.8,False,Paradox ASF,4,False,324,False,17,0.0121,False,False,False,False,False,False,False,False,81,11,365,15,,False,2026-01-05T12:31:10Z,space documentary,67300,Keeping a clean sheet at all cost #shorts #footballshorts #football #soccershorts,hMPcN8VWVc0,30590,145
212,1.1,False,Paradox ASF,7,False,445,False,21,0.0294,False,False,False,False,False,False,False,False,84,9,543,15,,False,2026-01-04T12:30:31Z,space documentary,67300,Lionel Messi is unstoppable #shorts  #footballshorts #football #soccershorts #soccer,FglwJD7WDbI,18736,88
213,1.19,False,Paradox ASF,9,False,478,False,18,0.0409,False,False,False,False,False,False,False,False,85,9,814,0,,False,2026-01-03T12:01:33Z,space documentary,67300,Football most amazing counter attack #shorts #footballshorts #soccershorts #argentina,jf4dxJkbvIo,20099,94
214,1.29,False,Paradox ASF,14,False,417,False,17,0.0317,False,False,False,False,False,False,False,False,79,8,681,15,,False,2026-01-02T12:00:04Z,space documentary,67300,Lionel Messi is unstoppable  #shorts #footballshorts #soccershorts #lionelmessi,1letlOyG_IM,21923,102
215,0.88,False,Paradox ASF,3,False,453,False,16,0.0408,False,False,True,False,False,False,False,False,76,12,604,12,,False,2025-12-31T17:22:50Z,space documentary,67300,Messi & Neymar: The Best Duo Ever 🐐🇧🇷 #shorts #footballshorts #Messi #Neymar,g--Z6Uv5YmU,14875,69
1,0.03,False,VỰA TIN,1,False,2843,False,584,0.0405,False,True,False,True,True,False,False,False,87,19,9,23,even,True,2026-08-04T13:22:01Z,bất động sản việt nam,66900,"VinMetal Xuất Hiện, Hòa Phát Mất 20 000 Tỷ Trong Một Ngày. Nhưng Đó Mới Chỉ Là Khởi Đầu",_-400-ujd9w,247,247
1,0.17,False,VỰA TIN,5,False,2897,False,503,0.0284,False,True,False,True,False,False,False,False,78,17,40,23,,False,2026-08-04T03:00:13Z,bất động sản việt nam,66900,Động Đất Kinh Hoàng Ở Nhật: Điều Việt Nam Cần Học Không Phải Là Chống Động Đất,uQjodmHe_K0,1585,1585
1,2.13,False,VỰA TIN,15,False,2903,False,557,0.0057,False,True,False,True,True,False,False,True,51,13,100,24,even,False,2026-08-03T11:00:05Z,bất động sản việt nam,66900,Đá Quý 6.000 Đồng: Chúng Ta Đã Mua Gì Bấy Lâu Nay ?,_-oQ8D09UHo,20278,20278
1,0.4,False,VỰA TIN,18,False,2888,False,556,0.0193,False,True,False,True,False,False,True,True,68,17,55,23,,False,2026-08-03T04:17:58Z,bất động sản việt nam,66900,"Cấm Chạy Làn Trái Liên Tục, Chỉ Để Vượt Tiến Bộ Hay Xa Rời Thực Tế ?",oP1jnL8dAdQ,3777,3777
2,1.06,False,VỰA TIN,25,False,3065,False,604,0.013,False,True,False,True,False,False,False,True,60,14,106,20,,False,2026-08-02T11:00:06Z,bất động sản việt nam,66900,Giá Khóm Chạm Đáy Lịch Sử: Điều Gì Đang Diễn Ra Ở Đồng Tháp?,pPmj5JqxCOI,10048,5024
2,1.77,False,VỰA TIN,78,False,3170,False,530,0.0132,False,True,False,True,False,False,False,True,75,16,144,23,,False,2026-08-02T03:00:33Z,bất động sản việt nam,66900,Thi Tuyển Hiệu Trưởng: Đã Đến Lúc Chiếc Ghế Phải Thuộc Về Người Giỏi Nhất ?,GUlCrmDZ_3Q,16791,8396
3,0.1,False,VỰA TIN,8,False,2920,False,540,0.0336,False,True,False,True,True,False,False,False,80,18,24,26,odd,False,2026-08-01T11:00:15Z,bất động sản việt nam,66900,"Tăng Trưởng 11,9% Không Chỉ Là Mục Tiêu: Toàn Bộ Bộ Máy Sẽ Phải Chạy Hết Tốc Lực",L7xefC7DQIs,953,318
3,0.92,False,VỰA TIN,10,False,2956,False,504,0.0114,False,True,False,True,False,False,False,True,64,14,90,25,,False,2026-08-01T03:00:27Z,bất động sản việt nam,66900,Thị Trường Vàng Chao Đảo Vì Kim Cương Nhập Lậu: Ai Đang Trả Giá?,4fs6nvv9WO4,8757,2919
4,3.92,False,VỰA TIN,79,False,2985,False,492,0.0078,False,True,False,True,False,False,False,True,57,13,211,22,,False,2026-07-31T11:00:14Z,bất động sản việt nam,66900,Đường Dây Mã Số Vùng Trồng Sầu Riêng Bị Thao Túng Ra Sao?,J8Q27bjrom8,37310,9328
4,0.94,False,VỰA TIN,18,False,2873,False,595,0.0108,False,True,False,True,False,False,False,False,70,16,79,23,,False,2026-07-31T03:00:20Z,bất động sản việt nam,66900,Vượt Đèn Vàng Bị Phạt Như Đèn Đỏ: Điều Khiến Hàng Triệu Tài Xế Bất Ngờ,Ap1bCGbe754,8978,2244
5,0.36,False,VỰA TIN,9,False,2850,False,563,0.0172,False,True,False,True,True,False,True,True,76,17,50,20,odd,False,2026-07-30T11:00:25Z,bất động sản việt nam,66900,"Từ 2027, Chuyển Trên 400 Triệu Có Thể Phải Chờ 24 Giờ: Bảo Vệ Hay Gây Phiền?",oBcsclpqqOc,3428,686
5,0.16,False,VỰA TIN,8,False,3043,False,529,0.0217,False,True,False,True,False,False,False,True,94,22,25,22,,False,2026-07-30T03:07:43Z,bất động sản việt nam,66900,Vì Sao Tổng Bí Thư Tô Lâm Được Trao Giải Hòa Bình Quốc Tế? Thế Giới Đang Nhìn Việt Nam Ra Sao?,oTZrPT_nCxk,1518,304
6,0.6,False,VỰA TIN,13,False,2916,False,552,0.0127,False,False,False,True,False,False,False,True,60,12,59,25,,False,2026-07-29T11:00:30Z,bất động sản việt nam,66900,Việt Nam Đúc Thành Công Nhôm Thỏi: Sắp Thoát Kiếp Bán Quặng?,SLXKmK1Of00,5668,945
6,2.55,False,VỰA TIN,51,False,2933,False,513,0.015,False,True,False,True,False,False,False,False,65,14,312,22,,False,2026-07-29T03:46:10Z,bất động sản việt nam,66900,Đóng Cửa Hàng Loạt: Doanh Nghiệp Nhỏ Đang Trả Giá Cho Bão Kinh Tế,qfdpkuWhMFA,24267,4044
7,2.64,False,VỰA TIN,19,False,2793,False,521,0.0097,False,True,False,True,False,False,False,True,66,15,224,25,,True,2026-07-28T11:00:09Z,bất động sản việt nam,66900,Lãi Suất Tăng: Người Ôm Nợ Bất Động Sản Đang Khốn Đốn Như Thế Nào?,qdjjPDbrZcs,25114,3588
7,0.45,False,VỰA TIN,6,False,2917,False,564,0.0166,False,True,False,True,False,False,False,False,77,16,65,23,,False,2026-07-28T09:05:24Z,bất động sản việt nam,66900,"Nghịch Lý Chợ Bến Thành: Du Khách Đông Nghịt, Hàng Loạt Cửa Hàng Vẫn Đóng Cửa",CxPzUF9IPMM,4289,613
7,0.33,False,VỰA TIN,11,False,2757,False,551,0.0249,False,True,False,True,False,False,False,True,78,18,66,19,,False,2026-07-28T03:00:37Z,bất động sản việt nam,66900,"Mua Nhà Đấu Giá, Nhà Nước Giao Nhà: Người Khác Lại Vào Ở, Ai Bảo Vệ Người Mua?",bgYKq0rtsXk,3098,443
8,2.77,False,VỰA TIN,34,True,2772,False,558,0.0118,False,True,False,True,False,False,False,True,75,17,277,25,,False,2026-07-27T11:00:06Z,bất động sản việt nam,66900,"Đắt Không Ai Thuê, Rẻ Cũng Không Ai Lấy: Mặt Phố Sài Gòn Đang Chết Điều Gì?",xMxAT05wWkU,26316,3290
8,3.49,False,VỰA TIN,82,False,3029,False,530,0.0096,False,True,False,True,False,False,False,True,58,13,235,24,,False,2026-07-27T04:25:54Z,bất động sản việt nam,66900,Đèo Hải Vân: Chúng Ta Đang Đánh Đổi Điều Gì Để Phát Triển?,Tzrtl7h8q5U,33176,4147
9,0.11,False,VỰA TIN,2,False,2796,False,525,0.0223,False,True,False,True,False,False,False,False,59,14,22,25,,True,2026-07-26T11:15:46Z,bất động sản việt nam,66900,NGƯỜI DÂN MIỀN NÚI TRẢ GIÁ ĐẮT KHI MẤT NHÀ CỬA VÀ CUỘC SỐNG,LK3n73esdz4,1075,119
9,9.55,False,VỰA TIN,139,False,2963,False,568,0.0064,False,True,False,True,False,False,False,True,77,17,443,22,,False,2026-07-26T03:00:19Z,bất động sản việt nam,66900,Thiếu Giáo Viên Khắp Nơi: Vì Sao Sau Sáp Nhập Lại Xuất Hiện Giáo Viên Dôi Dư?,rdyGCZnj5WE,90889,10099
10,4.58,False,VỰA TIN,75,False,2915,False,589,0.0131,False,True,False,True,False,False,False,False,60,13,497,24,,False,2026-07-25T11:00:06Z,bất động sản việt nam,66900,Cả Thị Trường Bất Động Sản Ngưng Thở: Thảm Cảnh Hơn Mùa Dịch,ndo86qN6Q7g,43570,4357
10,1.32,False,VỰA TIN,32,False,2793,False,571,0.0194,False,False,False,True,False,False,False,False,65,14,211,25,,True,2026-07-25T03:00:06Z,bất động sản việt nam,66900,Đồng Tiền Mất Giá Từng Ngày: Người Dân Gồng Mình Giữa Cơn Bão Giá,Z0ml4c-rsOA,12551,1255
11,0.37,False,VỰA TIN,12,False,2880,False,550,0.0162,False,True,False,True,False,False,False,True,72,17,45,28,,False,2026-07-24T11:00:06Z,bất động sản việt nam,66900,PNJ Và SJC Siết Thu Mua - Muốn Bán Vàng Cũng Khó: Chuyện Gì Đang Xảy Ra?,hU8uwCHTdDI,3518,320
11,5.76,False,VỰA TIN,59,False,3067,False,529,0.01,False,True,False,True,False,False,False,True,85,19,487,20,,True,2026-07-24T09:00:06Z,bất động sản việt nam,66900,"Muốn Bán Vàng Ngay - Người Sài gòn Chấp Nhận Mất Gần Chục Triệu, Điều Gì Đang Xảy ra?",wKZ0ddLrp1Q,54781,4980
11,0.84,False,VỰA TIN,11,False,2824,False,566,0.0101,False,True,False,True,False,False,False,True,53,13,70,24,,False,2026-07-24T04:02:34Z,bất động sản việt nam,66900,Vì Sao Lũ Quét Lai Châu Gây Hậu Quả Tàn Khốc Đến Vậy?,Jshw355IJaA,8013,728
12,7.49,False,VỰA TIN,56,False,2838,False,571,0.0073,False,True,False,True,False,False,False,False,63,15,461,20,,False,2026-07-23T11:00:06Z,bất động sản việt nam,66900,Vàng Thủng Đáy - Tiền Mặt Là Vua Khi Lãi Ngân hàng Cao Chót Vót,gQE7fzso1Nw,71271,5939
12,23.31,False,VỰA TIN,364,False,2978,False,551,0.008,False,False,False,True,False,False,False,False,78,19,1410,18,,False,2026-07-23T09:26:31Z,bất động sản việt nam,66900,Mạc Văn Khoa Đóng Cửa Quán Bún Đậu Mắm Tôm Tại Sài Gòn - Thời Thế Quá Khó Khăn,Ky6C3U-8u9E,221758,18480
12,0.44,False,VỰA TIN,0,False,2669,False,557,0.0149,False,True,False,True,False,False,False,True,74,16,63,25,,False,2026-07-23T03:23:06Z,bất động sản việt nam,66900,Lốc Xoáy Lãi Suất: Điều Gì Đang Khiến Hàng Loạt Gia Đình Bán Tháo Tài Sản?,PbaBE9KH4ko,4220,352
13,5.3,False,VỰA TIN,12,False,3528,False,577,0.0065,False,False,False,True,True,False,False,False,72,16,318,21,even,True,2026-07-22T09:49:01Z,bất động sản việt nam,66900,Không Muốn Mất Tiền - Tuyệt Đối Đừng Lưu 4 Loại Ảnh Này Trong Điện Thoại,7bgv8SsTqhg,50448,3881
1,0.32,False,Vui Cùng Bạn,2,False,37,False,44,0.0056,False,False,False,False,False,False,False,False,24,6,147,8,,False,2026-08-04T04:32:44Z,tâm lý học,64500,Khi tôi là GenZ nổi loạn,UUODmyvr2cA,26675,26675
1,0.25,False,Vui Cùng Bạn,1,False,37,False,66,0.0094,False,False,False,False,True,True,False,False,30,8,197,8,even,False,2026-08-03T04:31:02Z,tâm lý học,64500,Phần 2 | Cuộc hộp đầy hiểu lầm,jber1XyoijA,21124,21124
2,0.21,False,Vui Cùng Bạn,6,False,37,False,71,0.0129,False,False,False,False,True,True,False,False,29,7,221,8,odd,False,2026-08-02T04:37:23Z,tâm lý học,64500,Phần 1| Cuộc hộp đầy hiểu lầm,Fzlezm_AShg,17663,8832
3,0.32,False,Vui Cùng Bạn,1,False,37,False,99,0.0122,False,False,False,False,False,False,False,False,16,4,322,6,,False,2026-08-01T12:05:35Z,tâm lý học,64500,Phi vụ xe triệu$,OaQhdCiKem8,26389,8796
3,0.41,False,Vui Cùng Bạn,19,False,37,False,92,0.0237,False,True,False,False,False,False,False,False,27,7,786,8,,False,2026-08-01T04:30:18Z,tâm lý học,64500,Tin tưởng vào AI và cái kết,Eyb-rLD1pE8,33920,11307
4,1.29,False,Vui Cùng Bạn,3,False,38,False,121,0.0132,False,False,False,False,True,False,False,False,23,5,1419,8,odd,False,2026-07-31T12:00:26Z,tâm lý học,64500,Cạnh tranh bán hàng 5.0,QwqE8w9moZc,107535,26884
4,3.05,False,Vui Cùng Bạn,30,False,38,False,107,0.0177,False,True,False,False,False,False,False,False,25,6,4454,8,,False,2026-07-31T04:30:25Z,tâm lý học,64500,Kỳ thi thấu hiểu bạn trai,e0_IMnbc65k,253694,63424
5,8.55,False,Vui Cùng Bạn,18,False,37,False,112,0.0161,False,False,False,False,False,False,False,True,30,6,11401,8,,False,2026-07-30T04:28:41Z,tâm lý học,64500,Cảm xúc quyết định thành công?,xz-ehyZU9ho,710527,142105
6,8.33,False,Vui Cùng Bạn,70,False,37,False,129,0.0208,False,False,False,False,False,False,False,False,23,6,14310,8,,False,2026-07-29T04:29:56Z,tâm lý học,64500,Công ty chỉ có trong mơ,dhoMQqZmioA,692044,115341
8,8.4,False,Vui Cùng Bạn,76,False,28,False,98,0.0229,False,False,False,False,False,False,False,False,33,8,15921,8,,False,2026-07-27T04:27:34Z,tâm lý học,64500,Địa vị gia đình của người đàn ông,k1YglJZ22Ns,698135,87267
9,2.94,False,Vui Cùng Bạn,12,False,37,False,103,0.0233,False,False,False,False,False,False,False,False,55,12,5691,8,,False,2026-07-26T04:38:17Z,tâm lý học,64500,Thuê taxi gặp ngay học viên từng bị mình phê bình kiểu:,iB1S4-gbeD0,244502,27167
10,1.21,False,Vui Cùng Bạn,6,False,37,False,55,0.0119,False,False,False,False,False,False,False,False,35,7,1198,8,,False,2026-07-25T04:28:58Z,tâm lý học,64500,Kiểu giao tiếp khi chiến tranh lạnh,oh4vxYrJaCk,100902,10090
11,0.79,False,Vui Cùng Bạn,3,False,37,False,98,0.0197,False,False,False,False,False,False,False,False,23,5,1285,8,,False,2026-07-24T04:51:41Z,tâm lý học,64500,Shipper và người yêu cũ,VH6K66HKGLg,65310,5937
13,0.29,False,Vui Cùng Bạn,3,False,37,False,70,0.0278,False,False,False,False,False,False,False,False,35,7,669,8,,False,2026-07-22T04:30:22Z,tâm lý học,64500,"Cách ""thần bài"" mạt chược chia tay:",ncKBIKkpYzQ,24214,1863
14,0.38,False,Vui Cùng Bạn,4,False,37,False,60,0.0308,False,False,False,False,True,True,False,False,31,8,964,8,even,False,2026-07-21T04:30:24Z,tâm lý học,64500,Phần 2 | Bạn trai siêu nghe lời,msG9cXP-pOk,31470,2248
15,10.01,False,Vui Cùng Bạn,25,False,37,False,54,0.0092,False,False,False,False,True,True,False,False,31,8,7608,8,odd,False,2026-07-20T04:30:23Z,tâm lý học,64500,Phần 1 | Bạn trai siêu nghe lời,Z_GhXMsKNW4,832038,55469
16,23.2,False,Vui Cùng Bạn,47,False,37,False,108,0.0183,False,False,False,False,False,False,False,False,33,8,35201,8,,False,2026-07-19T04:29:05Z,tâm lý học,64500,Chia tay khi đi học quân sự kiểu:,8FDZJW5mfGM,1928068,120504
18,0.63,False,Vui Cùng Bạn,0,False,37,False,48,0.0167,False,False,False,False,False,False,False,False,28,6,877,8,,False,2026-07-17T04:30:04Z,tâm lý học,64500,Hội chứng hiểu thấu đỉnh cao,xqZsnL-aMbo,52569,2920
19,0.56,False,Vui Cùng Bạn,4,False,37,False,87,0.0218,False,False,False,False,False,False,False,False,13,4,1015,8,,False,2026-07-16T04:30:05Z,tâm lý học,64500,Du lịch Tam Á,fqsNNUjZxKM,46805,2463
20,12.93,False,Vui Cùng Bạn,21,False,37,False,95,0.0145,False,False,False,False,True,True,False,False,32,8,15514,8,even,False,2026-07-15T04:42:35Z,tâm lý học,64500,Phần 2 | Nút điều khiển vạn năng,s9wD1q4yANw,1074572,53729
21,3.37,False,Vui Cùng Bạn,10,False,37,False,95,0.0101,False,False,False,False,True,True,False,False,32,8,2820,8,odd,False,2026-07-14T04:30:20Z,tâm lý học,64500,Phần 1 | Nút điều khiển vạn năng,-a8cRqGSctM,279850,13326
23,7.45,False,Vui Cùng Bạn,34,False,38,False,77,0.0155,False,True,False,False,True,True,False,False,31,8,9564,8,even,False,2026-07-12T04:30:07Z,tâm lý học,64500,Phần 2 | Cuộc chiến đi chơi NET,tu84PZpCbMk,618815,26905
24,17.93,False,Vui Cùng Bạn,52,False,38,False,80,0.0121,False,True,False,False,True,True,False,False,31,8,17918,8,odd,False,2026-07-11T04:32:18Z,tâm lý học,64500,Phần 1 | Cuộc chiến đi chơi NET,plWsX-nMtXw,1489741,62073
25,0.41,False,Vui Cùng Bạn,2,False,38,False,43,0.0137,False,False,False,False,True,True,False,False,30,8,468,8,even,False,2026-07-10T04:30:02Z,tâm lý học,64500,Phần 2 | sức mạnh của tri thức,0N-u7olO-Ow,34344,1374
26,2.02,False,Vui Cùng Bạn,13,False,38,False,97,0.0203,False,False,False,False,True,True,False,False,30,8,3391,8,odd,False,2026-07-09T04:25:42Z,tâm lý học,64500,Phần 1 | sức mạnh của tri thức,hJ9BXBnZ4tA,167985,6461
27,0.16,False,Vui Cùng Bạn,0,False,38,False,63,0.0151,False,False,False,False,False,False,False,False,33,7,200,8,,False,2026-07-08T04:36:15Z,tâm lý học,64500,Kiểu bạn nhất quyết không chịu về,cyFC19xiLr0,13248,491
28,0.24,False,Vui Cùng Bạn,2,False,38,False,68,0.0248,False,False,False,False,False,False,False,False,24,5,497,8,,False,2026-07-07T04:30:00Z,tâm lý học,64500,GenZ xin nghỉ phép kiểu:,tN7jVGYI8IE,20106,718
29,0.51,False,Vui Cùng Bạn,4,False,38,False,91,0.0269,False,False,False,False,False,False,False,False,30,6,1138,8,,False,2026-07-06T04:30:01Z,tâm lý học,64500,"Cuộc gọi phỏng vấn ""lệch sóng""",UOC3u8OA9-o,42393,1462
31,2.57,False,Vui Cùng Bạn,13,False,38,False,102,0.0218,False,False,False,False,False,False,False,False,19,4,4647,8,,False,2026-07-04T04:30:11Z,tâm lý học,64500,Sinh viên đặt phòng,FxWutAQd-4I,213879,6899
34,0.36,False,Vui Cùng Bạn,10,False,38,False,78,0.0205,False,True,False,False,True,True,False,False,53,13,603,8,even,False,2026-07-01T04:32:36Z,tâm lý học,64500,"Phần 2 | Lớp học ""Chống làm lốp dự phòng"" của Thầy Lý",oj5zFwfKlYs,29969,881
3990,1.0,False,MotivaShian,68547,False,257,False,65,0.0211,False,False,False,True,False,False,False,False,90,14,1057592,10,,False,2015-08-31T22:24:40Z,motivation speech,64400,"Shia LaBeouf ""Just Do It"" Motivational Speech (Original Video by LaBeouf, Rönkkö & Turner)",ZXsQAXx_ao0,53316124,13362
30,0.08,False,NKSN - Nhật Ký Song Ngữ,5,False,1399,False,527,0.0408,False,True,False,True,False,True,False,False,85,18,26,0,,False,2026-07-05T10:15:01Z,động lực thành công,63900,Động Lực Khởi Nghiệp Kinh Doanh | Tự Bán Sản Phẩm Của Chính Mình (Tiếng Anh Song Ngữ),V3QGjRIqKsM,759,25
165,0.29,False,NKSN - Nhật Ký Song Ngữ,5,False,1399,False,477,0.0211,False,True,False,True,True,False,False,True,87,19,52,0,odd,False,2026-02-19T16:16:21Z,động lực thành công,63900,Học Tiếng Anh Qua Show Hẹn Hò Hot Nhất Hàn Quốc Địa Ngục Độc Thân P5 (Single Inferno 5),vNgOUHmAuUk,2707,16
213,0.31,False,NKSN - Nhật Ký Song Ngữ,6,False,1261,False,242,0.0179,False,False,False,True,True,True,False,False,94,22,46,0,even,False,2026-01-03T13:15:03Z,động lực thành công,63900,Baymax gặp Hiro lần đầu tiên | Học Tiếng Anh Qua Phim Hoạt Hình Big Hero 6 Song Ngữ Anh - Việt,4104a1Qi1MY,2898,14
255,0.28,False,NKSN - Nhật Ký Song Ngữ,8,False,1261,False,282,0.0277,False,True,False,True,False,True,False,False,80,17,66,0,,False,2025-11-22T11:11:02Z,động lực thành công,63900,Học Tiếng Anh Qua Livestream Bán Hàng | Từ vựng Tiếng Anh Chủ Đề Clothes (Đồ Áo),lt2V2vgT0eo,2667,10
288,1.72,True,NKSN - Nhật Ký Song Ngữ,28,False,1508,False,7761,0.0316,False,True,False,True,False,True,False,False,73,17,483,5,,False,2025-10-19T15:46:04Z,động lực thành công,63900,HOẠT HÌNH ANIME TIẾNG ANH // GÓC KHUẤT CỦA THẾ GIỚI | Song Ngữ Anh - Việt,nRiZkJLFBbc,16156,56
311,1.71,False,NKSN - Nhật Ký Song Ngữ,10,False,1508,False,297,0.008,False,False,False,True,False,True,False,False,93,18,118,0,,False,2025-09-27T11:02:22Z,động lực thành công,63900,Hoạt Hình Tiếng Anh Ratatouille Chú Chuột Đầu Bếp | Linguini gặp Remy lần đầu tiên (Song Ngữ),8fd8VMc9rWc,16058,52
325,23.26,True,NKSN - Nhật Ký Song Ngữ,131,False,1509,False,6396,0.0189,False,True,False,True,False,False,False,False,88,21,3997,5,,False,2025-09-13T11:09:28Z,động lực thành công,63900,(Bản Tiếng Anh Full HD) Your Name - Tên Cậu Là Gì \\ Hoạt Hình Anime Song Ngữ Anh - Việt,SGiPDyiKWeg,218231,671
332,0.15,False,NKSN - Nhật Ký Song Ngữ,1,False,0,False,8,0.0135,False,False,False,False,False,False,False,False,74,15,18,0,,False,2025-09-06T12:23:38Z,động lực thành công,63900,"To the world, you maybe one person. But to one person, you maybe the world",2E0PyY4h5m0,1408,4
336,1.97,False,NKSN - Nhật Ký Song Ngữ,9,False,1541,False,548,0.0092,False,True,False,True,False,False,False,False,79,15,161,0,,False,2025-09-02T14:23:11Z,động lực thành công,63900,Khi Ma Cà Rồng Sợ Con Người (Hoạt Hình Tiếng Anh Dracula  - Hotel Transylvania),dCEYWaEJtKQ,18480,55
338,2.24,False,NKSN - Nhật Ký Song Ngữ,18,False,1541,False,618,0.0086,False,True,False,True,True,False,False,False,93,18,163,0,odd,False,2025-08-31T03:00:32Z,động lực thành công,63900,Hoạt Hình Tiếng Anh Doraemon: Nobita Và Chuyến Phiêu Lưu Vào Xứ Quỷ ￼(Bản Review Phim Phần 1),N2OKaQoqwOA,20998,62
345,0.29,False,NKSN - Nhật Ký Song Ngữ,9,False,1541,False,713,0.0402,False,True,False,True,False,False,False,False,76,17,101,0,,False,2025-08-24T15:17:32Z,động lực thành công,63900,(Giọng Tiếng Anh Hay) Mình Vẽ Cuộc Đời Mình l Draw My Life Song Ngữ Anh Việt,Q7fGgu6tadY,2733,8
353,1.21,False,NKSN - Nhật Ký Song Ngữ,8,False,1541,False,587,0.0284,False,True,False,True,False,True,True,False,97,20,313,1,,False,2025-08-16T10:42:19Z,động lực thành công,63900,Luyện Shadowing Cùng Bài Nói Triệu View Về Việc Đọc Sách Với Chất Giọng Tiếng Anh Hay | Ted Talks,KMxyytnm4vI,11313,32
358,0.24,False,NKSN - Nhật Ký Song Ngữ,4,False,1541,False,276,0.0253,False,False,False,True,False,True,False,False,74,15,54,0,,False,2025-08-11T13:50:30Z,động lực thành công,63900,Podcast chữa lành bằng Tiếng Anh | A video to watch when you need comfort.,zjf2DTpTGzs,2291,6
386,1.59,False,NKSN - Nhật Ký Song Ngữ,47,False,1541,False,353,0.0435,False,False,False,True,True,True,False,False,90,21,602,0,odd,False,2025-07-14T12:01:44Z,động lực thành công,63900,(Tiếng Anh) Sinh Tồn Qua Tận Thế Zombie Trên Xe Nhà Di Động | Phần 1 (Song Ngữ Anh - Việt),un3e0f5186U,14924,39
389,0.21,False,NKSN - Nhật Ký Song Ngữ,5,False,1541,False,275,0.0311,False,True,False,True,True,True,False,False,93,22,55,0,odd,False,2025-07-11T12:00:48Z,động lực thành công,63900,TẬP 3: LÁI XE ĐẾN BỆNH VIỆN GẶP BỐ | Học Tiếng Anh Qua Phim Young Sheldon Song Ngữ Anh - Việt,bSPbkQuHtMM,1927,5
392,0.64,False,NKSN - Nhật Ký Song Ngữ,14,False,1654,False,923,0.0232,False,False,False,True,False,True,False,False,100,20,125,0,,False,2025-07-08T10:10:04Z,động lực thành công,63900,(Full Tiếng Anh) Tài Ngoại Giao Của Thủ Tướng Phạm Minh Chính | Phiên Dịch Cabin Tiếng Anh Chính Trị,S2LxDhalhWY,6002,15
444,1.4,False,NKSN - Nhật Ký Song Ngữ,2,False,1541,False,228,0.0059,False,False,False,True,False,True,False,False,94,20,76,0,,False,2025-05-17T12:50:53Z,động lực thành công,63900,Học Tiếng Anh Cùng Phân Cảnh Cảm Động Nhất Hoạt Hình Công Ty Quái Vật (Monster Inc) | Song Ngữ,gYntyxg0Wzc,13121,30
450,78.17,False,NKSN - Nhật Ký Song Ngữ,325,False,1620,False,286,0.0267,False,True,False,True,False,True,True,False,98,22,19242,0,,False,2025-05-11T13:19:46Z,động lực thành công,63900,Động Lực Học Tiếng Anh | Bài Phát Biểu Tại Lễ Tốt Nghiệp Với Chất Giọng Cực Hay Và Truyền Cảm Hứng,RbRL4UR9hUg,733414,1630
458,0.14,False,NKSN - Nhật Ký Song Ngữ,2,False,1541,False,290,0.0368,False,True,False,True,True,False,False,False,99,21,47,0,even,False,2025-05-03T09:35:23Z,động lực thành công,63900,(Song ngữ) Báo Nước Ngoài Nói Gì Về “Concert Quốc Gia” Mừng 50 Năm Thống Nhất Đất Nước Của Việt Nam,1m1znLEu00M,1330,3
481,0.14,False,NKSN - Nhật Ký Song Ngữ,6,False,1541,False,513,0.025,False,False,False,True,False,True,False,True,76,18,27,0,,False,2025-04-10T03:24:43Z,động lực thành công,63900,Học Tiếng Anh Qua Tin Tức | Trung Quốc Trả Đũa Thuế Quan Của Mỹ Như Thế Nào?,JiYXHXKAEZ8,1321,3
523,16.19,True,NKSN - Nhật Ký Song Ngữ,46,False,1541,False,4767,0.0123,False,True,False,True,True,True,False,False,70,17,1819,5,odd,False,2025-02-27T09:42:55Z,động lực thành công,63900,HỌC TIẾNG ANH QUA PHIM HOẠT HÌNH 101 CHÚ CHÓ ĐỐM | Song Ngữ Anh - Việt,hsrkrBJwSoQ,151891,290
564,0.66,False,NKSN - Nhật Ký Song Ngữ,16,False,1508,False,2391,0.0231,False,False,False,True,False,True,False,False,91,19,128,5,,False,2025-01-17T11:52:43Z,động lực thành công,63900,Ghiền Tiếng Anh Cùng Review Phim Itaewon Class Song Ngữ Anh - Việt | Phim Hàn Park Seo Joon,4EJpl0iBH04,6231,11
574,0.43,False,NKSN - Nhật Ký Song Ngữ,12,False,1589,False,313,0.0267,False,True,False,True,False,True,False,False,99,21,97,0,,False,2025-01-07T05:53:07Z,động lực thành công,63900,Nước Ngoài Nói Gì Về Trận Chung Kết Giữa Việt Nam Và Thái Lan | Reaction Bóng Đá (Engsub + Vietsub),ykUdI2eyvKs,4078,7
578,0.17,False,NKSN - Nhật Ký Song Ngữ,8,False,1589,False,760,0.04,False,True,False,True,True,True,False,False,66,17,57,0,even,False,2025-01-03T10:32:46Z,động lực thành công,63900,Đối Mặt Với Sự Lạc Lõng Và Vô Định Của Tương Lai | 10 Năm Tuổi Trẻ,Jfc7n0noomc,1623,3
599,7.64,False,NKSN - Nhật Ký Song Ngữ,30,False,1589,False,398,0.0135,False,True,False,True,False,True,False,False,94,22,936,0,,False,2024-12-13T14:31:16Z,động lực thành công,63900,Học Tiếng Anh Qua Hoạt Hình Shin - Cậu Bé Bút Chì (Lồng Tiếng Tiếng Anh) | Song Ngữ Anh - Việt,qbh8QKSCsxg,71713,120
637,5.88,False,NKSN - Nhật Ký Song Ngữ,33,False,1589,False,789,0.0128,False,True,False,True,False,True,False,False,94,21,675,0,,False,2024-11-05T12:40:07Z,động lực thành công,63900,Học Tiếng Anh Qua Hoạt Hình Xin Chào Jadoo Song Ngữ Anh - Việt | Mẹ Mình Đi Làm! (Hello Jadoo),2b2npysGGGo,55160,87
641,21.27,False,NKSN - Nhật Ký Song Ngữ,0,False,1589,False,325,0.0096,False,True,False,True,False,True,False,False,80,17,1909,0,,False,2024-11-01T13:18:43Z,động lực thành công,63900,Hoạt Hình Tiếng Anh | Công Chúa Tóc Mây Rapunzel (TANGLED) | Song Ngữ Anh - Việt,hUuC9GoaELI,199520,311
646,26.28,False,NKSN - Nhật Ký Song Ngữ,51,False,1557,False,322,0.0088,False,True,False,True,False,True,False,False,80,19,2110,0,,False,2024-10-27T12:51:45Z,động lực thành công,63900,Học Tiếng Anh Qua Phim Hoạt Hình Chúng Tôi Đơn Giản Là Gấu | Song Ngữ Anh - Việt,36nVxmF08FQ,246531,382
651,2.94,False,NKSN - Nhật Ký Song Ngữ,16,False,1588,False,643,0.0006,False,True,False,True,False,True,False,False,86,19,,0,,False,2024-10-22T15:10:02Z,động lực thành công,63900,(Vietsub + Engsub) Học Tiếng Anh Cùng Kpop | Rosé chia sẻ về bài hát mới APT tại Vogue,OzAYhtLeBak,27601,42
655,0.79,False,NKSN - Nhật Ký Song Ngữ,5,False,1588,False,400,0.0076,False,True,False,True,False,True,False,False,83,19,52,2,,False,2024-10-18T11:28:58Z,động lực thành công,63900,Học Tiếng Anh Qua Review Phim Harry Potter Và Hòn Đá Phù Thủy | Song Ngữ Anh - Việt,T2C4JGf4D1M,7452,11
136,2.49,False,Mayur Sir,2,False,351,False,30,0.0124,False,False,True,True,True,False,False,False,55,10,22,17,odd,False,2026-03-21T13:50:00Z,space documentary,63900,“1983 me nuclear war hone wala tha… 😳” #shorts #nuclear,zKkXttvdPbs,1933,14
150,0.08,False,Mayur Sir,4,False,1090,False,286,0.1186,False,True,False,True,True,True,False,False,59,15,3,22,odd,False,2026-03-07T13:28:56Z,space documentary,63900,भारत के इतिहास के 3 रहस्य जो आज भी छुपाए गए हैं | Mayur Sir,SHeag-LWLoY,59,0
156,0.04,False,Mayur Sir,0,False,1045,False,271,0.0588,False,False,False,True,False,True,False,True,71,13,2,19,,False,2026-03-01T05:28:59Z,space documentary,63900,Time Travel Possible Hai? | Future Me Jana Science Ke Mutabik Sach Hai?,PXp1HKHMs5w,34,0
956,0.36,False,Mayur Sir,1,False,2577,False,551,0.0284,False,False,False,True,False,True,False,True,89,16,7,16,,False,2023-12-22T15:15:10Z,space documentary,63900,Parliament Security Breach : How did it Happen? | Security laps At Parliament | Mayur Sir,COvCAhieZSw,282,0
962,0.47,True,Mayur Sir,6,False,1800,False,395,0.0526,False,False,False,True,False,True,False,False,66,12,13,17,,False,2023-12-16T12:30:11Z,space documentary,63900,Animal Movie Full Exposed | Ranbir Kapoor | Bollywood  | Mayur Sir,8vydg45dlOM,361,0
969,0.09,True,Mayur Sir,2,False,2206,False,352,0.125,False,False,False,True,True,True,False,False,70,11,7,15,odd,False,2023-12-09T12:45:09Z,space documentary,63900,The Incredible Uttarkashi Tunnel Rescue: Saving 41 Workers | Mayur Sir,RgqtX9cqEpA,72,0
974,2.23,True,Mayur Sir,8,False,1716,False,803,0.0185,False,False,False,True,False,True,False,False,74,15,24,18,,False,2023-12-04T13:15:09Z,space documentary,63900,Sam Manekshaw : All About Real Life Full Story | Field marshal | Mayur Sir,k32UF6gK48M,1729,2
982,0.76,False,Mayur Sir,6,False,1180,False,432,0.0239,False,True,False,True,False,True,False,True,78,16,8,16,,False,2023-11-26T12:30:09Z,space documentary,63900,बिजली की खोज कैसे और कब हुई? | Who Discovered Electricity and How? | Mayur Sir,e0VMOINlbIQ,586,1
986,0.12,False,Mayur Sir,0,False,1269,False,311,0.022,False,True,True,True,True,True,True,True,82,20,2,18,odd,False,2023-11-21T17:30:10Z,space documentary,63900,ये दुःख काये खतम नही होता बे?😒 | IND vs AUS | World Cup 2023 | Cricket | Mayur Sir,EHXwOJs2_jI,91,0
991,1.72,False,Mayur Sir,2,False,923,False,52,0.0353,False,False,False,True,True,False,False,True,56,11,45,19,odd,False,2023-11-17T13:00:11Z,space documentary,63900,How Did the 1st Arab - Israel War Start? #israel #shorts,4q1LfuN61x8,1332,1
992,0.74,False,Mayur Sir,1,False,910,False,61,0.0383,False,False,False,True,False,True,False,False,86,11,21,14,,False,2023-11-16T13:00:06Z,space documentary,63900,British Strategies Palestini Aria | Israel& Palestine Conflict History #israel #shorts,84YbWE5-CUQ,574,1
993,3.61,False,Mayur Sir,7,False,1228,False,51,0.0382,False,True,False,True,False,False,False,True,56,9,100,17,,False,2023-11-15T12:15:07Z,space documentary,63900,How Did ISRAEL Build Its Military Power? #israel #shorts,Q5GW6QBzduI,2799,3
999,0.13,False,Mayur Sir,4,True,2207,False,941,0.0693,False,False,False,True,True,False,False,False,70,13,3,20,even,False,2023-11-09T12:30:10Z,space documentary,63900,Untold Secrets: The Clashes Story of the First Arab - Israeli War 1948,kvkyBl3T2pM,101,0
1017,0.14,False,Mayur Sir,4,False,1961,False,867,0.0826,False,False,False,True,True,True,False,False,88,15,5,19,even,False,2023-10-21T16:00:11Z,space documentary,63900,Israel Palestine Conflict: 3000 years History of Jewish & Israel | Jerusalem | Mayur Sir,pFv7x_q26I4,109,0
1031,5.92,False,Mayur Sir,3,False,1740,False,41,0.0366,False,True,False,True,False,True,False,False,76,14,165,16,,False,2023-10-07T17:10:09Z,space documentary,63900,Pakistan का ये किला मराठाओं के कब्जे मैं था  | Attock Fort history #pakistan,KjrVnfPQljA,4590,4
1034,4.1,False,Mayur Sir,5,False,1308,False,60,0.0472,False,False,False,False,False,False,False,True,56,8,145,19,,False,2023-10-04T17:30:11Z,space documentary,63900,How Shaktimaan Saved Parle G #shaktimaan #parleg #shorts,z9KSngRSeTw,3177,3
1036,3.6,False,Mayur Sir,6,False,1478,False,60,0.0265,False,True,False,True,True,False,False,False,57,9,68,20,odd,False,2023-10-03T14:45:07Z,space documentary,63900,Telgi Scam Explained : SCAM 2003 #telgi #scam2003 #shorts,ZK-WmdEknHo,2790,3
1037,0.46,True,Mayur Sir,0,False,993,False,60,0.0648,False,False,False,True,False,False,False,False,61,8,23,19,,False,2023-10-01T16:40:10Z,space documentary,63900,Ujjain R@pe Case Full Explain #ujjainr@pecase #ujjain #shorts,SfDkxIfYWm0,355,0
1039,0.38,True,Mayur Sir,0,False,1876,False,47,0.0572,False,False,True,True,True,False,False,False,61,8,17,17,odd,False,2023-09-30T12:15:11Z,space documentary,63900,India's 1st Green Hydrogen Bus Launched🌍 #hydrogenbus #shorts,Cw2Ooqu2-fo,297,0
1039,3.39,True,Mayur Sir,0,False,1287,False,33,0.0316,False,False,False,True,False,False,False,False,59,8,83,17,,False,2023-09-29T16:00:10Z,space documentary,63900,Mumbai Double Decker Bus Finally Stop #mumbai #doubledecker,MhG5T3qIEBQ,2629,3
1041,2.28,False,Mayur Sir,1,False,1490,False,43,0.0306,False,False,False,True,False,False,True,False,71,8,53,12,,False,2023-09-28T12:26:14Z,space documentary,63900,Mahatma Gandhi vs Rabindranath Tagore's Ideology #mahatmagandhi #shorts,ymXyq4zRiQo,1767,2
1041,0.65,True,Mayur Sir,2,False,971,False,41,0.0593,False,True,False,True,True,False,False,False,58,9,28,18,odd,False,2023-09-27T16:10:11Z,space documentary,63900,GOOGLE Celebrates 25th Years With A Doodle #google #shorts,rY5ZmtYBVCE,506,0
1045,1.79,False,Mayur Sir,0,False,1562,False,48,0.0331,False,True,False,True,False,True,False,True,77,16,46,16,,False,2023-09-24T07:00:08Z,space documentary,63900,Highway पर Tyre  क्यों फटते है? | Why Do TYRES Blow Out On The Highway? #tyre,dK2zbKluL94,1391,1
1051,0.32,True,Mayur Sir,2,False,1142,False,39,0.0754,False,False,False,True,False,False,False,False,32,6,17,18,,False,2023-09-18T13:15:07Z,space documentary,63900,Unique Zoo of India #zoo #unique,t_JWaFDILL0,252,0
1053,3.6,True,Mayur Sir,1,False,2026,False,43,0.0304,False,False,False,True,False,True,False,False,67,11,84,17,,False,2023-09-16T12:30:08Z,space documentary,63900,Longest Pit Dug By Humans | Kola Superdeep Borehole #humans #shorts,kmWI60RiCow,2795,3
1054,4.01,False,Mayur Sir,3,False,1533,False,40,0.0502,False,False,False,True,False,False,False,True,59,9,153,16,,False,2023-09-15T12:30:07Z,space documentary,63900,Why Did Sourav Ganguly Take off His T-Shirt? #souravganguly,l2_v8Fm_yXk,3109,3
1055,1.05,True,Mayur Sir,0,False,1794,False,48,0.0517,False,True,False,True,False,True,False,False,78,12,42,15,,False,2023-09-14T12:45:10Z,space documentary,63900,These Mobile Setting Can Save Your life | SOS Setting #mobilesetting #trending,xlT2w621mfA,813,1
1055,1.42,False,Mayur Sir,2,False,943,False,56,0.0373,False,False,False,True,False,False,False,False,54,7,39,19,,False,2023-09-13T15:50:07Z,space documentary,63900,Amazing Facts About Japan #amazingfacts #japan #shorts,E9hx8OY2zWM,1100,1
1057,1.79,False,Mayur Sir,2,False,1441,False,56,0.0273,False,True,False,True,False,False,False,False,59,9,36,16,,False,2023-09-12T12:24:03Z,space documentary,63900,Alcohol Banned This Country : IRAN #alcohol #iran #trending,YbJ8ofC45aE,1391,1
1059,0.95,False,Mayur Sir,1,False,1691,False,58,0.0379,False,True,False,True,False,False,False,False,83,12,27,13,,False,2023-09-09T16:05:08Z,space documentary,63900,वाघनख : Chhatrapati Shivaji Maharaj Tiger Claws Are Being Brought Back #chhatrapati,rIjk5Wlmq6k,738,1
1,0.08,False,Audiobooks AZ Việt Nam,1,False,1328,False,802,0.1562,False,True,False,True,False,True,False,False,94,21,4,24,,False,2026-08-04T13:00:06Z,tâm lý học,63800,[SÁCH NÓI] Đám Trẻ Vượt Đại Dương Đen | Dành Cho Những Đứa Trẻ Từng Cố Gắng Để Được Yêu Thương,I1w__ifcMEE,32,32
1,1.94,False,Audiobooks AZ Việt Nam,1,False,1214,False,44,0.0216,False,False,False,True,False,False,False,False,81,18,15,16,,False,2026-08-04T03:00:16Z,tâm lý học,63800,"Bạn có biết, đằng sau ca khúc ""Thiếu Niên Hoa Hồng"" từng gây xúc động khắp châu Á",6mqeqtQIpD8,741,741
1,2.07,False,Audiobooks AZ Việt Nam,1,False,1214,False,31,0.0114,False,False,False,True,False,False,False,False,78,18,8,16,,False,2026-08-03T03:00:29Z,tâm lý học,63800,Đây là vụ việc khiến cả Đài Loan phải thay đổi cách nhìn về bạo lực học đường.,GDEW1gXwt7Y,790,790
2,0.31,False,Audiobooks AZ Việt Nam,0,False,2289,False,1309,0.0252,False,True,False,True,False,False,False,False,79,19,3,26,,False,2026-08-02T13:00:06Z,tâm lý học,63800,Hồ Sơ Vụ Án Có Thật: Gia đình Bender - Gia đình sát thủ khét tiếng nhất nước Mỹ,2ShrJdSDvlE,119,60
2,1.75,False,Audiobooks AZ Việt Nam,0,False,1214,False,41,0.009,False,False,False,True,False,False,False,False,62,14,6,16,,False,2026-08-02T03:00:38Z,tâm lý học,63800,Điều đáng sợ nhất không phải là gặp một kẻ s.á.t n.h.â.n xa lạ,Mu_4UGFHdOs,668,334
3,0.51,False,Audiobooks AZ Việt Nam,0,False,1214,False,33,0.0104,False,True,False,True,False,False,False,False,79,18,2,16,,False,2026-08-01T03:00:31Z,tâm lý học,63800,"Đọc cuốn sách này để hiểu rằng, đôi khi cuộc đời không khắt khe với bạn đến thế",Mpdb08JWBLs,193,64
4,1.06,False,Audiobooks AZ Việt Nam,2,False,2092,False,1733,0.032,False,True,False,True,True,True,False,False,68,16,11,24,even,False,2026-07-31T13:00:06Z,tâm lý học,63800,90% Thành Công Đến Từ Kỹ Năng Giao Tiếp | Kỹ Năng Giao Tiếp Đỉnh Cao,ptP8qcCrdX8,406,102
4,2.72,False,Audiobooks AZ Việt Nam,0,False,1214,False,34,0.0115,False,True,False,True,True,False,False,False,99,18,12,16,odd,False,2026-07-31T03:00:35Z,tâm lý học,63800,Vụ Án Mạng Bí Ẩn: Nạn Nhân 21 Tuổi Và Những Manh Mối Khó Hiểu #truyenma #sachphóng #criminalpodcast,CTiYq73xFL0,1039,260
4,1.56,False,Audiobooks AZ Việt Nam,0,False,1214,False,19,0.005,False,False,False,True,False,False,False,False,55,13,3,16,,False,2026-07-31T03:00:05Z,tâm lý học,63800,"Núi cao đường xa,em là món hành lý đầu tiên anh bỏ lại.",a01J6nyZmXw,597,149
5,2.42,False,Audiobooks AZ Việt Nam,0,False,1214,False,41,0.0054,False,False,False,True,False,False,False,False,52,11,5,16,,False,2026-07-30T03:00:28Z,tâm lý học,63800,Đây là một trong những hiện trường khiến mình ám ảnh,KEEyfkY2EDQ,923,185
5,2.15,False,Audiobooks AZ Việt Nam,0,False,1214,False,19,0.0024,False,False,False,True,False,False,False,False,38,8,2,16,,False,2026-07-30T03:00:16Z,tâm lý học,63800,"Nếu bạn đặc biệt nhớ thương một người,",gT21hSH7NQg,822,164
6,2.45,False,Audiobooks AZ Việt Nam,0,False,1214,False,31,0.0075,False,True,False,True,True,False,False,False,87,21,7,16,odd,False,2026-07-29T03:00:08Z,tâm lý học,63800,"Mình từng đọc một hồ sơ vụ án khá là kinh khủng xảy ra năm 1991 tại Hà Nam, Trung Quốc.",-L2uDUT6G-0,933,156
7,0.74,False,Audiobooks AZ Việt Nam,0,False,2336,False,751,0.0141,False,True,False,True,False,True,False,False,87,20,4,24,,True,2026-07-28T13:00:06Z,tâm lý học,63800,"[SÁCH NÓI] Một Đời Được Mất | Phụ Nữ Khôn Ngoan Biết Điều Gì Nên Giữ, Điều Gì Nên Buông",J-GsBksLb6Q,284,41
7,0.75,False,Audiobooks AZ Việt Nam,0,False,1214,False,19,0.0,False,False,False,True,False,False,False,False,77,17,0,16,,False,2026-07-28T08:00:40Z,tâm lý học,63800,"Trong một cuộc tình, ai yêu sâu đậm hơn thường sẽ là người chủ động buông tay",04DxVd2apHc,288,41
7,0.54,False,Audiobooks AZ Việt Nam,0,False,1214,False,20,0.0,False,False,False,True,False,False,False,False,66,12,0,16,,False,2026-07-28T03:00:39Z,tâm lý học,63800,Cuốn sách này sẽ khiến bạn khóc nức nở #campuc #sachvantat #camxuc,B0sc8ZK_piI,206,29
7,0.69,False,Audiobooks AZ Việt Nam,0,False,1214,False,19,0.0038,False,False,False,True,False,False,False,False,51,11,1,16,,False,2026-07-28T03:00:35Z,tâm lý học,63800,"dù ta không còn như trước,em vui, tôi yên lòng rồi.",zRvwDRP4cVs,264,38
8,0.95,False,Audiobooks AZ Việt Nam,0,False,1214,False,24,0.0055,False,False,False,True,False,False,False,False,79,17,2,16,,False,2026-07-27T05:00:19Z,tâm lý học,63800,"Mong bạn luôn giữ được một góc bình yên, dù cuộc đời ngoài kia nhiều giông gió.",Rg6auFr2No8,363,45
8,0.34,False,Audiobooks AZ Việt Nam,0,False,1214,False,19,0.0,False,True,False,True,False,False,False,False,43,10,0,16,,False,2026-07-27T03:00:15Z,tâm lý học,63800,Em đã nghe thử những bài nhạc anh yêu thích,3okbdP5a4sM,128,16
9,3.63,False,Audiobooks AZ Việt Nam,3,False,1992,False,1990,0.0137,False,True,False,True,False,False,False,False,74,17,16,26,,False,2026-07-26T13:00:06Z,tâm lý học,63800,[Hồ Sơ Vụ Án Có Thật] Vụ án Hello Kitty: Thảm Án Kinh Khủng Nhất Hồng Kông,b1pNJ_TQJVU,1386,154
9,1.02,False,Audiobooks AZ Việt Nam,0,False,1214,False,19,0.0051,False,False,False,True,False,False,False,False,46,11,2,16,,False,2026-07-26T03:00:19Z,tâm lý học,63800,Bất kỳ ai rồi cũng sẽ đến lúc phải rờixa mình.,AbTrVZJBJFk,390,43
9,0.98,False,Audiobooks AZ Việt Nam,1,False,1214,False,22,0.0134,False,False,False,True,False,False,False,False,62,14,4,16,,False,2026-07-26T03:00:12Z,tâm lý học,63800,"Bình yên không phải là hết bão, mà là lòng mình thôi nổi sóng.",sfxhUAutlxs,373,41
10,0.78,False,Audiobooks AZ Việt Nam,0,False,1214,False,18,0.0,False,True,False,True,False,False,False,False,68,16,0,16,,False,2026-07-25T03:00:25Z,tâm lý học,63800,"Có những ngày chỉ cần trái tim bình yên, mọi thứ đều trở nên vừa đủ.",BKEByo6ZCU8,296,30
10,0.61,False,Audiobooks AZ Việt Nam,0,False,1214,False,19,0.0,False,False,False,True,False,False,False,False,44,10,0,16,,False,2026-07-25T03:00:24Z,tâm lý học,63800,Em từng xem tình yêu như chiếc phao cứu sinh,cl7tsCMxuNU,234,23
11,2.59,False,Audiobooks AZ Việt Nam,1,False,2237,False,1089,0.0101,False,True,False,True,False,True,False,True,80,18,9,26,,False,2026-07-24T13:00:06Z,tâm lý học,63800,[SÁCH NÓI] Bạn Đắt Giá Bao Nhiêu? | Học Cách Yêu Mình Và Sống Cuộc Đời Mình Muốn,QZzKFYcZcBQ,988,90
11,2.63,False,Audiobooks AZ Việt Nam,1,False,1214,False,37,0.008,False,False,False,True,True,False,False,True,70,14,7,16,even,False,2026-07-24T05:00:35Z,tâm lý học,63800,Tại sao hung thủ vụ án 1996 vẫn là ẩn số? #vuan #truyentrinhtham #biẩn,v4RO-t0bWz8,1005,91
11,0.6,False,Audiobooks AZ Việt Nam,0,False,1214,False,19,0.0087,False,True,False,True,False,False,False,True,29,7,2,16,,False,2026-07-24T03:00:21Z,tâm lý học,63800,phải chăng hai ta đã hết yêu?,4xpqly-Uau4,229,21
12,0.63,False,Audiobooks AZ Việt Nam,0,False,1214,False,19,0.0083,False,False,False,True,False,False,False,False,44,10,2,16,,False,2026-07-23T05:00:36Z,tâm lý học,63800,“hôm nay em coi bói nói tụi mình dễ thương.”,rwA8ejmJQi4,241,20
12,3.98,False,Audiobooks AZ Việt Nam,0,False,1214,False,29,0.0099,False,True,False,True,False,False,False,False,47,12,15,16,,False,2026-07-23T05:00:20Z,tâm lý học,63800,đây là một vụ án gây hoang mang một thời tại TQ,L74Fr1uRblo,1520,127
13,0.55,False,Audiobooks AZ Việt Nam,0,False,1214,False,34,0.0,False,False,False,True,False,False,False,False,73,17,0,16,,False,2026-07-22T06:00:34Z,tâm lý học,63800,Nước mắt không thể ngừng rơi khi kỷ niệm cũ cứ quấn chặt lấy em chẳng rời,8R3tquen82A,211,16
13,2.72,False,Audiobooks AZ Việt Nam,0,False,1214,False,41,0.0125,False,True,False,True,False,False,False,False,28,8,13,16,,False,2026-07-22T05:00:03Z,tâm lý học,63800,vụ án gây ám ảnh TQ một thời,A1T-yMXOCLY,1039,80
1634,1.3,False,Đầu Tư An Tiêm,60,False,477,False,1823,0.0417,False,True,False,False,True,False,False,False,89,18,491,0,even,False,2022-02-12T13:26:05Z,đầu tư chứng khoán,62500,Phân tích Kỹ thuật (TA) Căn bản ABC... Bài 12:  Dùng Mây Ichimoku để đầu tư trung-dài hạn,bROPCaggIxY,13214,8
1634,1.41,False,Đầu Tư An Tiêm,40,False,489,False,1931,0.0445,False,True,False,False,True,False,False,False,85,17,597,0,odd,False,2022-02-12T12:44:56Z,đầu tư chứng khoán,62500,"Phân tích Kỹ thuật (TA) Căn bản ABC... Bài 11: Dùng Fibonacci để chốt lãi, bắt đáy...",xPsWgPfrpzw,14325,9
1634,0.96,False,Đầu Tư An Tiêm,25,False,533,False,2281,0.0446,False,True,False,False,True,False,False,False,78,16,413,0,even,False,2022-02-12T11:43:45Z,đầu tư chứng khoán,62500,Phân tích Kỹ thuật (TA) Căn bản ABC... Bài 10:  Chỉ báo Bollinger Bands và OBV,RNq2VQ4iGnA,9822,6
1641,1.12,False,Đầu Tư An Tiêm,37,False,470,False,1407,0.0475,False,True,False,False,True,False,False,False,73,15,507,0,odd,False,2022-02-05T04:45:43Z,đầu tư chứng khoán,62500,Phân tích Kỹ thuật (TA) Căn bản... Bài 9: Dùng MACD xác định điểm mua-bán,atnrVqLegnw,11446,7
1641,1.35,False,Đầu Tư An Tiêm,44,False,497,False,2540,0.0562,False,True,False,False,True,False,False,False,74,15,726,0,even,False,2022-02-05T04:05:50Z,đầu tư chứng khoán,62500,Phân tích Kỹ thuật (TA) Căn bản... Bài 8:  Dùng RSI và Stochastic Ngắn hạn,HAzXhx8XAJs,13700,8
1643,0.84,False,Đầu Tư An Tiêm,26,False,506,False,1963,0.0481,False,True,False,False,True,False,False,False,81,18,385,0,odd,False,2022-02-03T08:18:19Z,đầu tư chứng khoán,62500,Phân tích Kỹ thuật (TA) Căn bản... Bài 7:  Cách vẽ và sử dụng Trend line hiệu quả,UfeW7ETRhZ0,8540,5
1643,0.94,False,Đầu Tư An Tiêm,30,False,512,False,1870,0.0429,False,True,False,False,True,False,False,False,70,16,379,0,even,False,2022-02-03T07:19:13Z,đầu tư chứng khoán,62500,Phân tích Kỹ thuật (TA) Căn bản... Bài 6:  Đường MA cấu tạo và sử dụng,vOJxXQ7OFtE,9532,6
1643,0.7,False,Đầu Tư An Tiêm,22,False,553,False,1215,0.0495,False,True,False,False,True,False,False,False,67,15,331,0,odd,False,2022-02-03T05:56:34Z,đầu tư chứng khoán,62500,Phân tích Kỹ thuật (TA) Căn bản... Bài 5:  Các mô hình Nến giảm giá,EhWSuc_Utag,7135,4
1643,0.81,False,Đầu Tư An Tiêm,15,False,579,False,979,0.0442,False,True,False,False,True,False,False,False,67,15,349,0,even,False,2022-02-03T05:22:08Z,đầu tư chứng khoán,62500,Phân tích Kỹ thuật (TA) Căn bản... Bài 4:  Các mô hình nến tăng giá,us9_1dPee5c,8238,5
1643,0.89,False,Đầu Tư An Tiêm,37,False,529,False,1670,0.0525,False,True,False,False,True,False,False,False,62,14,438,0,odd,False,2022-02-03T04:48:41Z,đầu tư chứng khoán,62500,Phân tích Kỹ thuật (TA) Căn bản... Bài 3: Các mẫu Nến phổ biến,w4VGJlJDfuk,9052,6
1645,0.92,False,Đầu Tư An Tiêm,25,False,492,False,1241,0.0431,False,False,False,False,True,False,False,True,53,13,378,0,even,False,2022-02-01T04:31:22Z,đầu tư chứng khoán,62500,Phân tích kỹ thuật Căn bản... Bài 2: Nến Nhật là gì ?,XEhE8GyPQuw,9361,6
1645,1.42,False,Đầu Tư An Tiêm,84,False,513,False,1576,0.0499,False,True,False,False,True,False,False,False,75,16,638,0,odd,False,2022-02-01T03:51:06Z,đầu tư chứng khoán,62500,Phân tích kỹ thuật (TA) Căn bản... Bài 1: Khái niệm Phân tích kỹ thuật (TA),wwIdW6NlELs,14455,9
1652,0.47,False,Đầu Tư An Tiêm,27,False,572,False,1983,0.0556,False,True,False,False,True,False,False,False,60,14,239,0,odd,False,2022-01-25T09:55:28Z,đầu tư chứng khoán,62500,Chứng khoán Căn bản ABC... Bài 13:  Lưu ý ở Ý kiến Kiểm toán,YGbDlVrG_mY,4782,3
1652,0.45,False,Đầu Tư An Tiêm,23,False,542,False,1442,0.0538,False,True,False,False,True,False,False,False,66,15,221,0,even,False,2022-01-25T09:05:13Z,đầu tư chứng khoán,62500,Chứng khoán căn bản ABC... Bài 12: Chú ý ở bảng Lưu chuyển tiền tệ,9TMwe18k6M4,4536,3
1655,0.82,False,Đầu Tư An Tiêm,32,False,482,False,1793,0.0446,False,True,False,False,True,False,False,False,72,16,339,0,odd,False,2022-01-22T12:00:00Z,đầu tư chứng khoán,62500,Chứng khoán căn bản ABC... Bài 11:  Các chú ý trong Bảng Cân đối kế toán,EOaSvjYdnUg,8318,5
1655,0.99,False,Đầu Tư An Tiêm,24,False,567,False,2377,0.0449,False,True,False,False,True,False,False,False,71,15,429,0,even,False,2022-01-22T10:31:31Z,đầu tư chứng khoán,62500,Chứng khoán căn bản ABC... Bài 10:  Các điểm Chú ý trong Báo cáo KQHĐKD,6XG1Z9H8ZFk,10088,6
1662,0.68,False,Đầu Tư An Tiêm,26,False,532,False,2250,0.0514,False,True,False,False,True,False,False,False,51,11,328,0,odd,False,2022-01-15T11:12:38Z,đầu tư chứng khoán,62500,Chứng khoán căn bản ABC... Bài 9:  Quản trị công ty,qimUjIgaHes,6892,4
1664,0.73,False,Đầu Tư An Tiêm,25,False,516,False,1813,0.0479,False,True,False,False,True,False,False,False,48,11,331,0,even,False,2022-01-13T10:05:49Z,đầu tư chứng khoán,62500,Chứng khoán cơ bản ABC... Bài 8:  Cơ cấu Cổ đông,G6hhE_ZtlPk,7437,4
1665,1.38,False,Đầu Tư An Tiêm,57,False,571,False,2600,0.0516,False,True,False,False,True,False,False,False,56,12,666,0,odd,False,2022-01-12T09:19:16Z,đầu tư chứng khoán,62500,chứng khoán Cơ bản ABC... Bài 7:  Cách chọn mua Cổ phiếu,UPHRCRIRAas,14005,8
1667,0.88,False,Đầu Tư An Tiêm,37,False,500,False,2056,0.049,False,True,False,False,True,False,False,False,48,12,402,0,even,False,2022-01-10T10:18:56Z,đầu tư chứng khoán,62500,Chứng khoán cơ bản ABC... Bài 6:  Vĩ mô và Vi mô,Lf1ryhX2FyI,8955,5
1669,1.0,False,Đầu Tư An Tiêm,43,False,461,False,2535,0.0534,False,True,False,False,True,False,False,False,43,9,502,0,odd,False,2022-01-08T10:10:58Z,đầu tư chứng khoán,62500,Chứng khoán Căn bản ABC...: Bài 5:   CỔ TỨC,LWgOZyl3zWQ,10205,6
1670,1.44,False,Đầu Tư An Tiêm,47,False,558,False,1981,0.05,False,True,False,False,True,False,False,False,61,13,684,0,even,False,2022-01-07T09:26:08Z,đầu tư chứng khoán,62500,Chứng khoán Căn bản ABC...: Bài 4: Các cách định giá cổ phiếu,vBp_LbFyHKA,14634,9
1671,1.37,False,Đầu Tư An Tiêm,53,False,479,False,1666,0.0572,False,True,False,False,True,False,False,False,52,12,742,0,odd,False,2022-01-06T05:41:14Z,đầu tư chứng khoán,62500,Chứng khoán Căn bản ABC...: Bài 3: Các chỉ số cơ bản,P4d1aC_xnQ0,13901,8
1672,1.7,False,Đầu Tư An Tiêm,70,False,473,False,2603,0.0557,False,True,False,False,True,False,False,False,56,12,892,0,even,True,2022-01-05T09:00:12Z,đầu tư chứng khoán,62500,Chứng khoán Căn bản ABC...:  BÀI 2: LỢI NHUẬN VÀI RỦI RO,bxfSn85PM6g,17258,10
1673,2.64,False,Đầu Tư An Tiêm,90,False,522,False,2134,0.0542,False,True,False,False,True,False,False,False,35,7,1364,0,odd,False,2022-01-04T05:27:59Z,đầu tư chứng khoán,62500,Chứng khoán Căn bản ABC...:   BÀI 1,-aT-5s2CfcI,26843,16
1674,1.65,False,Đầu Tư An Tiêm,189,False,418,False,1868,0.1002,False,True,False,False,False,False,False,False,15,4,1494,0,,False,2022-01-03T09:40:40Z,đầu tư chứng khoán,62500,MÓN QUÀ ĐẦU NĂM,Z6fv7m_EzFE,16801,10
2053,2.71,False,Đầu Tư An Tiêm,75,False,588,False,1037,0.0424,False,False,False,False,True,False,False,False,31,7,1095,0,even,False,2020-12-20T05:34:57Z,đầu tư chứng khoán,62500,2 cách phân phối đỉnh kinh điển,5Qq7cpNkpx4,27580,13
2159,1.93,False,Đầu Tư An Tiêm,137,False,584,False,1068,0.0545,False,True,False,False,False,False,False,False,46,10,931,9,,False,2020-09-05T10:28:29Z,đầu tư chứng khoán,62500,Cách nhanh nhất để đầu tư chứng khoán hiệu quả,qwREDEXeY10,19611,9
2214,1.01,False,Đầu Tư An Tiêm,67,False,552,False,1053,0.0514,False,False,False,False,False,False,False,False,47,10,459,12,,False,2020-07-12T08:06:01Z,đầu tư chứng khoán,62500,"Nếu không yên tâm, có thể hạ tỷ trọng margin...",6K6ZM2mvhbI,10236,5
2285,1.0,False,Đầu Tư An Tiêm,31,False,612,False,1146,0.047,False,True,False,False,False,False,False,False,61,13,446,9,,False,2020-05-02T09:23:42Z,đầu tư chứng khoán,62500,"Khám phá các Kho dữ liệu Trực tuyến về Doanh nghiệp, Cổ phiếu",H3gyVB0lyGA,10154,4
46,0.61,False,TƯ DUY VÀ SÁCH,4,False,1488,False,2574,0.0303,False,True,False,True,False,False,False,False,67,17,93,19,,False,2026-06-19T12:45:02Z,làm giàu tư duy,61600,Cuốn Sách Vĩ Đại Nhất Lịch Sử Không Được Viết Để Ai Đọc — Kể Cả Bạn,E2WK0S8IKM4,3201,70
55,0.58,False,TƯ DUY VÀ SÁCH,6,False,570,False,3697,0.0194,False,True,False,True,False,False,False,False,62,16,53,11,,False,2026-06-10T12:45:30Z,làm giàu tư duy,61600,Cách Đọc Người — BẬC THẦY Thật Và KẺ NGỤY TẠO - TƯ DUY VÀ SÁCH,G5qS7K3nawo,3043,55
70,0.64,False,TƯ DUY VÀ SÁCH,3,False,1804,False,2231,0.0218,False,True,False,True,False,True,False,True,80,20,71,8,,False,2026-05-26T12:45:00Z,làm giàu tư duy,61600,Nghệ Thuật Chấp Nhận – Làm Sao Để Đứng Vững Khi Mọi Thứ Sụp Đổ? | Tư Duy và Sách,0K70Kvl5CRo,3399,49
77,0.38,False,TƯ DUY VÀ SÁCH,1,True,664,False,2565,0.0233,False,False,False,False,False,False,False,False,61,14,46,6,,False,2026-05-19T12:45:00Z,làm giàu tư duy,61600,Die With Zero — Cuốn Sách Không Ai Muốn Đọc Nhưng Ai Cũng Cần,3GPhIAnY-yE,2013,26
108,1.16,False,TƯ DUY VÀ SÁCH,10,False,1582,False,2881,0.0262,False,True,False,True,False,True,False,False,66,17,150,8,,False,2026-04-18T13:00:02Z,làm giàu tư duy,61600,Trang Tử: THAY TƯ DUY – ĐỔI CUỘC ĐỜI THEO ĐẠO GIA | Tư Duy Và Sách,-tyMKPJonrM,6097,56
115,0.49,False,TƯ DUY VÀ SÁCH,9,False,1178,False,2557,0.0343,False,False,False,True,False,True,False,False,43,9,79,16,,False,2026-04-11T12:45:00Z,làm giàu tư duy,61600,Làm Chủ Thế Giới Bên Trong | Michael Singer,0t6qYOYCa4k,2566,22
122,0.51,False,TƯ DUY VÀ SÁCH,5,False,1410,False,4394,0.0225,False,True,False,True,False,False,False,False,71,16,55,15,,False,2026-04-04T12:45:07Z,làm giàu tư duy,61600,Bạn Không Tình Cờ Xem Video Này… Có Điều Gì Đó Đang Thức Tỉnh Trong Bạn,OGmW56cucI8,2669,22
129,1.43,False,TƯ DUY VÀ SÁCH,18,False,1127,False,3771,0.029,False,True,False,True,False,False,False,False,55,13,200,12,,True,2026-03-28T12:45:01Z,làm giàu tư duy,61600,Bạn Không Nghèo Vì Thiếu Tiền – Mà Vì Nghĩ Sai Điều Này,5YdaCOIXSUQ,7513,58
136,0.82,False,TƯ DUY VÀ SÁCH,18,False,1315,False,3704,0.0282,False,False,False,True,False,False,False,False,59,14,104,17,,False,2026-03-21T12:45:01Z,làm giàu tư duy,61600,Bạn Không Thu Hút Điều Bạn Muốn – Bạn Thu Hút Con Người Bạn,BUsBORjq-DA,4325,32
145,1.03,False,TƯ DUY VÀ SÁCH,9,False,976,False,4294,0.018,False,True,False,False,False,False,False,False,65,17,89,17,,False,2026-03-12T12:45:01Z,làm giàu tư duy,61600,Sự Chú Ý – Quyền Lực Thầm Lặng Định Hình Số Phận - TƯ DUY VÀ SÁCH,-ZyWPmRa9D8,5440,38
150,1.26,False,TƯ DUY VÀ SÁCH,18,False,1363,False,2418,0.0252,False,True,False,True,False,True,False,False,65,17,149,12,,False,2026-03-07T12:45:05Z,làm giàu tư duy,61600,Bài Giảng Trên Núi – Mật Mã Của Sức Mạnh Tâm Thức | TƯ DUY & SÁCH,IcP-sM_iXCM,6624,44
154,0.48,False,TƯ DUY VÀ SÁCH,1,False,886,False,2416,0.019,False,True,False,True,False,True,False,True,90,21,47,11,,False,2026-03-03T12:45:00Z,làm giàu tư duy,61600,Ngủ Để Thành Công: Vì Sao Người Xuất Chúng Không Bao Giờ Xem Nhẹ Giấc Ngủ? | TƯ DUY & SÁCH,8JpUfkav0jo,2526,16
159,0.84,False,TƯ DUY VÀ SÁCH,8,True,981,False,2855,0.0222,False,True,False,True,False,True,False,False,86,21,90,10,,False,2026-02-26T12:45:07Z,làm giàu tư duy,61600,"Ngừng Làm Mọi Thứ, Hãy Làm Một Thứ: Bí Mật Đằng Sau Kết Quả Phi Thường | TƯ DUY & SÁCH",xAClEn8opMQ,4410,28
166,0.51,False,TƯ DUY VÀ SÁCH,8,False,397,False,3428,0.022,False,False,False,True,True,False,False,False,77,17,51,11,odd,False,2026-02-19T12:30:00Z,làm giàu tư duy,61600,Cách Tôi Chiếm Lại 5 Giờ Mỗi Ngày: Cuộc Cách Mạng Giành Lại Chủ Quyền Tâm Trí,a1haunpZUl4,2683,16
177,0.72,False,TƯ DUY VÀ SÁCH,3,False,418,False,4761,0.0198,False,True,False,False,False,False,False,True,92,19,72,5,,False,2026-02-07T17:00:58Z,làm giàu tư duy,61600,"Lối Sống Tối Giản : Người Thành Công Luôn Nói ""Không""? (Sức Mạnh Của Sự Tập Trung Tuyệt Đối)",iP5xHBCSDiE,3786,21
180,0.18,False,TƯ DUY VÀ SÁCH,0,False,851,False,3854,0.0215,False,True,False,False,False,False,False,True,55,14,20,13,,False,2026-02-05T12:45:14Z,làm giàu tư duy,61600,"Vì Sao Càng Lớn, Con Người Càng Ít Nói - Tư Duy Và Sách",ouki7eeNoiY,929,5
187,0.66,False,TƯ DUY VÀ SÁCH,6,False,1177,False,3527,0.0179,False,True,False,False,True,False,False,False,56,14,56,8,even,False,2026-01-29T12:45:09Z,làm giàu tư duy,61600,10 Nguyên Tắc Lấy lại Trật Tự Cuộc Đời  - TƯ DUY VÀ SÁCH,W7z7_yik3CY,3472,19
187,0.6,False,TƯ DUY VÀ SÁCH,12,False,1025,False,2999,0.026,False,True,False,False,False,True,False,False,66,16,70,23,,False,2026-01-28T17:01:31Z,làm giàu tư duy,61600,Khoảng Cách Giữa Điều Ta Hiểu Và Cách Ta Phản Ứng | TƯ DUY VÀ SÁCH,oNFTU1zGlR0,3153,17
192,2.93,False,TƯ DUY VÀ SÁCH,14,False,1298,False,4726,0.0107,False,True,False,False,True,False,False,False,80,20,151,11,even,False,2026-01-24T12:45:05Z,làm giàu tư duy,61600,Đừng Sợ Sự Tan Rã: 12 Giai Đoạn Tái Sinh Bản Thể Chân Thực Nhất - TƯ DUY VÀ SÁCH,jlWuaQca550,15439,80
209,15.71,False,TƯ DUY VÀ SÁCH,45,False,707,False,4035,0.0127,False,False,False,False,False,False,False,False,57,12,1003,5,,False,2026-01-06T22:15:02Z,làm giàu tư duy,61600,"“Nếu Bạn Luôn Nghĩ Quá Nhiều, Hãy Nghe Video Này Một Lần”",rvnlSvV49n4,82806,396
227,26.94,False,TƯ DUY VÀ SÁCH,123,False,2522,False,5432,0.014,False,True,False,True,True,False,False,False,71,19,1872,16,odd,False,2025-12-20T12:45:11Z,làm giàu tư duy,61600,"Nghe Điều Này 1 Giờ, Bạn Có Thể Lấy Lại 20 Năm Cuộc Đời - TƯ DUY & SÁCH",S4P98GNv-Og,142017,626
246,0.97,False,TƯ DUY VÀ SÁCH,1,False,0,False,181,0.0035,False,True,False,False,False,False,False,False,91,12,17,0,,False,2025-12-01T05:15:19Z,làm giàu tư duy,61600,Sự nhầm lẫn tai hại về sự nhận #tuduyvasach #tưduyvàsách #pháttriểnbảnthân #tinhthuctamthuc,nrup2seDULg,5104,21
259,42.6,False,TƯ DUY VÀ SÁCH,63,False,780,False,4362,0.0075,False,True,False,True,False,False,False,False,79,19,1614,19,,False,2025-11-17T22:15:05Z,làm giàu tư duy,61600,Nói Một Cách Thông Minh: Tư Duy Phản Biện Để Giao Tiếp Hiệu Quả — Tư Duy & Sách,x-nA_GkahwM,224570,867
271,24.07,False,TƯ DUY VÀ SÁCH,54,False,912,False,9506,0.0117,False,True,False,False,False,True,False,False,75,19,1432,19,,False,2025-11-06T12:45:13Z,làm giàu tư duy,61600,"Khi Bạn Nhận Ra: Cuộc Đời Không Đến Với Bạn, Mà Đến Từ Bạn | TƯ DUY VÀ SÁCH",qnOBf5dHHgU,126873,468
276,42.54,False,TƯ DUY VÀ SÁCH,102,False,961,False,4102,0.0161,False,True,False,False,True,True,False,False,64,17,3514,23,even,False,2025-10-31T22:15:04Z,làm giàu tư duy,61600,8 Quy Tắc Vàng Của Bộ Não – Bứt Phá Chính Mình | TƯ DUY VÀ SÁCH”,iZk8UXEB3Ow,224265,813
283,6.14,False,TƯ DUY VÀ SÁCH,22,True,1167,False,4626,0.016,False,True,False,True,False,True,False,False,91,21,495,23,,False,2025-10-24T22:15:02Z,làm giàu tư duy,61600,Cách Nhìn Thấu Lòng Người Mà Không Cần Phán Xét – Bài Học Từ Robert Greene | TƯ DUY VÀ SÁCH,VaVIGTAy-x0,32345,114
286,8.54,False,TƯ DUY VÀ SÁCH,90,False,1025,False,6447,0.0211,False,True,False,True,False,True,False,False,88,21,862,13,,False,2025-10-22T12:45:16Z,làm giàu tư duy,61600,"Bạn Sẽ Trở Thành Một ""Pháp Sư""Thật Sự Khi Hiểu Được Quy Luật Cổ Xưa Này | TƯ DUY VÀ SÁCH",jadn1kCM3Zw,45035,157
289,10.28,False,TƯ DUY VÀ SÁCH,131,False,865,False,6364,0.0208,False,True,False,False,False,True,False,False,72,17,994,8,,False,2025-10-19T12:45:01Z,làm giàu tư duy,61600,Kích Hoạt Năng Lượng Vô Hạn: Học Cách Bẻ Cong Thực Tại | TƯ DUY VÀ SÁCH”,2aoRsLWfwN8,54213,188
291,16.51,False,TƯ DUY VÀ SÁCH,173,False,714,False,4891,0.0233,False,True,False,False,False,True,False,False,74,18,1851,6,,False,2025-10-17T12:45:01Z,làm giàu tư duy,61600,TIỀM THỨC CỦA BẠN LÀ BÁC SĨ CỦA CHÍNH BẠN – JOSEPH MURPHY | TƯ DUY VÀ SÁCH,6OMEI2pp1cQ,87034,299
292,12.84,False,TƯ DUY VÀ SÁCH,39,False,1103,False,5131,0.0138,False,True,False,True,False,True,False,False,91,22,892,1,,False,2025-10-16T12:45:03Z,làm giàu tư duy,61600,“GIÁC NGỘ TRONG GIẤC NGỦ – Hành Trình Đi Vào Bóng Đêm Để Tìm Lại Ánh Sáng | TƯ DUY VÀ SÁCH”,7RTgXO5XHB4,67691,232
1391,561.68,False,Củ Cải Review Phim ,737,False,947,False,60,0.0229,False,True,False,True,False,True,False,False,84,21,216597,15,,False,2022-10-13T04:30:19Z,review phim tóm tắt,60600,Review Phim | Thanh Niên Ế Lâu Năm Lấy Người Giấy Về Làm Vợ | Phim Ma | Phim Kinh Dị,xpqSIL5CeG8,9477284,6813
1391,0.11,False,Củ Cải Review Phim ,1,False,943,False,406,0.0068,False,True,False,True,False,True,False,False,80,18,12,19,,False,2022-10-13T00:00:09Z,review phim tóm tắt,60600,Review Phim | Thần Tài Hạ Phàm Xuống Trần Lại Gặp Phải Toán Cướp | Phim Cổ Trang,SsZ4d12fIsk,1906,1
1392,1.44,False,Củ Cải Review Phim ,7,False,953,False,402,0.0059,False,False,False,True,False,True,False,False,90,20,137,17,,False,2022-10-12T00:00:07Z,review phim tóm tắt,60600,Review Phim | Thiếu Gia Quý Tộc Suốt Ngày Chê Bai Người Mình Thương | Tổng Tài | Ngôn Tình,M2X7xwiA33A,24329,17
1393,0.03,False,Củ Cải Review Phim ,0,False,953,False,366,0.0034,False,True,False,True,False,True,False,False,90,22,2,19,,False,2022-10-11T04:51:48Z,review phim tóm tắt,60600,Review Phim | Tổng Tài Vì Người Yêu Mà Bất Chấp Sự Phản Đối Của Gia Đỉnh | Tổng Tài Bá Đạo,sJToKkdSSes,582,0
1393,1144.89,False,Củ Cải Review Phim ,759,False,952,False,60,0.0192,False,True,False,True,False,True,False,False,89,21,370417,15,,False,2022-10-11T04:30:07Z,review phim tóm tắt,60600,Review Phim | Chuyến bay tử thần ai phát ra tiếng động là bay màu tức khắc | Phim Kinh Dị,VaMVIM1XhpU,19317707,13868
1393,6.43,False,Củ Cải Review Phim ,,False,862,False,58,0.0351,False,False,False,True,False,True,False,False,87,21,3805,15,,False,2022-10-11T00:00:09Z,review phim tóm tắt,60600,Review Phim | Cậu bé chui vào quan tài gặp bố lần cuối ai ngờ chuyện kỳ lại lại xảy ra|,JWWZgLPhHrc,108500,78
1396,0.87,False,Củ Cải Review Phim ,4,False,957,False,374,0.0031,False,True,False,True,True,False,False,False,94,22,42,19,even,False,2022-10-08T00:00:13Z,review phim tóm tắt,60600,Review Phim Tô Mạt Nhi Truyền kỳ 2: Tì Nữ Bị Đại Bàng Đậu Lên Tay Lại Được Phong Làm Hoàng Hậu,UC7Xk2vWRIQ,14628,10
1397,1.0,False,Củ Cải Review Phim ,1,False,941,False,383,0.0041,False,True,False,True,False,False,False,False,77,18,69,19,,False,2022-10-07T04:30:12Z,review phim tóm tắt,60600,Review Phim Tô Mạt Nhi Truyền Kỳ: Làm Phi Tần Đắc Sủng Thì Bị Đố Kỵ Ghen Ghét,oztCnfpczBM,16873,12
1399,4.1,False,Củ Cải Review Phim ,14,False,950,False,697,0.0047,False,True,False,True,False,False,False,False,87,20,309,19,,False,2022-10-05T00:00:08Z,review phim tóm tắt,60600,Review Phim Hà Thần: Dân làng đang làm lễ tế thần sông lại phát hiện án m ạng liên hoàn,CP-VOjsSeMU,69179,49
1413,0.1,False,Củ Cải Review Phim ,0,False,814,False,321,0.0048,False,True,False,True,False,True,False,False,97,22,8,22,,False,2022-09-21T04:30:01Z,review phim tóm tắt,60600,Tham Quan Trang Trại Nuôi Cá Tầm Và Quy Trình Sản Xuất Ra Trứng Cá Muối Đắt Đỏ | Review Cuộc Sống,avNALr7DlTA,1673,1
1413,0.26,False,Củ Cải Review Phim ,0,False,795,False,218,0.0059,False,True,False,True,False,True,False,False,78,18,26,19,,False,2022-09-21T00:00:28Z,review phim tóm tắt,60600,Thử Thách Đi Ăn Nhà Hàng Dưới Nước Xem Thiên Hạ Có Trầm Trồ | Review Cuộc Sống,zo880kFQujc,4417,3
1,0.06,False,Bí mật kinh doanh,3,True,2820,False,1668,0.065,False,True,False,False,False,True,False,True,85,19,46,21,,False,2026-08-04T12:51:51Z,bất động sản việt nam,60000,"Nghịch Lý Lợi Suất Mỹ Vọt Đỉnh: Cỗ Máy ""Nghiền Nát"" Giá Vàng Mới? | Bí Mật Kinh Doanh",VBwQ9tWXryo,754,754
1,0.41,False,Bí mật kinh doanh,9,True,2997,False,1789,0.0302,False,True,False,True,False,True,True,True,86,20,148,28,,False,2026-08-03T12:25:46Z,bất động sản việt nam,60000,"Siết Van Bơm Tiền: ""Găm"" Tiền Hay Ôm Tài Sản Để Không Bị ""XÓA SỔ""? | Bí Mật Kinh Doanh",g8Cz1NK9etw,5203,5203
2,0.75,False,Bí mật kinh doanh,29,True,3004,False,2099,0.0321,False,True,False,True,True,True,False,True,85,20,276,26,odd,False,2026-08-02T12:25:30Z,bất động sản việt nam,60000,"Khủng Hoảng Kinh Tế Toàn Cầu: 5 Tài Sản Này Sẽ ""BÙNG NỔ"" Sau Bão? | Bí Mật Kinh Doanh",gfgYt-UYulk,9516,4758
3,0.36,False,Bí mật kinh doanh,16,True,3128,False,1967,0.0299,False,True,False,True,True,True,True,False,95,22,120,21,even,True,2026-08-01T12:25:54Z,bất động sản việt nam,60000,"Lãi Vay ‘Cao Ngất’ 14% Vẫn Lao Vào BĐS: Bẫy ""Bắt Đáy"" Hay Cú Lừa Trắng Tay! | Bí Mật Kinh Doanh",H-SUE4_vcx4,4549,1516
3,0.3,False,Bí mật kinh doanh,12,True,2941,False,1686,0.0341,False,True,False,False,False,True,False,True,94,21,118,25,,False,2026-08-01T00:01:12Z,bất động sản việt nam,60000,"Fed Không Tăng Lãi Suất, Chứng Khoán Và Đất Vẫn Sập: Kịch Bản Ngầm Gì Đây? | Bí Mật Kinh Doanh",q-gaxpeLj-o,3816,1272
5,0.68,False,Bí mật kinh doanh,25,True,3086,False,2158,0.0321,False,True,False,True,True,True,False,False,91,22,254,17,odd,True,2026-07-30T12:26:24Z,bất động sản việt nam,60000,"9 Cú Lừa Vĩ Mô: Cách Mỹ ""Bốc Hơi"" 39 Nghìn Tỷ USD Nợ Công Trong Âm Thầm!| Bí Mật Kinh Doanh",f-MEjny3w98,8680,1736
6,2.72,False,Bí mật kinh doanh,89,True,2946,False,1859,0.0216,False,True,False,True,False,True,False,True,81,19,662,26,,True,2026-07-29T12:28:31Z,bất động sản việt nam,60000,"Cơn Bão Vỡ Nợ Ngân Hàng: ""Lưỡi Liềm Vĩ Mô"" Quét Sạch Tài Sản? | Bí Mật Kinh Doanh",nYFn07jVf1k,34752,5792
7,2.45,False,Bí mật kinh doanh,91,True,3138,False,2085,0.0173,False,True,False,True,False,True,False,True,83,19,450,21,,True,2026-07-28T12:16:50Z,bất động sản việt nam,60000,"Lãi Suất Vay Tăng Sốc: Làn Sóng Vỡ Nợ BĐS Chính Thức ""KÍCH NỔ""? | Bí Mật Kinh Doanh",oqhEXE7_RZ8,31253,4465
8,0.4,False,Bí mật kinh doanh,10,True,2984,False,2063,0.0295,False,True,False,True,True,True,True,True,94,21,141,23,odd,True,2026-07-27T12:01:57Z,bất động sản việt nam,60000,"3 Mặt Trận Khủng Hoảng: BẪY MỚI Hay Cơ Hội Bắt Đáy Vàng, Đất, Chứng Khoán? | Bí Mật Kinh Doanh",iIlULg58_A8,5111,639
9,1.04,False,Bí mật kinh doanh,40,True,2819,False,1966,0.0255,False,True,False,False,True,True,True,True,87,20,298,19,odd,False,2026-07-26T12:25:11Z,bất động sản việt nam,60000,Vàng Sắp Tạo Đáy Hay Rơi Tiếp? 3 Kịch Bản Cuối 2026 Chạm 3.000 USD! | Bí Mật Kinh Doanh,LviSsd6PAqU,13268,1474
10,4.49,False,Bí mật kinh doanh,71,True,2950,False,2041,0.0165,False,True,False,True,False,True,False,True,92,23,874,24,,True,2026-07-25T12:15:04Z,bất động sản việt nam,60000,Sóng Nợ Tàn Khốc Kích Nổ Cú Sập: Kịch Bản Các Tài Sản Sắp Tới Sẽ Ra Sao? | Bí Mật Kinh Doanh,0UaPMsB8IsE,57372,5737
11,5.37,False,Bí mật kinh doanh,100,True,2993,False,1880,0.0144,False,True,False,True,False,True,False,False,75,19,884,21,,True,2026-07-24T12:22:36Z,bất động sản việt nam,60000,Lãi Suất Vay BĐS Tăng Sốc: Cú Sập Cắt Lỗ Bắt Đầu Nổ RỘ! | Bí Mật Kinh Doanh,Gkef7pT9WU4,68541,6231
12,1.04,False,Bí mật kinh doanh,21,True,2992,False,2058,0.0233,False,True,False,True,False,True,False,True,91,21,287,23,,False,2026-07-23T12:32:28Z,bất động sản việt nam,60000,Khủng Hoảng Toàn Cầu Đã Kích Nổ: Ván Bài Ngầm Ép Cả Thế Giới TRẮNG TAY? | Bí Mật Kinh Doanh,XlcZTjcIXNE,13217,1101
13,0.96,False,Bí mật kinh doanh,27,True,2860,False,1951,0.0223,False,True,False,False,False,True,False,True,80,18,247,20,,False,2026-07-22T12:32:47Z,bất động sản việt nam,60000,Tại Sao Vàng Lao Dốc Thảm Hại Nhưng Trung Quốc Vẫn GOM SẠCH? | Bí Mật Kinh Doanh,leVnZPZvXSI,12312,947
14,4.9,False,Bí mật kinh doanh,79,True,2894,False,2014,0.0162,False,True,False,True,False,True,False,True,96,21,931,25,,False,2026-07-21T12:26:12Z,bất động sản việt nam,60000,"Vàng, Bạc, BĐS, Chứng Khoán Sập Sàn: Kịch Bản Tàn Nhẫn Đã Được Lên Lịch Sẵn? | Bí Mật Kinh Doanh",mmflwnYrzqQ,62520,4466
15,2.1,False,Bí mật kinh doanh,47,True,3042,False,1967,0.0203,False,True,False,True,False,True,False,False,87,19,495,22,,False,2026-07-20T12:22:35Z,bất động sản việt nam,60000,"Tài Sản Thủng Đáy, Lãi Suất Đỉnh Điểm: Thời Của Tiền Mặt ""Làm Vua""! | Bí Mật Kinh Doanh",qG92d-o3J40,26761,1784
16,0.37,False,Bí mật kinh doanh,15,True,2967,False,2145,0.0271,False,True,False,True,True,True,False,True,99,24,112,15,odd,True,2026-07-19T12:24:35Z,bất động sản việt nam,60000,"Kỷ Lục: Quả Bom Nợ 39,4 nghìn tỷ USD: Ván Bài Ngầm Ép Cả Thế Giới Gánh Nợ Thay? | Bí Mật Kinh Doanh",TDHKE9xir5M,4679,292
17,2.21,False,Bí mật kinh doanh,47,True,2860,False,1929,0.024,False,True,False,False,False,True,False,True,88,20,629,21,,False,2026-07-18T12:27:49Z,bất động sản việt nam,60000,"Lạm Phát Lao Dốc, Fed Quay Xe: Vàng, Đất Và Chứng Khoán Sắp Bùng Nổ? | Bí Mật Kinh Doanh",Jic0h5OnDyA,28199,1659
18,1.07,False,Bí mật kinh doanh,36,True,3098,False,2041,0.0242,False,True,False,True,True,True,False,False,91,22,294,21,odd,True,2026-07-17T12:16:14Z,bất động sản việt nam,60000,Bẫy Lãi Suất 15%: Cơn Ác Mộng Cắt Lỗ BĐS Và Điểm Đến Mới Của Dòng Tiền! | Bí Mật Kinh Doanh,CY2iEKp6Vtc,13647,758
19,0.38,False,Bí mật kinh doanh,9,True,3022,False,2007,0.0235,False,True,False,True,True,True,False,True,83,20,106,19,odd,True,2026-07-16T12:27:50Z,bất động sản việt nam,60000,Mỹ Vay 155 tỷ USD/Tháng: Kịch Bản Vỡ NỢ Kỷ Lục Đang Bị Kích Nổ? | Bí Mật Kinh Doanh,l3ssktAUjtM,4904,258
20,3.42,False,Bí mật kinh doanh,56,True,2855,False,1867,0.0146,False,True,False,False,True,True,True,True,93,21,582,18,odd,False,2026-07-15T12:21:49Z,bất động sản việt nam,60000,Kịch Bản Vàng Sập Về 3.000 USD: Hoang Đường Hay Ván Bài Đã Được Định SẴN? | Bí Mật Kinh Doanh,po39Fykz03c,43696,2185
21,0.15,False,Bí mật kinh doanh,2,True,2925,False,2031,0.0221,False,True,False,False,True,True,False,True,88,21,41,18,odd,False,2026-07-14T12:36:58Z,bất động sản việt nam,60000,FDI Việt Nam Lập Kỷ Lục 5 Năm: Nhưng Chứng Khoán Và BĐS Vẫn Sập Sàn? | Bí Mật Kinh Doanh,8BGb1AlIbUE,1942,92
22,0.8,False,Bí mật kinh doanh,9,True,3000,False,1749,0.0217,False,True,False,True,False,True,False,False,96,21,213,21,,False,2026-07-13T12:18:00Z,bất động sản việt nam,60000,"USD Tăng Giá Điên Cuồng: Cách FED Đang Âm Thầm ""Hút Cạn"" Dòng Tiền Thế Giới! | Bí Mật Kinh Doanh",pY2LjNSY6Tw,10239,465
23,0.8,False,Bí mật kinh doanh,24,True,2990,False,1836,0.0353,False,True,False,True,False,True,False,True,79,18,337,19,,False,2026-07-12T12:24:30Z,bất động sản việt nam,60000,FED Sẵn Sàng Tăng Lãi Suất: Kịch Bản ‘Sập Sàn’ Sắp Kích Nổ? | Bí Mật Kinh Doanh,SvwMOe0mRg0,10226,445
24,1.09,False,Bí mật kinh doanh,45,True,2936,False,1883,0.0289,False,True,False,False,True,True,False,True,95,22,358,18,even,False,2026-07-11T12:12:55Z,bất động sản việt nam,60000,"Kịch Bản Sốc: ""Siêu Chu Kỳ"" Đẩy Giá Vàng Lên 8.000 USD, Khi Nào Sẽ Kích Nổ? | Bí Mật Kinh Doanh",fC9MuuMmf8g,13966,582
25,0.62,False,Bí mật kinh doanh,22,True,3082,False,1989,0.0294,False,True,False,True,False,True,False,True,98,22,210,21,,False,2026-07-10T12:10:01Z,bất động sản việt nam,60000,"Mọi Tài Sản ""Sập Sàn"": Tiền Đang Chảy Ngầm Về Đâu Trong Cuộc Sàng Lọc Lịch Sử? | Bí Mật Kinh Doanh",zx8e98SYEmI,7889,316
26,0.83,False,Bí mật kinh doanh,20,True,3078,False,1901,0.0234,False,True,False,True,False,True,False,False,85,20,229,21,,False,2026-07-09T12:32:49Z,bất động sản việt nam,60000,"Hàng Triệu Tỷ Mắc Kẹt: Nghìn Dự Án ""Bung Hàng"" Ép BĐS Vào Cửa TỬ! | Bí Mật Kinh Doanh",6cx_uOIgzpc,10657,410
27,1.74,False,Bí mật kinh doanh,44,True,2924,False,1734,0.0228,False,True,False,False,False,True,True,True,91,22,462,16,,False,2026-07-08T12:13:02Z,bất động sản việt nam,60000,Ván Bài Sinh Tử Của FED: Ôm VÀNG Hay USD Để Sống Sót Qua Cuộc Càn Quét? | Bí Mật Kinh Doanh,vlZfPwylS8Q,22200,822
28,1.83,False,Bí mật kinh doanh,51,True,3067,False,1915,0.0191,False,True,False,True,True,True,True,True,93,21,394,22,odd,True,2026-07-07T12:12:37Z,bất động sản việt nam,60000,"Lãi Suất Vọt 9,3%: Gửi Tiết Kiệm Hay Là Cái Bẫy ""Hút Máu"" Người Giữ Tiền? | Bí Mật Kinh Doanh",DBVSuUAaDvc,23350,834
29,1.1,False,Bí mật kinh doanh,30,True,2979,False,1994,0.0314,False,True,False,True,True,True,False,True,84,19,413,22,even,False,2026-07-06T13:04:42Z,bất động sản việt nam,60000,"Kinh Tế 2026 Hỗn Loạn: Ván Bài Sinh Tử 2026-2030, Ôm Gì Để Sống? | Bí Mật Kinh Doanh",OmiuCdSvYKc,14096,486
295,1.95,True,Rare Historical Stories,280,False,926,False,46,0.0131,False,False,False,True,True,False,False,False,62,10,151561,20,even,False,2025-10-12T20:00:32Z,history explained,59600,Rare Historical Photos You’ve Never Seen From the 18th Century,c00yGnKQ4Uo,11569358,39218
511,2.69,True,Rare Historical Stories,5376,True,4901,False,53,0.0255,False,True,False,True,False,False,False,False,55,8,400083,22,,False,2025-03-10T17:00:21Z,history explained,59600,Historian Reveals SECRET Hair Styles of Victorian Women,MSJR2RTgsOI,15905214,31126
548,0.05,False,Rare Historical Stories,40,False,3295,False,141,0.0395,False,False,False,False,False,False,False,False,59,8,10606,21,,False,2025-02-01T22:00:11Z,history explained,59600,Discover Amazing Historical Images You've Never Seen Before,F6BEqPVn2Fc,269193,491
555,0.03,False,Rare Historical Stories,44,False,2703,False,150,0.0475,False,False,False,False,False,False,False,False,49,8,8003,47,,False,2025-01-25T22:00:17Z,history explained,59600,Rare Historical Photos That Bring History to Life,MDymCNLj0fQ,169333,305
361,0.34,False,Bản thân phi thường,31,False,1222,False,1294,0.0114,False,False,False,True,True,False,False,False,88,21,760,24,even,False,2025-08-08T13:00:06Z,động lực thành công,59500,#14[ Radio Động lực học tập ] Những câu nói tạo động lực học tập cho bạn / Study with me,8VfVglO4c84,69232,192
391,0.32,False,Bản thân phi thường,22,False,1222,False,1308,0.0111,False,False,False,True,True,False,False,False,88,21,701,25,odd,False,2025-07-09T13:00:06Z,động lực thành công,59500,#15[ Radio Động lực học tập ] Những câu nói tạo động lực học tập cho bạn / Study with me,OSuSn-Q0ryw,65156,167
421,0.5,False,Bản thân phi thường,28,False,1222,False,1171,0.0089,False,False,False,True,True,False,False,False,88,21,881,25,odd,False,2025-06-09T13:00:06Z,động lực thành công,59500,#13[ Radio Động lực học tập ] Những câu nói tạo động lực học tập cho bạn / Study with me,CXWF66E0MG0,102432,243
493,0.06,False,Bản thân phi thường,22,False,1263,False,678,0.0178,False,False,True,True,True,False,False,False,61,10,212,24,even,False,2025-03-29T12:30:06Z,động lực thành công,59500,✧Deadline music✧List nhạc Cách Mạng Remix tăng 1000% động lực,T13VrdL5CvY,13132,27
496,0.04,False,Bản thân phi thường,15,False,1309,False,2026,0.0206,False,False,True,True,True,False,False,False,58,9,144,24,even,False,2025-03-26T12:30:05Z,động lực thành công,59500,✧Deadline music✧List nhạc tăng 1000% động lực/ Remix music,Ccl7t5ElNLk,7705,16
501,0.95,False,Bản thân phi thường,72,False,1222,False,1238,0.0102,False,True,False,True,True,False,False,True,76,18,1898,24,even,False,2025-03-21T14:45:32Z,động lực thành công,59500,#12[ Radio Động lực học tập ] Cố gắng bao nhiêu là đủ?/ Câu nói tạo động lực,dRMkYmyK2O4,193299,386
501,0.53,False,Bản thân phi thường,25,False,1222,False,1213,0.0126,False,False,False,True,True,False,False,True,85,19,1344,24,odd,False,2025-03-21T14:30:06Z,động lực thành công,59500,#11[ Radio Động lực học tập ] Tại sao bạn không giỏi như trước? /Câu nói tạo động lực,i3vKEKu-W7c,108750,217
501,0.56,False,Bản thân phi thường,49,False,1301,False,1220,0.0184,False,False,False,True,True,False,False,True,86,20,2050,24,even,False,2025-03-21T14:06:51Z,động lực thành công,59500,#10[ Radio Động lực học tập ] Tại sao mình phải cố gắng đến vậy?/ Câu nói tạo động lực,aeZvEKPpFQs,114097,228
514,1.05,False,Bản thân phi thường,71,False,1222,False,1096,0.0123,False,False,False,True,True,False,False,False,92,20,2561,24,odd,False,2025-03-08T13:00:06Z,động lực thành công,59500,#9[ Radio Động lực học tập ]Không hoàn hảo nhưng nhất định phải nỗ lực /Câu nói tạo động lưc,Bti_mT-772M,213865,416
514,0.11,False,Bản thân phi thường,15,False,1430,False,1924,0.0172,False,False,False,True,True,False,False,False,74,17,373,24,odd,False,2025-03-08T12:30:06Z,động lực thành công,59500,#19[ Động lực học tập ] Tôi không muốn dừng lại ở đây /Bản thân phi thường,N8htSXq-oxk,22614,44
538,0.46,False,Bản thân phi thường,35,False,1222,False,1231,0.0148,False,False,False,True,True,False,False,False,87,21,1365,24,even,False,2025-02-12T13:00:06Z,động lực thành công,59500,#8[ Radio Động lực học tập ] Những câu nói tạo động lực học tập cho bạn / Study with me,gvpr1X9mMnA,94284,175
572,1.06,False,Bản thân phi thường,66,False,1222,False,1051,0.0092,False,False,False,True,True,False,False,False,87,21,1919,24,odd,False,2025-01-09T13:00:06Z,động lực thành công,59500,#7[ Radio Động lực học tập ] Những câu nói tạo động lực học tập cho bạn / Study with me,3U0pmc-yvtE,216321,378
603,1.99,False,Bản thân phi thường,128,False,1222,False,1591,0.0129,False,False,False,True,True,False,False,False,87,21,5084,23,even,False,2024-12-09T14:00:06Z,động lực thành công,59500,#6[ Radio Động lực học tập ] Những câu nói tạo động lực học tập cho bạn / Study with me,3QhhLT9dtJg,405115,672
603,0.67,False,Bản thân phi thường,80,False,1222,False,3594,0.0156,False,True,False,True,True,False,False,False,56,12,2051,24,odd,False,2024-12-09T13:00:06Z,động lực thành công,59500,1 HOUR HỌC CÙNG MÌNH /Study with me/ Bản thân phi thường,2UtGh4ca-T8,136959,227
603,0.1,False,Bản thân phi thường,14,False,1222,False,1327,0.0176,False,True,False,True,True,False,False,False,75,18,359,23,even,False,2024-12-09T12:36:38Z,động lực thành công,59500,#18[ Động lực học tập ] Sẽ chẳng ai nhớ đến kẻ về nhì! /Bản thân phi thường,nXvoQYfaTPo,21242,35
623,0.19,False,Bản thân phi thường,44,False,1365,False,1684,0.0214,False,False,False,True,True,False,False,False,68,18,782,19,odd,False,2024-11-19T13:00:27Z,động lực thành công,59500,#17 [ Động lực học tập ] Hãy nỗ lực và cố gắng / Bản thân phi thường,6JOqJY3Z42c,38565,62
640,0.71,False,Bản thân phi thường,106,False,1222,False,1876,0.0141,False,False,False,True,True,False,False,False,78,18,1938,23,even,False,2024-11-02T13:00:22Z,động lực thành công,59500,"#16[ Động lực học tập ] Khi đứng trước sự lựa chọn, hãy nhớ lựa chọn tương lai",BlzwyTHZvqQ,144891,226
942,1.23,False,Bản thân phi thường,95,False,1222,False,1057,0.0135,False,False,False,True,True,False,False,False,67,16,3277,19,odd,False,2024-01-05T12:30:07Z,động lực thành công,59500,#5[ Radio Động lực học tập ] Đúng thế tôi thích một tôi nỗ lực hơn.,cWgAB5rLi-g,249799,265
950,5.04,False,Bản thân phi thường,323,False,1301,False,4443,0.0088,False,True,True,True,True,False,False,False,78,17,8721,23,odd,False,2023-12-28T13:00:08Z,động lực thành công,59500,75 PHÚT CÙNG HỌC VỚI MÌNH 🙌 /study with me (remix music) / Bản thân phi thường,QuTiB-tHPSQ,1026161,1080
952,1.46,False,Bản thân phi thường,97,False,1222,False,1192,0.0108,False,True,False,True,True,False,False,False,80,19,3118,19,even,False,2023-12-26T12:30:08Z,động lực thành công,59500,#4[ Radio Động lực học tập ] Không bao giờ bỏ cuộc. Đó là con đường tôi đã chọn.,EjWIIXiIWCA,298118,313
958,1.74,False,Bản thân phi thường,109,False,1222,False,1139,0.0117,False,True,False,True,True,False,False,False,70,17,4047,19,odd,False,2023-12-20T12:30:08Z,động lực thành công,59500,#3[ Radio Động lực học tập ] Nỗ lực chính là tên gọi khác của kì tích.,8aChjgCyTA0,353943,369
960,7.23,False,Bản thân phi thường,538,False,1222,False,1152,0.0152,False,False,False,True,True,False,False,False,87,21,21818,18,even,False,2023-12-18T12:30:09Z,động lực thành công,59500,#2[ Radio Động lực học tập ] Những câu nói tạo động lực học tập cho bạn / Study with me,SoOmth8OUh4,1471809,1533
962,1.76,False,Bản thân phi thường,83,False,1222,False,1333,0.0109,False,False,False,True,True,False,False,False,81,17,3812,18,odd,False,2023-12-16T08:00:08Z,động lực thành công,59500,"#15[ Động lực học tập ] Thay Đổi Bản Thân, Thay Đổi Cuộc Đời./Bản thân phi thường",ha5NzaY9wIA,358306,372
963,4.54,False,Bản thân phi thường,263,False,1222,False,1363,0.0127,False,True,False,True,True,False,False,True,64,16,11452,18,even,False,2023-12-15T12:30:07Z,động lực thành công,59500,"#14[ Động lực học tập ] Cố Gắng Và Hối Hận, Cái Nào Đau Đớn Hơn?",88YYMJ2TiYg,924756,960
965,1.88,False,Bản thân phi thường,107,False,1222,False,775,0.012,False,False,False,True,True,False,False,False,71,17,4484,18,odd,False,2023-12-13T13:00:07Z,động lực thành công,59500,#1[ Radio Động lực học tập ] Những câu nói tạo động lực học tập cho bạn,99oYuC8BPAg,382700,397
966,11.4,False,Bản thân phi thường,758,False,1301,False,3474,0.0126,False,True,False,True,True,False,False,False,100,21,28499,23,odd,False,2023-12-12T13:00:07Z,động lực thành công,59500,VIDEO NÀY SẼ GIÚP BẠN TẬP TRUNG HỌC TRONG 1 TIẾNG /study with me (remix music) / Bản thân phi thường,xbGLw48ReYo,2321486,2403
969,0.44,False,Bản thân phi thường,42,False,1222,False,1456,0.0141,False,True,False,True,True,False,False,False,75,17,1207,18,odd,False,2023-12-09T13:00:10Z,động lực thành công,59500,#13[ Động lực học tập ] Cách Báo Thù Tốt Nhất Chính Là Thành Công Vang Dội.,reOE2XITnvg,88604,91
970,3.35,False,Bản thân phi thường,263,False,1222,False,1559,0.0122,False,True,False,True,True,True,False,False,99,21,8072,18,even,False,2023-12-08T12:30:10Z,động lực thành công,59500,"#12[ Động lực học tập ] Chưa Ai Chết Đuối Trong Mồ Hôi Của Chính Mình  |Study with me, Remix Music|",thcELG0F-3Y,681138,702
970,1.23,False,Bản thân phi thường,154,False,1222,False,1389,0.0124,False,True,False,True,True,False,False,True,68,16,2946,18,odd,False,2023-12-08T12:29:31Z,động lực thành công,59500,#11[ Động lực học tập ] Từ bỏ ư? Không bao giờ \\Bản thân phi thường,8LFR1yM7b8Y,250698,258
977,1.68,False,Bản thân phi thường,107,False,1301,False,1480,0.0095,False,False,False,True,True,False,False,False,100,22,3158,17,even,False,2023-12-01T13:00:11Z,động lực thành công,59500,#10[ Động lực học tập ] Không có gì là không thể với một người luôn biết cố gắng/Bản thân phi thường,pqYI2WAsI3I,342627,351
1,0.67,False,Unmasked Perspectives By Akshat,1,False,0,False,123,0.0334,False,False,False,False,False,False,False,False,74,7,34,0,,False,2026-08-03T13:05:12Z,psychology facts,58600,We are shortsighted Creatures!  #humannature #psychology #shortsightedness,13KgRuwo-sg,1049,1049
2,0.04,False,Unmasked Perspectives By Akshat,0,False,1308,False,475,0.0429,False,False,False,False,False,False,False,True,39,7,3,0,,False,2026-08-02T12:30:06Z,psychology facts,58600,This Is Why I Couldn't Stay Consistent!,rTcBOdLTiOw,70,35
42,0.14,False,Unmasked Perspectives By Akshat,3,False,0,False,49,0.0776,False,False,False,False,False,False,False,False,70,7,14,0,,False,2026-06-23T14:20:06Z,psychology facts,58600,Break this Consumption Loop!   #consumerism #psychology #doomscrolling,TRQYSspvvLA,219,5
44,0.31,False,Unmasked Perspectives By Akshat,11,False,994,False,646,0.0707,False,False,False,False,False,False,False,False,49,9,23,0,,False,2026-06-21T14:00:23Z,psychology facts,58600,The Silent Crisis Of Men Nobody Is Talking About!,JWBrrKYw1wM,481,11
50,0.46,False,Unmasked Perspectives By Akshat,3,False,0,False,56,0.0463,False,False,False,False,False,False,False,False,88,8,30,0,,False,2026-06-15T12:30:30Z,psychology facts,58600,Just Move!   #overthinking #discipline #motivation #personalgrowth #action #mindsetshift,g1kdBnMa4Eo,712,14
61,0.2,False,Unmasked Perspectives By Akshat,1,False,0,False,66,0.0521,False,False,False,False,False,False,False,False,82,8,15,0,,False,2026-06-04T12:30:29Z,psychology facts,58600,Your Emotions Are Content Now! #emotionalweakness #validationaddiction #psychology,TXn7gAaMveQ,307,5
65,0.22,False,Unmasked Perspectives By Akshat,11,False,1949,False,823,0.0973,False,True,False,False,False,False,False,False,38,5,22,0,,False,2026-05-31T13:45:21Z,psychology facts,58600,"You're Not HEALING, You're PERFORMING!",rGpqJXlutPE,339,5
209,0.67,False,Unmasked Perspectives By Akshat,14,False,1806,False,821,0.0743,False,True,False,True,False,False,False,False,54,8,63,0,,False,2026-01-07T13:30:23Z,psychology facts,58600,VALIDATION - The Silent Addiction Nobody Talks About! ,KeaxDPcL_Oo,1036,5
240,2.69,False,Unmasked Perspectives By Akshat,12,False,922,False,268,0.0162,False,False,False,True,True,False,False,True,54,9,56,0,odd,False,2025-12-07T13:30:13Z,psychology facts,58600,19:34 Broke the Internet. Here’s What It Really Shows!,E1LmVHg8QFI,4187,17
247,0.37,False,Unmasked Perspectives By Akshat,8,True,2279,False,647,0.0752,False,False,False,True,False,True,False,False,57,10,35,0,,False,2025-11-30T13:30:37Z,psychology facts,58600,Modern Boys Can’t Become Men Anymore! | The Brutal Truth!,Y0LhtruGMt8,572,2
429,2.14,False,Unmasked Perspectives By Akshat,6,False,0,False,61,0.0507,False,False,False,False,False,False,False,False,56,6,163,0,,False,2025-06-01T13:30:42Z,psychology facts,58600,The Negative Bias! #psychology #humannature #shortsindia,o80hE8LO9tw,3334,8
434,2.06,False,Unmasked Perspectives By Akshat,5,True,0,False,75,0.0522,False,False,False,False,False,False,False,False,70,8,162,0,,False,2025-05-27T13:30:10Z,psychology facts,58600,The Truth Of Attention Economy! #shortsindia #attentioneconomy #matrix,5SKwq-DYU7k,3202,7
527,1.38,False,Unmasked Perspectives By Akshat,4,False,0,False,65,0.053,False,True,False,False,False,False,False,False,90,10,110,0,,False,2025-02-23T12:30:40Z,psychology facts,58600,Hyper Reality - Destroyer Of GEN Z  #escapetheratrace #virtualreality #socialmediaillusion,g9tYrLss3Rs,2151,4
528,2.39,False,Unmasked Perspectives By Akshat,37,False,1969,False,1130,0.0799,False,True,False,True,False,False,False,False,35,7,261,21,,False,2025-02-22T12:30:06Z,psychology facts,58600,HYPER REALITY - Destroyer Of GEN Z!,C0is1p_IMaY,3728,7
540,1.19,False,Unmasked Perspectives By Akshat,20,False,631,False,511,0.057,False,False,True,True,False,False,False,True,49,9,86,0,,False,2025-02-10T12:45:06Z,psychology facts,58600,What The F*Ck Is This Happening In Our Country??🤬,C1iUCR2nI-8,1860,3
544,1.73,False,Unmasked Perspectives By Akshat,5,False,0,False,51,0.0738,False,False,True,False,True,True,False,False,72,8,194,7,odd,False,2025-02-06T12:31:03Z,psychology facts,58600,Sharp Your Saw 🪚 | #shortsindia #7habitsofhighlyeffectivepeople #mindset,xyoXel3CRUg,2696,5
545,1.22,False,Unmasked Perspectives By Akshat,6,False,0,False,39,0.0675,False,False,False,False,False,False,False,False,63,8,122,8,,False,2025-02-05T12:30:38Z,psychology facts,58600,Improve Focus With Binaural Beats! #focus #focusmusic #deepwork,ZJnWKrYaqn4,1897,3
569,1.43,False,Unmasked Perspectives By Akshat,27,False,1722,False,605,0.067,False,True,False,True,True,True,False,False,90,16,122,0,odd,False,2025-01-12T14:30:06Z,psychology facts,58600,Escape The MATRIX! - 3rd Step( Meaning And Purpose )Towards Unscripted Life! | MJ De Marco,Z1B2_lm7HRk,2224,4
570,0.81,False,Unmasked Perspectives By Akshat,15,False,1722,False,567,0.0634,False,True,False,True,True,True,False,False,91,16,65,0,even,False,2025-01-11T14:05:06Z,psychology facts,58600,Escape The MATRIX! - 2nd Step( Biases And Bullshits )Towards Unscripted Life! | MJ De Marco,dhy_ZJ2CAzk,1262,2
571,0.74,False,Unmasked Perspectives By Akshat,6,False,1722,False,515,0.0513,False,True,False,True,True,True,False,False,85,16,53,0,even,False,2025-01-10T14:00:06Z,psychology facts,58600,Escape The MATRIX! - 2nd Step( Next 4 Beliefs )Towards Unscripted Life! | MJ De Marco,e3PTBGTsbX4,1149,2
572,0.92,False,Unmasked Perspectives By Akshat,8,False,1722,False,611,0.0573,False,True,False,True,True,True,False,False,68,13,74,0,even,False,2025-01-09T12:30:07Z,psychology facts,58600,Escape The MATRIX! - 2nd Step Towards Unscripted Life! | MJ De Marco,YWDgGmdHxSM,1430,2
573,1.91,False,Unmasked Perspectives By Akshat,13,False,1722,False,560,0.0557,False,True,False,True,False,True,False,False,68,13,153,20,,False,2025-01-08T12:30:06Z,psychology facts,58600,Escape The MATRIX! - Ist Step Towards Unscripted Life! | MJ De Marco,c3o9hm2LDko,2978,5
574,0.74,False,Unmasked Perspectives By Akshat,5,False,99,False,101,0.0596,False,False,False,True,True,False,False,False,50,9,64,0,even,False,2025-01-07T15:00:17Z,psychology facts,58600,Unscripted Part 2 Is Coming in parts from tomorrow,Eq_CvWiFpmQ,1157,2
580,1.02,False,Unmasked Perspectives By Akshat,8,False,130,False,53,0.0915,False,False,False,True,True,False,False,False,58,9,138,0,odd,False,2025-01-01T11:00:42Z,psychology facts,58600,Make A New Start In 2025! #newyear2025 #2025goals #restart,cP9awtr3HGg,1595,3
597,1.87,False,Unmasked Perspectives By Akshat,24,False,1225,False,376,0.0604,False,True,False,True,False,False,False,False,45,7,152,0,,False,2024-12-15T13:30:31Z,psychology facts,58600,Don't Use SOCIAL MEDIA To Entertain Yourself!,hI67VH7elDA,2914,5
606,0.21,False,Unmasked Perspectives By Akshat,9,False,0,False,1876,0.1216,False,True,False,False,False,False,False,False,18,4,31,0,,False,2024-12-05T19:13:13Z,psychology facts,58600,Akshat WB is live!,e_xmBv1rKNE,329,1
622,17.72,False,Unmasked Perspectives By Akshat,124,False,2161,False,1127,0.0834,False,False,False,True,False,False,False,False,38,6,2179,18,,False,2024-11-20T13:30:07Z,psychology facts,58600,The Hidden Power Of Sex Transmutation!,c1_LEIJY4qA,27601,44
634,1.33,False,Unmasked Perspectives By Akshat,6,False,0,False,58,0.0838,False,False,False,False,True,False,False,False,84,11,168,11,odd,False,2024-11-08T13:01:18Z,psychology facts,58600,Rule #13 - They Don't Expect Immediate Results #mentalstrength #shortsindia #mindset,vs99rU7NRsk,2077,3
638,1.5,False,Unmasked Perspectives By Akshat,2,False,0,False,58,0.0745,False,False,False,False,True,False,False,False,84,13,172,11,even,False,2024-11-04T14:30:31Z,psychology facts,58600,Rule #12 - They Don't Feel The World Owe Them Anything! #shortsindia #mentalstrength,saPN5eGcPcc,2336,4
639,0.98,False,Unmasked Perspectives By Akshat,3,False,0,False,61,0.0888,False,False,False,False,True,False,False,False,68,11,132,10,odd,False,2024-11-03T12:30:16Z,psychology facts,58600,Rule #11 - They Don't Fear Alone Time! #solitude #alonetime #silence,E4-TeGe6p_M,1520,2
2,1.54,False,Huy Luong,153,False,3448,False,1203,0.0415,False,True,False,True,False,False,False,True,55,12,697,28,,False,2026-08-02T13:00:32Z,tài chính cá nhân,57200,Tại Sao Mình Thay Đổi Cách Đầu Tư? (Trước Khi Quá Muộn),R6xYgt585Ak,20493,10246
9,0.7,False,Huy Luong,35,True,3233,False,4652,0.0576,False,True,False,True,False,False,False,False,55,11,502,28,,False,2026-07-26T13:00:27Z,tài chính cá nhân,57200,Việc Remote Lương Cao: Sự Thật Mà Nhiều Người Chưa Biết,JXh0Yah99zs,9323,1036
23,0.7,False,Huy Luong,48,False,3418,False,1218,0.0375,False,True,False,True,True,False,False,False,49,11,300,28,even,False,2026-07-12T13:00:35Z,tài chính cá nhân,57200,"Nếu Đầu Tư Quỹ Mở Trong 2026, Mình Làm Thế Này...",BfRZ8H7tsrw,9288,404
30,0.51,False,Huy Luong,51,False,3724,False,1988,0.0421,False,True,False,True,False,False,False,True,50,11,235,28,,False,2026-07-05T13:00:21Z,tài chính cá nhân,57200,Tiền Có Mua Được Hạnh Phúc? Và Nhiều Tiền Thì Sao?,m2RasMq4vVY,6798,227
37,0.59,False,Huy Luong,67,False,3064,False,1851,0.0387,False,True,False,True,True,False,False,True,42,11,234,27,odd,False,2026-06-28T13:00:05Z,tài chính cá nhân,57200,"""65 Triệu Đầu Tư Kiểu Nào Để Đi Đến 1 Tỷ?""",cTWn7j-0VGI,7787,210
41,3.62,False,Huy Luong,142,False,3501,False,987,0.0356,False,True,False,True,True,False,False,False,53,13,1569,28,even,False,2026-06-24T13:00:10Z,tài chính cá nhân,57200,Chưa Đạt 8 Cột Mốc Này Trước 30 Tuổi Là Rất Nguy Hiểm,EyT8nxqNC6k,48063,1172
44,0.28,False,Huy Luong,34,False,3058,False,1571,0.0365,False,True,False,True,False,False,False,True,52,11,101,27,,False,2026-06-21T13:00:15Z,tài chính cá nhân,57200,"""Mình Có Nhiều Tiền Nhưng Vẫn Lo Lắng. Làm Sao Hết?""",31AcHMcRFYA,3701,84
51,0.86,False,Huy Luong,55,False,3265,False,3841,0.0335,True,True,False,True,False,False,False,True,43,10,329,28,,False,2026-06-14T13:00:09Z,tài chính cá nhân,57200,Bạn Cần Bao Nhiêu Tiền  Để Tự Do Tài Chính?,wjm-jSug1qA,11452,225
58,0.42,False,Huy Luong,25,False,140,False,5456,0.0307,False,True,False,True,False,False,False,False,35,9,146,0,,True,2026-06-07T14:46:06Z,tài chính cá nhân,57200,Sai Lầm Phổ Biến Của Nhà Đầu Tư Mới,ewIvKQiEIUo,5563,96
62,3.32,False,Huy Luong,140,False,3526,False,1103,0.0265,False,True,False,True,True,False,False,True,55,13,1029,28,even,False,2026-06-03T13:00:13Z,tài chính cá nhân,57200,Chưa Đạt 8 Cột Mốc Này Trước 40 Tuổi? Cực Kỳ Nguy Hiểm!,8-isycwoGAM,44072,711
71,5.04,False,Huy Luong,333,False,3754,False,1803,0.0351,False,False,False,True,False,False,False,True,44,10,2019,28,,False,2026-05-25T13:00:21Z,tài chính cá nhân,57200,Tại Sao Bạn Không Nên Mua Bảo Hiểm Nhân Thọ?,UNKtAZWwZHs,66916,942
76,0.85,False,Huy Luong,171,False,3058,False,2183,0.0614,False,True,False,True,False,False,False,True,43,10,518,27,,False,2026-05-20T13:00:20Z,tài chính cá nhân,57200,"""Mình Nên Dùng App Đầu Tư Nào Cho An Toàn?""",GJCorwux1rk,11225,148
79,1.76,False,Huy Luong,54,False,4051,False,1733,0.0341,False,False,False,True,True,False,False,True,46,10,741,27,even,True,2026-05-17T13:00:36Z,tài chính cá nhân,57200,Tại Sao 90% Người Lao Động Chăm Chỉ Vẫn Nghèo?,-oYwub8RxH0,23291,295
86,0.76,False,Huy Luong,86,False,3058,False,1473,0.0444,True,True,False,True,False,False,False,True,47,11,359,27,,False,2026-05-10T13:01:03Z,tài chính cá nhân,57200,"""Làm Sao Biết Khi Nào Mình Sẽ Tự Do Tài Chính?""",_f-xnAlu2r8,10028,117
90,0.63,False,Huy Luong,71,False,3058,False,1632,0.0412,False,True,False,True,True,False,False,True,51,12,275,27,even,False,2026-05-06T13:00:22Z,tài chính cá nhân,57200,"""Nhà Mình Tính Mua Sẽ TĂNG Lên 10 Tỷ. Sao Mua Nổi?""",EVhrXu8NBF0,8393,93
93,3.68,False,Huy Luong,182,False,3719,False,1439,0.034,False,True,False,True,True,False,False,False,51,13,1481,28,odd,True,2026-05-03T14:38:03Z,tài chính cá nhân,57200,7 Cái Bẫy Đang Bào Mòn Tiền Của Bạn Dù Lương Đã Tốt,osq0Y98IuwQ,48842,525
97,0.33,False,Huy Luong,58,False,3058,False,1634,0.048,False,True,False,True,True,False,False,True,42,9,155,27,even,True,2026-04-29T13:00:01Z,tài chính cá nhân,57200,"""Em Mất 600 Triệu Vô Crypto. Giờ Làm Sao?""",-1xnUIZHJKc,4436,46
100,4.03,False,Huy Luong,173,False,3717,False,1867,0.0466,True,True,False,True,True,False,False,False,51,13,2318,28,even,False,2026-04-26T13:00:53Z,tài chính cá nhân,57200,Cách Người Giàu Dạy Trẻ Em Về Tiền Từ 0 Đến 17 Tuổi,_K9NyEZJsa0,53465,535
104,0.5,False,Huy Luong,33,False,3268,False,1470,0.0325,False,True,False,True,False,False,False,True,46,10,181,27,,False,2026-04-22T13:00:02Z,tài chính cá nhân,57200,"""Mình Lo Không Đủ Tiền Nghỉ Hưu. Nên Làm Sao?""",-d3ppzfKN-A,6589,63
107,20.72,False,Huy Luong,313,False,3692,False,1047,0.0351,False,True,False,True,True,False,False,False,41,10,9346,28,even,False,2026-04-19T13:01:27Z,tài chính cá nhân,57200,6 Thứ Mình Làm Để KHÔNG Lãng Phí Buổi Tối,usFLr6ObQZc,274880,2569
110,1.3,False,Huy Luong,84,False,3058,False,1778,0.034,False,False,False,True,False,False,False,True,48,10,502,26,,False,2026-04-16T13:00:36Z,tài chính cá nhân,57200,"""Tại Sao Danh Mục Của Mình Tăng Trưởng Kém Quá?""",JGsHeMSmyVc,17220,157
114,4.46,False,Huy Luong,218,False,3766,False,829,0.0345,False,True,False,True,True,False,False,True,45,11,1822,27,even,False,2026-04-12T13:01:04Z,tài chính cá nhân,57200,Tại Sao Mọi Thứ THAY ĐỔI Khi Bạn Có 80 Triệu?,_wHnLkW9tds,59214,519
121,1.0,False,Huy Luong,90,False,343,False,6496,0.0505,False,True,True,True,True,False,False,False,58,14,580,0,even,False,2026-04-05T14:47:39Z,tài chính cá nhân,57200,💎 Công Khai Danh Mục Đầu Tư 2026 Và Tặng Quà 10 Triệu Đồng,Q5Ck25ljgwQ,13266,110
122,0.0,False,Huy Luong,0,False,0,False,,,False,False,False,False,False,False,False,False,21,4,0,25,,False,2026-04-04T12:32:41Z,tài chính cá nhân,57200,Huy Luong Live Stream,qIqAEQwCeFg,0,0
125,1.67,False,Huy Luong,131,False,3268,False,1436,0.0369,False,True,False,True,True,False,True,True,47,11,689,26,even,False,2026-04-01T13:00:00Z,tài chính cá nhân,57200,"""Đầu Tư CCQ Mở Hay ETF Cho Lời Hơn Trong 2026?""",3R9T94TTjI4,22202,178
128,2.8,False,Huy Luong,234,False,3856,False,1772,0.0425,False,True,False,True,False,False,False,True,49,10,1341,27,,False,2026-03-29T13:00:00Z,tài chính cá nhân,57200,Mình Có Đồng Ý Với Quan Điểm Của Robert Kiyosaki?,mZcey7d_NUA,37097,290
132,0.4,False,Huy Luong,144,False,3399,False,1939,0.0609,False,True,False,True,True,False,False,True,55,13,179,26,odd,False,2026-03-25T13:00:00Z,tài chính cá nhân,57200,"""Toàn Bộ Tiền Bán Nhà Vào Crypto - Liệu Có X3 Tài Sản?""",2m_4ErSVbb8,5304,40
135,7.29,False,Huy Luong,370,False,3810,False,1459,0.0348,True,True,False,True,True,False,False,False,39,9,2999,27,even,False,2026-03-22T13:00:25Z,tài chính cá nhân,57200,12 Dấu Hiệu KÍN ĐÁO Của Người Siêu Giàu,J--S3RQc_tk,96717,716
138,0.47,False,Huy Luong,40,False,3392,False,1361,0.0444,False,True,False,True,False,False,False,True,51,11,238,26,,False,2026-03-19T13:01:17Z,tài chính cá nhân,57200,"""Mình Muốn Bán Nhà Thành Phố Để Về Quê. Nên Không?""",efU6pDviAj0,6261,45
142,1.45,False,Huy Luong,215,False,2195,False,1675,0.0525,False,True,False,True,False,False,False,True,55,14,797,29,,False,2026-03-15T13:01:04Z,tài chính cá nhân,57200,Nếu Không Đi Tư Vấn Tâm Lý Thì Vợ Chồng Mình Sẽ Ra Sao?,Zxoi8ISIE_Y,19260,136
1,0.33,False,Beyonder Trading,0,False,282,False,90,0.0149,False,False,False,True,True,False,False,False,70,15,10,29,even,False,2026-08-04T13:00:10Z,đầu tư chứng khoán,56700,Giao dịch Bitcoin trên sàn chưa cấp phép sẽ bị phạt đến 30 triệu đồng!,JeWAttumW00,671,671
2,0.21,False,Beyonder Trading,31,False,914,False,440,0.1009,False,True,False,True,False,False,False,False,56,12,12,21,,False,2026-08-02T11:55:05Z,đầu tư chứng khoán,56700,Mình Đưa Chart Vàng Cho ChatGPT Và Chấm Điểm Câu Trả Lời,WLgC9o_i2lk,426,213
6,0.85,False,Beyonder Trading,17,False,282,False,99,0.0483,False,False,False,True,False,False,False,False,49,10,67,29,,False,2026-07-29T13:00:20Z,đầu tư chứng khoán,56700,Cách xây dựng nhật ký giao dịch chuẩn pro trader!,Drol0kMLEqo,1739,290
8,0.62,False,Beyonder Trading,0,False,282,False,94,0.0268,False,True,False,True,False,False,False,True,38,9,34,29,,False,2026-07-27T13:00:03Z,đầu tư chứng khoán,56700,Altcoin có còn cơ hội để đầu tư không?,MzID0clAbTo,1271,159
10,1.07,False,Beyonder Trading,0,False,282,False,57,0.0288,False,False,False,True,False,False,False,False,51,11,63,29,,False,2026-07-25T13:00:11Z,đầu tư chứng khoán,56700,Cách viết một bản kế hoạch giao dịch đơn giản nhất!,tcvXHjm3XtA,2184,218
12,0.63,False,Beyonder Trading,2,False,282,False,70,0.0435,False,True,False,True,True,False,False,False,57,13,54,29,odd,False,2026-07-23T13:00:27Z,đầu tư chứng khoán,56700,5 bước để người hoàn toàn chưa biết gì bắt đầu học trade!,25Xth-ghLZg,1286,107
14,1.16,False,Beyonder Trading,2,False,282,False,69,0.0254,False,False,False,True,False,False,False,True,73,15,58,29,,False,2026-07-21T13:00:27Z,đầu tư chứng khoán,56700,"Việt Nam chưa cấp phép sàn forex nào, đang trade forex có hợp pháp không?",U--XooDYAuE,2359,168
16,0.99,False,Beyonder Trading,7,False,282,False,71,0.0327,False,True,False,True,False,False,False,False,42,9,59,29,,False,2026-07-19T13:00:26Z,đầu tư chứng khoán,56700,Cách để nhận biết khi nào nên mua Bitcoin.,iwXejA4XCvw,2019,126
18,1.3,False,Beyonder Trading,0,False,282,False,43,0.0374,False,True,False,True,False,False,False,False,59,13,99,29,,False,2026-07-17T13:00:20Z,đầu tư chứng khoán,56700,Nên trade vào khung giờ nào trong ngày để tăng tỉ lệ thắng!,DJUwHI_iF7U,2650,147
20,0.74,False,Beyonder Trading,0,False,282,False,55,0.0257,False,False,False,True,False,False,True,True,46,10,39,29,,False,2026-07-15T13:00:25Z,đầu tư chứng khoán,56700,Nên trade theo phân tích kỹ thuật hay tin tức?,iYBpp4sKxSQ,1515,76
22,1.11,False,Beyonder Trading,1,False,282,False,61,0.0261,False,True,False,True,False,False,False,False,27,7,58,29,,False,2026-07-13T13:00:13Z,đầu tư chứng khoán,56700,Cách để mua vàng tích trữ !,bPhffoAmQIM,2264,103
26,1.4,False,Beyonder Trading,3,False,282,False,92,0.0319,False,True,False,True,True,False,False,False,35,10,88,29,even,True,2026-07-09T13:00:31Z,đầu tư chứng khoán,56700,Mất bao lâu để pass quỹ từ con số 0,ql_wlMq9x1g,2856,110
32,1.01,False,Beyonder Trading,0,False,282,False,122,0.0234,False,True,False,True,True,False,False,True,36,8,48,29,odd,False,2026-07-03T13:00:15Z,đầu tư chứng khoán,56700,Dư 3 triệu/tháng nên đầu tư vào đâu?,eABh5-H9HSE,2053,64
34,0.99,False,Beyonder Trading,0,False,282,False,85,0.0158,False,False,False,True,False,False,False,False,42,9,32,29,,True,2026-07-01T13:00:26Z,đầu tư chứng khoán,56700,Đừng làm điều này nếu không muốn mất tiền!,SkMsEqt0kFk,2030,60
36,0.92,False,Beyonder Trading,0,False,282,False,110,0.0255,False,False,False,True,True,False,False,False,62,13,48,29,odd,False,2026-06-29T13:00:34Z,đầu tư chứng khoán,56700,Hãy trả lời 3 câu hỏi này nếu muốn trở thành trader full-time!,kdxgSbzFRu8,1882,52
37,0.9,False,Beyonder Trading,3,False,282,False,113,0.0317,False,False,False,True,False,False,False,False,54,11,55,29,,False,2026-06-28T13:00:07Z,đầu tư chứng khoán,56700,Tiêu chí vàng giúp bạn chọn đúng giữa Crypto và Forex.,UdUaZDYkHGs,1831,49
38,1.94,False,Beyonder Trading,1,False,282,False,93,0.0167,False,False,False,True,False,False,False,False,67,14,65,29,,False,2026-06-27T13:00:24Z,đầu tư chứng khoán,56700,"Ngừng học ngay các phương pháp trade mới, nếu bạn chưa có điều này!",-TKTHok8qf8,3958,104
40,0.16,False,Beyonder Trading,0,True,282,False,82,0.015,False,True,False,True,True,False,False,False,81,18,5,29,odd,False,2026-06-25T13:00:24Z,đầu tư chứng khoán,56700,Bí mật đằng sau tấm bằng khen của học viên nhà mình sau đúng 1 tháng học trading!,vRIFPBQgLs8,334,8
41,0.21,False,Beyonder Trading,0,False,282,False,60,0.0278,False,True,False,True,False,False,False,False,58,13,12,29,,False,2026-06-24T13:00:38Z,đầu tư chứng khoán,56700,Đây Là Cách Tụi Mình Dạy Học Viên Xây Setup Trading Từ Gốc,WdLV7fqVEEM,431,11
41,0.53,False,Beyonder Trading,9,False,809,False,858,0.0466,False,False,False,True,True,True,False,False,69,11,41,25,odd,False,2026-06-24T12:27:18Z,đầu tư chứng khoán,56700,"Xu Hướng Đường Giá: Uptrend, Downtrend, Sideway | Trading Bootcamp #5",jVdh_p8V5Yg,1073,26
42,1.08,False,Beyonder Trading,2,False,282,False,52,0.0214,False,True,False,True,False,False,False,False,44,10,45,29,,False,2026-06-23T03:02:15Z,đầu tư chứng khoán,56700,Động lực để Mentor chấm bài mỗi ngày là đây!,mA1iZ8qX0I4,2200,52
43,1.31,False,Beyonder Trading,1,False,282,False,106,0.0358,False,False,False,True,False,False,False,False,51,11,95,29,,True,2026-06-22T13:00:28Z,đầu tư chứng khoán,56700,Lỗi đặt stop loss khiến nhiều bạn bị quét liên tục!,MFnZqT7V54I,2683,62
44,0.85,False,Beyonder Trading,1,False,282,False,101,0.0301,True,False,False,True,False,False,False,True,57,12,51,29,,False,2026-06-21T13:00:19Z,đầu tư chứng khoán,56700,Tại sao người trẻ Việt Nam giỏi nhưng vẫn mãi không giàu!,ceRma1qwAVo,1730,39
45,1.36,False,Beyonder Trading,0,False,282,False,123,0.018,False,False,False,True,False,False,False,False,60,12,50,29,,False,2026-06-20T13:00:09Z,đầu tư chứng khoán,56700,Điều mình ước biết sớm hơn khi bắt đầu xây business trading!,TYv-SRbPYJo,2771,62
48,0.73,False,Beyonder Trading,0,False,282,False,145,0.0288,False,False,False,True,False,False,False,True,45,10,43,29,,True,2026-06-17T13:00:00Z,đầu tư chứng khoán,56700,"Tại sao càng muốn gỡ, bạn càng thua nặng hơn!",Lq8pChveeRQ,1493,31
50,1.1,False,Beyonder Trading,1,False,282,False,140,0.0341,False,False,False,True,True,False,False,False,53,12,76,29,odd,True,2026-06-15T13:00:00Z,đầu tư chứng khoán,56700,3 cách giúp người mới tránh mất tiền oan ngay từ đầu!,Wyv45nXz0gs,2255,45
52,1.49,False,Beyonder Trading,5,False,282,False,84,0.0292,False,True,False,True,False,False,False,False,42,9,84,29,,False,2026-06-13T13:00:27Z,đầu tư chứng khoán,56700,Kiến Thức Cơ Bản Nhưng Ít Người Hiểu Đúng!,1N-gjXpu3ks,3044,59
54,1.21,False,Beyonder Trading,7,False,282,False,91,0.0244,False,False,False,True,False,False,False,False,36,9,53,29,,True,2026-06-11T13:00:23Z,đầu tư chứng khoán,56700,Sai Lầm Mình Gặp Ở Hầu Hết Học Viên!,BeZ-qX2PwgY,2461,46
56,1.23,False,Beyonder Trading,1,False,282,False,85,0.0272,False,False,False,True,False,False,False,False,48,11,67,29,,False,2026-06-09T13:00:08Z,đầu tư chứng khoán,56700,Đây là cấu trúc ẩn mà thị trường luôn tuân theo!,ca3bA_5UR2A,2501,45
57,1.24,False,Beyonder Trading,1,False,282,False,71,0.0261,False,False,False,True,False,False,False,False,39,9,65,29,,False,2026-06-08T01:45:29Z,đầu tư chứng khoán,56700,Đây là thứ đầu tiên mọi trader cần học!,q-HVMm0qtGI,2524,44
25,0.43,False,TRẠM ĐỘNG LỰC 38,4,False,34,False,31,0.0422,False,True,False,False,False,False,False,False,75,18,76,0,,False,2026-07-10T11:32:04Z,tâm lý học,56600,Toàn thể dân tộc Việt Nam quyết đem tất để giữ vững quyền tự do độc lập ấy.,mjNFVkvTWyA,1894,76
25,0.33,False,TRẠM ĐỘNG LỰC 38,3,False,0,False,20,0.0308,False,True,False,False,True,False,False,False,95,12,42,0,even,False,2026-07-10T01:14:55Z,tâm lý học,56600,Tức cảnh Pác Bó – Nguyễn Ái Quốc  #tramdongluc38 #phattrienbanthan #trietlysong #baihoccuocsong,X6xfygCWR8M,1463,59
26,0.31,False,TRẠM ĐỘNG LỰC 38,0,False,0,False,29,0.0095,False,False,False,False,True,False,False,False,80,10,13,0,even,False,2026-07-09T13:50:10Z,tâm lý học,56600,Gian nan rèn luyện mới thành công #tramdongluc #tramdongluc38  #phattrienbanthan,xbShUCLo1l0,1373,53
37,0.13,False,TRẠM ĐỘNG LỰC 38,0,False,0,False,18,0.02,False,False,False,False,True,False,False,False,68,8,11,0,even,False,2026-06-27T17:00:16Z,tâm lý học,56600,Hãy làm đi đừng sợ #tramdongluc38 #phattrienbanthan #baihoccuocsong ,ptjHB-qUkO0,551,15
39,1.0,False,TRẠM ĐỘNG LỰC 38,3,False,0,False,16,0.0095,False,False,False,False,True,False,False,False,87,13,39,0,even,False,2026-06-26T08:14:08Z,tâm lý học,56600,Học cái xấu thì dễ học cái tốt thì khó #phattrienbanthan #tramdongluc38 #baihoccuocsong,XB-cmpiPFiE,4424,113
64,0.38,False,TRẠM ĐỘNG LỰC 38,1,False,32,False,54,0.0279,False,True,False,False,False,False,False,False,64,15,46,0,,False,2026-06-01T05:03:27Z,tâm lý học,56600,Chính vì bạn đủ khả năng để vượt qua nên thử thách mới xuất hiện,SReDAs1NvKI,1682,26
179,0.28,False,TRẠM ĐỘNG LỰC 38,3,False,623,False,335,0.0155,False,True,False,False,True,True,False,False,94,24,16,0,even,False,2026-02-05T16:14:25Z,tâm lý học,56600,"Khi Ở Dưới Đáy, Ta Chỉ Còn Một Con Đường Để Đi | Bài Học Thức Tỉnh Cuộc Đời | trạm động lực 38",oW26qlHWF_I,1226,7
179,0.1,False,TRẠM ĐỘNG LỰC 38,1,True,748,False,410,0.0095,False,True,False,False,True,True,False,False,54,13,3,0,even,False,2026-02-05T15:43:52Z,tâm lý học,56600,CON ĐƯỜNG KHÔNG AI ĐI THAY BẠN ĐƯỢC | Trạm Động Lực 38,E26m2Isuzuw,420,2
198,4.95,False,TRẠM ĐỘNG LỰC 38,18,False,607,False,21610,0.0274,False,True,False,False,True,False,False,False,90,21,580,0,even,False,2026-01-18T14:37:46Z,tâm lý học,56600,[RADIO ĐỘNG LỰC] CÁI GÌ KHÔNG LÀM ĐƯỢC THÌ MÌNH CÓ THỂ VỪA KHÓC VỪA LÀM / TRẠM ĐỘNG LỰC 38,px2bZ1aDo5s,21800,110
270,1.58,False,TRẠM ĐỘNG LỰC 38,5,False,39,False,44,0.0463,False,False,False,False,False,False,False,False,40,9,318,0,,False,2025-11-07T09:18:41Z,tâm lý học,56600,"Ngày mai trời sẽ lại sáng, cố lên nhé!!!",rYqrfO7yWTU,6969,26
303,4.02,False,TRẠM ĐỘNG LỰC 38,4,False,818,False,2294,0.0095,False,True,False,False,True,False,False,False,73,16,165,0,even,False,2025-10-05T03:17:33Z,tâm lý học,56600,"[RADIO ĐỘNG LỰC] #18  TẬP TRUNG HỌC, LÀM VIỆC HIỆU QUẢ / TRẠM ĐỘNG LỰC 38",HIT59QsuOos,17725,58
304,2.07,False,TRẠM ĐỘNG LỰC 38,7,False,570,False,2290,0.0099,False,True,False,False,True,False,False,False,68,15,83,0,odd,False,2025-10-04T15:08:44Z,tâm lý học,56600,"[RADIO ĐỘNG LỰC] #17 TRUNG HỌC, LÀM VIỆC HIỆU QUẢ / TRẠM ĐỘNG LỰC 38",ceVS1KfHidM,9110,30
330,1.97,False,TRẠM ĐỘNG LỰC 38,4,False,54,False,44,0.0375,False,True,False,False,False,False,False,False,76,14,321,0,,False,2025-09-07T17:00:31Z,tâm lý học,56600,Làm thế nào để trở nên hấp dẫn và dễ được yêu mến hơn,GHwo35kvT2M,8670,26
331,0.96,False,TRẠM ĐỘNG LỰC 38,1,False,36,False,56,0.0376,False,True,False,False,False,False,False,False,47,8,158,0,,False,2025-09-07T12:00:40Z,tâm lý học,56600,Tư duy tối giản của người xuất chúng,LiI5vjz8NIU,4228,13
331,1.73,False,TRẠM ĐỘNG LỰC 38,3,False,64,False,24,0.0382,False,True,False,False,False,False,False,False,47,9,288,0,,False,2025-09-07T07:12:32Z,tâm lý học,56600,May mắn thay ta vẫn còn được mệt mỏi,fb23XwpGUlQ,7609,23
331,1.02,False,TRẠM ĐỘNG LỰC 38,5,False,0,False,81,0.0387,False,True,False,False,True,False,False,False,77,8,168,0,even,False,2025-09-07T06:57:20Z,tâm lý học,56600,Khi không có tiền  #tramdongluc38 #trietlysong #dongluc #phattrienbanthan,xSRD_qx7L44,4476,14
333,1.24,False,TRẠM ĐỘNG LỰC 38,1,False,53,False,66,0.04,False,True,False,False,False,False,False,False,47,8,217,0,,False,2025-09-05T04:33:46Z,tâm lý học,56600,Những sự thật phũ phàng về tình yêu,n0ODVkNAOk4,5447,16
333,0.6,False,TRẠM ĐỘNG LỰC 38,0,False,46,False,37,0.024,False,False,False,False,False,False,False,False,55,12,63,0,,False,2025-09-05T04:27:40Z,tâm lý học,56600,Trái Tim bạn ở đâu thì kho báu bạn tìm ở đó,soDFVnvneO4,2622,8
340,1.0,False,TRẠM ĐỘNG LỰC 38,1,False,54,False,29,0.0262,False,True,False,False,False,False,False,False,68,11,114,0,,False,2025-08-29T12:00:46Z,tâm lý học,56600,Năm bản lĩnh một người cần học được trong cuộc đời,MB-flPbnoGY,4385,13
340,0.77,False,TRẠM ĐỘNG LỰC 38,0,False,54,False,27,0.0226,False,True,False,False,False,False,False,False,41,9,76,0,,False,2025-08-29T06:54:55Z,tâm lý học,56600,Hãy dành thời gian để sống cho chính mình,8LQv-a5bza8,3370,10
365,0.99,False,TRẠM ĐỘNG LỰC 38,3,False,43,False,24,0.0423,False,False,False,False,True,False,False,False,31,8,181,0,odd,False,2025-08-03T17:00:58Z,tâm lý học,56600,5 mẹo giúp bạn nhắn tin tinh tế,h1C1rHfGpkM,4350,12
367,1.76,False,TRẠM ĐỘNG LỰC 38,2,False,54,False,41,0.0382,False,False,False,False,False,False,False,False,28,6,293,0,,False,2025-08-02T13:01:42Z,tâm lý học,56600,Nghich lý giúp bạn sáng suốt,tr5j0V4gkDE,7732,21
367,3.24,False,TRẠM ĐỘNG LỰC 38,3,True,67,False,31,0.0297,False,False,False,False,True,False,False,False,44,11,421,0,odd,False,2025-08-02T12:01:08Z,tâm lý học,56600,Làm được 5 điều này không ai dám bắt nạt bạn,fNru2lOsSik,14258,39
367,2.21,False,TRẠM ĐỘNG LỰC 38,3,False,31,False,34,0.0261,False,False,False,False,False,False,False,False,24,5,251,0,,False,2025-08-01T17:08:02Z,tâm lý học,56600,Cách phòng chống đột quỵ,hTOs004orzM,9732,27
367,2.51,False,TRẠM ĐỘNG LỰC 38,6,False,76,False,36,0.0383,False,True,False,False,False,False,False,False,35,9,417,0,,False,2025-08-01T17:00:08Z,tâm lý học,56600,Dấu hiệu bản đã ở một đẳng cấp khác,3OtWlQT6N2k,11040,30
367,3.63,False,TRẠM ĐỘNG LỰC 38,25,False,70,False,23,0.0265,False,False,False,False,False,False,False,False,30,7,399,0,,False,2025-08-01T16:29:34Z,tâm lý học,56600,Dấu hiêụ bạn là người yếu đuối,P05yIIkVvcA,15999,44
370,0.34,False,TRẠM ĐỘNG LỰC 38,1,False,54,False,62,0.033,False,True,False,False,False,False,False,False,54,9,48,0,,False,2025-07-29T23:01:01Z,tâm lý học,56600,Nếu bạn không còn kiên trì tiếp được nữa,qf7ZxIBJnbU,1487,4
370,1.68,False,TRẠM ĐỘNG LỰC 38,5,False,54,False,27,0.0249,False,True,False,False,False,False,False,False,55,9,179,0,,False,2025-07-29T17:00:24Z,tâm lý học,56600,Những sự thật phũ phàng bạn cần biết sớm,KdHC8OwYzC8,7386,20
370,0.52,False,TRẠM ĐỘNG LỰC 38,3,False,64,False,69,0.0555,False,True,False,False,True,False,False,False,45,8,124,0,even,False,2025-07-29T17:00:07Z,tâm lý học,56600,10 quy luật bất biến của cuộc sống,5hU5jmURrzw,2290,6
370,0.43,False,TRẠM ĐỘNG LỰC 38,1,False,41,False,78,0.0499,False,True,False,False,False,False,False,False,62,12,93,0,,False,2025-07-29T16:45:07Z,tâm lý học,56600,khi bạn dồn đến tận cùng thì con đường sẽ mở ra,eoevobakUuY,1883,5
1,0.09,False,Đạo Lập Nghiệp,0,False,1144,False,2311,0.0545,False,True,False,False,True,False,False,True,68,16,9,0,odd,False,2026-08-03T11:05:06Z,làm giàu tư duy,54800,"FED GIỮ Lãi Suất 3,5%: Tài Sản Nào Sắp Tăng, Tài Sản Nào Dễ Lao Dốc?",VXa_Ow7OQk4,165,165
2,0.17,False,Đạo Lập Nghiệp,0,False,940,False,3398,0.0309,False,True,False,False,True,False,False,False,71,18,10,0,even,False,2026-08-02T11:44:49Z,làm giàu tư duy,54800,04 Tài Sản Sắp Lao Dốc Trước 2027 – Không Bán Sớm Có Thể Mắc Kẹt 5 Năm!,9JNkIUn45VI,324,162
4,0.55,False,Đạo Lập Nghiệp,5,False,1240,False,4922,0.0287,False,True,False,False,True,False,False,True,55,13,25,0,odd,False,2026-07-31T09:30:53Z,làm giàu tư duy,54800,Tiền Sẽ Chảy Vào Đâu? 5 Tài Sản Cần Theo Dõi Trước 2027,fksGwKWim1I,1045,261
11,2.05,False,Đạo Lập Nghiệp,8,True,504,False,3138,0.0235,True,True,False,False,True,False,False,False,66,15,84,0,odd,False,2026-07-24T04:03:12Z,làm giàu tư duy,54800,5 Tài Sản Người Giàu Đang Bí Mật Tích Lũy Trước Biến Động Năm 2027,nFSxnGfTq38,3919,356
108,0.96,False,Đạo Lập Nghiệp,6,False,1368,False,2917,0.0325,False,True,False,False,True,False,False,False,80,20,54,0,even,True,2026-04-18T11:32:12Z,làm giàu tư duy,54800,2026: Cơn Bão Kinh Tế Ngầm Đã Bắt Đầu – 90% Không Nhận Ra Cho Đến Khi Mất Tất Cả,2rIT35R_ofc,1846,17
111,1.04,False,Đạo Lập Nghiệp,12,False,963,False,1803,0.0634,False,True,False,False,True,False,False,False,78,19,114,0,odd,False,2026-04-15T10:05:04Z,làm giàu tư duy,54800,Khủng Hoảng Tài Chính Sắp Nổ Ra: 3 Tháng Tới Là Cơ Hội Vàng Để Bứt Phá Tài Sản,nO0qxRQl5PE,1988,18
112,1.25,False,Đạo Lập Nghiệp,11,False,1184,False,2716,0.0439,False,True,False,False,False,False,False,False,73,17,94,0,,False,2026-04-14T11:31:00Z,làm giàu tư duy,54800,THỜI ĐẠI TIỀN RẺ ĐÃ KẾT THÚC: Cuộc Khủng Hoảng Lớn Có Thể Chỉ Mới Bắt Đầu,I_KePdNRz10,2391,21
113,0.84,False,Đạo Lập Nghiệp,1,False,1195,False,2736,0.0368,True,True,False,False,True,False,False,False,79,17,58,0,odd,False,2026-04-13T11:25:59Z,làm giàu tư duy,54800,"LUẬT CHƠI ĐÃ ĐỔI: 5 Dòng Tiền Âm Thầm Khiến Người Biết “Giàu Lên Trong Im Lặng""",WxT6-SHYlyQ,1603,14
116,1.82,False,Đạo Lập Nghiệp,10,False,1172,False,3099,0.0497,False,True,False,False,True,False,False,False,82,20,163,0,even,True,2026-04-10T05:23:01Z,làm giàu tư duy,54800,"6 Tài Sản Sắp “Rơi Tự Do” Năm 2026 – Không Thoát Hàng Sớm, Bạn Mất 5 Năm Cuộc Đời!",91AIHyImItw,3480,30
117,0.8,False,Đạo Lập Nghiệp,3,False,1274,False,2856,0.0299,False,True,False,False,False,False,False,True,69,16,43,0,,False,2026-04-09T05:29:32Z,làm giàu tư duy,54800,Cơn Ác Mộng Lạm Phát Đình Trệ Đã Quay Trở Lại: Tiền Nên Chảy Vào Đâu?,4tD85uuJ8uY,1537,13
118,0.53,False,Đạo Lập Nghiệp,1,False,1133,False,2659,0.0367,True,True,False,False,False,False,False,False,78,17,36,0,,False,2026-04-08T10:56:37Z,làm giàu tư duy,54800,"Lịch Sử Đang Lặp Lại: Mỗi Lần Khủng Hoảng, Một Thế Hệ Người Giàu Mới Xuất Hiện",AClzI2JnPO4,1007,9
119,1.04,False,Đạo Lập Nghiệp,10,False,1048,False,2996,0.0475,False,True,False,False,True,False,False,False,97,23,84,0,even,False,2026-04-07T10:00:00Z,làm giàu tư duy,54800,Elon Musk Cảnh Báo 2026: 3 Loại Tài Sản Có Thể Trở Thành “Vô Giá Trị” Và Cú Đặt Cược 1.000 Tỷ USD,QArJhS7o4tA,1980,17
120,2.91,False,Đạo Lập Nghiệp,29,False,1428,False,3102,0.0769,False,True,False,False,True,False,False,False,81,19,399,0,odd,False,2026-04-06T10:57:12Z,làm giàu tư duy,54800,Khủng Hoảng Tài Chính Sắp Nổ Ra: Cơ Hội Vàng Để Bứt Phá Tài Sản Trong 3 Tháng Tới,Mc0Mn_k-QDU,5565,46
121,0.62,False,Đạo Lập Nghiệp,2,False,1289,False,3088,0.047,False,True,False,False,True,False,False,False,69,16,54,0,even,False,2026-04-05T13:33:44Z,làm giàu tư duy,54800,CẢNH BÁO: Đừng Dại Bỏ 6 Tài Sản Này Trong 2026 Nếu Không Muốn Trả Giá,Encg--844Ns,1192,10
122,1.37,False,Đạo Lập Nghiệp,9,False,1117,False,2893,0.0611,False,False,False,False,True,False,False,False,84,20,151,0,even,False,2026-04-04T13:47:39Z,làm giàu tư duy,54800,Khủng Hoảng 2026: 3 Tài Sản Phải Giữ Chặt – 3 Tài Sản Cần Bán Gấp Trước Khi Quá Muộn,whABc3AFCZw,2617,21
123,0.52,False,Đạo Lập Nghiệp,4,False,1213,False,3204,0.0399,True,True,False,False,False,False,False,True,76,16,36,0,,True,2026-04-03T13:15:00Z,làm giàu tư duy,54800,Khi Tiền Mất Giá: Vì Sao Người Nghèo Trắng Tay Còn Người Giàu Lại Càng Giàu?,jXVj9AywdJU,1003,8
124,0.71,False,Đạo Lập Nghiệp,4,False,1101,False,2648,0.0428,False,True,False,False,True,False,False,False,67,17,54,0,even,False,2026-04-02T11:05:02Z,làm giàu tư duy,54800,Mật Mã Dòng Tiền: 6 Tài Sản Không Bao Giờ Sụp Đổ Dù Kinh Tế Lao Dốc,uWcxLRSi50E,1356,11
125,2.91,False,Đạo Lập Nghiệp,14,False,1409,False,2688,0.0488,False,True,False,False,True,False,False,False,64,15,258,0,odd,False,2026-04-01T09:33:31Z,làm giàu tư duy,54800,"7 Tài Sản Sẽ Bùng Nổ 2026–2030: Ai Nắm Giữ Sớm, Người Đó Dẫn Đầu",kYEdQfHYNgs,5569,45
128,1.56,False,Đạo Lập Nghiệp,5,False,1035,False,2679,0.0352,False,True,False,False,True,False,False,True,60,14,100,0,odd,False,2026-03-29T07:11:37Z,làm giàu tư duy,54800,Vàng 171 triệu: Dòng tiền sẽ đổ vào 5 tài sản nào tiếp theo?,qLW2q2Au2d4,2983,23
130,1.6,False,Đạo Lập Nghiệp,6,False,1486,False,2982,0.034,False,True,False,False,True,False,False,False,71,16,98,0,even,False,2026-03-27T11:30:00Z,làm giàu tư duy,54800,Việt Nam 2026: Cơn Bão Kinh Tế Ngầm Đang Tới – 90% Người Không Nhận Ra!,q8QpQbGsHD0,3059,24
131,0.84,False,Đạo Lập Nghiệp,4,False,1254,False,2608,0.0372,False,False,False,False,False,False,True,True,59,13,56,0,,True,2026-03-26T10:29:36Z,làm giàu tư duy,54800,Lãi Suất Cao: Món Hời Hay Cái Bẫy Được Ngụy Trang Hoàn Hảo?,3rGrmbMK8Lw,1612,12
132,1.75,False,Đạo Lập Nghiệp,15,True,1231,False,2952,0.0456,False,True,False,False,False,False,False,True,61,14,138,0,,True,2026-03-25T10:43:13Z,làm giàu tư duy,54800,BÍ MẬT GÂY SỐC: Ngân Hàng Âm Thầm Tăng Lãi Suất Để “Nuôi” Nợ?,PhpyJQeloUo,3354,25
133,0.52,False,Đạo Lập Nghiệp,1,True,1268,False,2581,0.036,False,True,False,False,False,False,False,True,69,15,35,0,,False,2026-03-24T10:20:45Z,làm giàu tư duy,54800,Sự Thật Gây Sốc: Chiến Tranh Chỉ Là Vỏ Bọc Cho Khủng Hoảng Tài Chính?,_y2dcNzGO2w,999,8
134,5.0,False,Đạo Lập Nghiệp,47,False,1422,False,2265,0.0534,True,True,False,False,True,False,False,False,86,20,464,0,odd,False,2026-03-23T03:00:00Z,làm giàu tư duy,54800,7 Tài Sản PHẢI NẮM GIỮ NGAY! 2026–2030: Chu Kỳ Tạo Ra Người Giàu Mới – Hoặc Xóa Sổ Bạn,YqJ1KnsILRc,9574,71
136,0.59,False,Đạo Lập Nghiệp,3,False,1843,False,2023,0.0355,True,True,False,False,True,False,False,False,61,14,37,0,odd,True,2026-03-21T09:45:00Z,làm giàu tư duy,54800,. 9 Tài Sản Người Giàu Âm Thầm Mua –Người Nghèo Thường Bỏ Qua,2m6NNQA1tOo,1128,8
137,2.02,False,Đạo Lập Nghiệp,17,False,1466,False,3096,0.0383,False,True,False,False,True,False,False,False,59,14,131,0,even,False,2026-03-20T11:30:00Z,làm giàu tư duy,54800,"CẢNH BÁO: 6 Tài Sản Không Nắm Giữ Ngay, 2026 Bạn Sẽ Hối Hận",2eX2qoNxTyc,3865,28
139,0.56,False,Đạo Lập Nghiệp,5,False,1174,False,2348,0.0437,True,True,False,False,False,False,False,False,83,20,42,0,,False,2026-03-18T04:36:41Z,làm giàu tư duy,54800,Nắm Bắt Chu Kỳ Kinh Tế: Chìa Khóa Cốt Lõi Để Đầu Tư Thông Minh Và Làm Giàu Bền Vững,gf0944D7D8E,1076,8
140,0.61,False,Đạo Lập Nghiệp,7,True,1295,False,3347,0.0343,False,True,False,False,True,False,False,True,48,13,33,0,even,False,2026-03-17T14:20:30Z,làm giàu tư duy,54800,Bí Mật Chu Kỳ 10 Năm: Vì Sao Lịch Sử Cứ Lặp Lại?,iIqR43kRa5I,1167,8
141,1.27,False,Đạo Lập Nghiệp,7,False,1256,False,3183,0.0328,True,False,False,False,True,False,True,False,67,15,73,0,even,True,2026-03-16T14:18:19Z,làm giàu tư duy,54800,6 Tài Sản Quan Trọng Quyết Định Bạn Giàu Hay Nghèo Trong 10 Năm Tới,XZ00JwWiNyY,2437,17
142,1.52,False,Đạo Lập Nghiệp,8,False,1543,False,2808,0.0375,True,True,False,False,False,False,False,False,75,17,101,0,,False,2026-03-15T05:00:25Z,làm giàu tư duy,54800,Lịch Sử Đang Lặp Lại: Mỗi Cuộc Khủng Hoảng Đều Tạo Ra Một Thế Hệ Người Giàu,zikzErBbKT0,2903,20
3,1.0,False,Luminate Mindset,6,False,0,False,22,0.0125,False,False,False,False,False,False,False,False,28,6,354,0,,False,2026-08-01T11:59:32Z,stock market explained,54000,That’s What The Money Is For,x5i53e6Nmk8,28784,9595
6,0.65,False,Luminate Mindset,1,False,735,False,58,0.0145,False,False,False,False,False,False,False,False,43,7,268,8,,False,2026-07-29T06:55:02Z,stock market explained,54000,This Is The Insult That Created Lamborghini,aKtMDV_Dx7g,18534,3089
8,7.42,False,Luminate Mindset,57,False,735,False,45,0.019,False,False,False,False,False,False,False,True,39,8,4002,8,,False,2026-07-27T04:42:34Z,stock market explained,54000,This Is How Alfa Romeo Cooked Elon Musk,Sc6-f5LoSjg,213147,26643
57,0.32,False,Luminate Mindset,1,False,735,False,36,0.0327,False,False,False,False,False,False,False,False,28,4,297,8,,False,2026-06-08T05:00:15Z,stock market explained,54000,Maze Runner Goated Character,YNgfttJHEXA,9112,160
60,0.24,False,Luminate Mindset,5,False,735,False,60,0.0365,False,False,False,False,False,False,False,False,27,5,247,8,,False,2026-06-05T04:22:00Z,stock market explained,54000,Queen Of The Seven Kingdoms,nAGJxdw709c,6904,115
68,0.75,False,Luminate Mindset,4,False,735,False,54,0.0197,False,False,False,False,False,False,False,False,45,8,422,8,,False,2026-05-28T05:16:36Z,stock market explained,54000,When A Spider Craves More Than Just Attention,gO_kiwnBVcc,21593,318
73,186.56,False,Luminate Mindset,513,False,735,False,60,0.0174,False,False,False,False,False,False,False,False,35,7,92936,8,,False,2026-05-23T05:54:48Z,stock market explained,54000,Your Father Was Warden Of The North,k0iBLyRpXqA,5359264,73415
75,1.88,False,Luminate Mindset,7,False,735,False,55,0.0302,False,False,False,False,False,False,False,False,21,4,1624,8,,False,2026-05-21T04:47:15Z,stock market explained,54000,His Training Paid Off,Pwj2nTIw7jI,54009,720
81,0.24,False,Luminate Mindset,0,False,735,False,57,0.0199,False,False,False,False,False,False,False,False,29,6,136,8,,False,2026-05-15T04:56:50Z,stock market explained,54000,The Dream About The Black Cat,9gDLBcOr6zI,6829,84
83,3.69,False,Luminate Mindset,9,False,735,False,59,0.0275,False,False,False,False,False,False,False,False,36,6,2905,8,,False,2026-05-13T04:28:35Z,stock market explained,54000,They've Messed With The Wrong Person,qx0hYOh1DGk,106047,1278
84,0.56,False,Luminate Mindset,2,False,735,False,63,0.0321,False,False,False,False,False,False,False,False,53,8,517,8,,False,2026-05-12T05:15:34Z,stock market explained,54000,Max Verstappen Doesn't See Second Place As Acceptable,WtRfPsUixlY,16192,193
85,0.26,False,Luminate Mindset,5,False,735,False,52,0.0219,False,False,False,False,False,False,False,True,35,6,161,8,,False,2026-05-11T11:07:58Z,stock market explained,54000,This Is How Money Compounding Works,cU0lY9N1u50,7597,89
93,0.87,False,Luminate Mindset,0,False,735,False,60,0.016,False,False,False,False,False,False,False,False,27,7,400,8,,False,2026-05-03T05:16:58Z,stock market explained,54000,He Has A Problem In His Jaw,tkjOcSPxaSk,25028,269
94,4.19,False,Luminate Mindset,34,False,735,False,59,0.0272,False,False,False,False,False,False,False,False,39,7,3240,8,,False,2026-05-02T04:49:52Z,stock market explained,54000,He'll Have Fish Fingers And Beans Twice,PfxBDiPgSwA,120293,1280
95,0.61,False,Luminate Mindset,8,False,735,False,60,0.0377,False,False,False,False,False,False,False,False,23,4,656,8,,False,2026-05-01T05:14:30Z,stock market explained,54000,He Discovered Two Spies,ETwCpIaHm6g,17610,185
100,0.4,False,Luminate Mindset,2,False,735,False,51,0.0154,False,False,False,False,False,False,False,False,20,5,175,8,,False,2026-04-26T04:48:53Z,stock market explained,54000,It Was A Gypsy Trick,2nn39BLYb0k,11512,115
110,1.07,False,Luminate Mindset,13,False,735,False,59,0.0332,False,False,False,False,False,False,False,False,32,6,1013,8,,False,2026-04-16T06:08:30Z,stock market explained,54000,She Forgot That He's A Detective,V7KWrBSSQsw,30876,281
117,20.87,False,Luminate Mindset,96,False,735,False,59,0.0152,False,False,False,False,False,False,False,False,33,5,9047,8,,False,2026-04-09T03:57:43Z,stock market explained,54000,I'll Take That Complimentary Meal,dEeITBfz0Nc,599555,5124
124,1.19,False,Luminate Mindset,3,False,735,False,60,0.0381,False,False,False,False,False,False,False,True,51,9,1296,8,,False,2026-04-02T05:14:32Z,stock market explained,54000,Female Assassin Pretended She Don't Know How To Aim,YP_NSftmXpw,34082,275
132,0.77,False,Luminate Mindset,7,False,735,False,59,0.0392,False,False,False,False,False,False,False,False,19,3,860,8,,False,2026-03-25T04:23:50Z,stock market explained,54000,Fly Home Sweetheart,HNUlYeHRvzg,22090,167
135,1.51,False,Luminate Mindset,3,False,735,False,60,0.0223,False,False,False,False,False,False,False,False,40,7,964,8,,False,2026-03-22T04:38:54Z,stock market explained,54000,These Thugs Messed With The Wrong Person,sPO3sxlw7f8,43458,322
138,0.92,False,Luminate Mindset,2,False,735,False,56,0.047,False,False,False,False,False,False,False,True,28,6,1241,8,,False,2026-03-19T06:51:04Z,stock market explained,54000,This Is How Robin Met Batman,aciYbfGgZfY,26451,192
144,0.95,False,Luminate Mindset,9,False,735,False,60,0.0324,False,False,False,False,False,False,False,False,47,8,880,8,,False,2026-03-13T06:58:20Z,stock market explained,54000,He Brought Three Shelby Brothers To Their Knees,lU6P-OLnLzY,27434,191
148,63.03,False,Luminate Mindset,487,False,735,False,61,0.0394,False,False,False,False,False,False,False,False,35,6,70779,8,,False,2026-03-09T07:23:20Z,stock market explained,54000,He Couldn't Stand Her Feigned Voice,-zefxD5a1uk,1810684,12234
151,1.51,False,Luminate Mindset,4,False,735,False,53,0.0312,False,False,False,False,False,False,False,True,39,8,1354,8,,False,2026-03-06T06:13:44Z,stock market explained,54000,This Is Why You Should Not Judge People,87cgVrta2zE,43494,288
155,2.46,False,Luminate Mindset,25,False,735,False,60,0.0354,False,False,False,False,False,False,False,False,33,6,2474,8,,False,2026-03-02T13:35:15Z,stock market explained,54000,This Is The Power Of Consequences,GuFQaLCmPfE,70631,456
157,1.22,False,Luminate Mindset,16,False,735,False,47,0.0296,False,False,False,False,False,False,False,False,35,6,1021,8,,False,2026-02-28T07:25:00Z,stock market explained,54000,When Roadmen Meet The Real Gangster,f4Bm6O_hugE,35068,223
160,174.02,False,Luminate Mindset,769,False,735,False,60,0.0478,False,False,False,False,False,False,False,True,39,8,238142,8,,False,2026-02-25T06:14:20Z,stock market explained,54000,This Is Why You Should Not Judge People,fSZziqCddEc,4999020,31244
164,1.0,False,Luminate Mindset,2,False,799,False,58,0.0356,False,False,False,False,True,False,False,False,19,3,1018,8,odd,False,2026-02-21T08:07:54Z,stock market explained,54000,Dolphin Tale (2011),xcM4J3ArS6Q,28670,175
165,0.81,False,Luminate Mindset,19,False,735,False,33,0.0855,False,False,False,False,False,False,False,False,21,5,1978,8,,False,2026-02-20T02:54:29Z,stock market explained,54000,Get This Man A Shield,EUtZNwpHSMw,23367,142
97,0.04,False,Life Script Pod,0,False,1083,False,24,0.0149,False,False,True,False,False,False,False,False,80,13,4,14,,False,2026-04-29T09:17:45Z,motivation speech,53300,"Real love feels safe, calm, and supportive. Never confuse chaos with passion. ❤️",VuMpK0XwD4g,268,3
98,0.03,False,Life Script Pod,0,False,863,False,16,0.0207,False,False,False,False,False,False,False,False,61,8,5,18,,False,2026-04-28T11:53:43Z,motivation speech,53300,Real relationships look nothing like this #couples #authentic,TU2Va_Y7Xuc,241,2
268,0.99,False,Life Script Pod,4,False,861,False,54,0.0445,False,False,False,False,False,True,False,False,82,12,301,19,,False,2025-11-09T06:25:08Z,motivation speech,53300,The Art of Overcoming Challenges (Psychology of Resilience) | Vikas Divyakirti Sir,b98cKUIv5eU,6857,26
359,0.48,False,Life Script Pod,1,False,853,False,59,0.0219,False,True,False,False,False,False,False,False,53,8,72,18,,False,2025-08-10T13:56:34Z,motivation speech,53300,संघर्ष में हार मत मानो! Real-Life Inspirational Story,MNHAZhecVPg,3334,9
481,1.08,False,Life Script Pod,3,False,357,False,12,0.0115,False,False,False,False,False,True,False,False,31,4,83,14,,False,2025-04-10T02:37:56Z,motivation speech,53300,Be Thankful |Morning Motivation,-DLJpAdAToA,7504,16
499,0.02,False,Life Script Pod,,False,1275,False,113,0.0,False,True,False,False,False,True,False,False,47,10,,18,,False,2025-03-23T07:17:29Z,motivation speech,53300,एक किसान जिसने कभी हार नहीं मानी | Farmer Story,4AH7rb5BjhI,159,0
513,0.01,False,Life Script Pod,,False,1005,False,94,0.0204,False,False,False,False,True,False,False,False,66,12,1,9,odd,False,2025-03-09T13:49:22Z,motivation speech,53300,“The 3 Feet from Gold Story – Don’t Quit Too Soon!” @LifeScriptPod,6iWEO-GT0Wk,49,0
514,0.89,False,Life Script Pod,4,False,977,False,48,0.0256,False,False,False,False,False,False,False,False,62,9,154,16,,False,2025-03-08T14:12:27Z,motivation speech,53300,Kabhi Haar Mat Manana (Never Lose Hope) #ytshorts #viralshorts,afgc6NqYI_A,6174,12
515,0.01,False,Life Script Pod,,False,1376,False,271,0.0,False,False,False,False,False,False,False,False,85,13,,25,,False,2025-03-07T14:04:12Z,motivation speech,53300,"The Chaiwala Who Brewed Success: A Tale of Grit, Innovation, and Heart @LifeScriptPod",B04gW3UOtxo,69,0
627,10.02,False,Life Script Pod,23,False,472,False,33,0.0612,False,False,False,False,False,False,False,False,48,7,4240,15,,False,2024-11-15T04:05:52Z,motivation speech,53300,Life Changing Experience Of Vikas Divyakirti Sir,7CZk4AfHcwU,69627,111
735,2.38,False,Life Script Pod,5,False,482,False,53,0.0307,False,True,False,False,False,True,False,False,59,10,504,18,,False,2024-07-30T03:54:35Z,motivation speech,53300,Awadh Ojhar Sir On UPSC Exams | Credit - @ranveerallahbadia,kGHYGnGUVfs,16575,23
738,2.14,False,Life Script Pod,2,False,507,False,31,0.023,False,False,False,False,False,True,False,False,49,7,340,17,,False,2024-07-27T03:07:34Z,motivation speech,53300,Nitin Gadkari's Dream India | Ranveer Allahabadia,vPPl1DGIc0M,14858,20
739,1.78,False,Life Script Pod,1,False,496,False,55,0.0207,False,False,False,False,False,True,False,False,71,11,254,15,,False,2024-07-26T03:22:22Z,motivation speech,53300,Virat Kohli's Most Painful Moment | Ishant Sharma | Ranveer Allahabadia,urbB9BM9HKc,12337,17
740,11.25,False,Life Script Pod,11,False,537,False,45,0.0361,False,False,False,False,False,True,False,False,54,10,2809,16,,False,2024-07-25T02:48:01Z,motivation speech,53300,Baccho Ke Sath Marpitai Na Kare | Vikas Divyakirti Sir,egeDUbKvpcs,78188,106
740,0.04,False,Life Script Pod,0,False,593,False,470,0.0123,False,True,False,False,False,True,False,False,98,16,3,18,,False,2024-07-24T23:32:07Z,motivation speech,53300,Positive Affirmations For Achieving Dreams | अपने सपने पुरे करें इन Positive Affirmations के साथ |,EeV51RvMbdA,244,0
740,6.47,False,Life Script Pod,4,False,455,False,49,0.0286,False,False,False,False,False,True,False,False,59,12,1279,17,,False,2024-07-24T15:38:26Z,motivation speech,53300,Baccho Ki Jid Ko Kaise Handle Kare | Vikas Divyakirti Sir |,rkdhQgVcGxk,44936,61
741,2.9,False,Life Script Pod,4,False,451,False,56,0.0535,False,False,False,False,False,False,False,False,58,8,1075,14,,False,2024-07-23T15:30:36Z,motivation speech,53300,Motivational Tips By Dr. Vikas Divyakirti Sir. #motivation,Xb5z63oLf8A,20182,27
742,2.57,False,Life Script Pod,0,False,520,False,45,0.0377,False,False,False,False,False,False,False,False,67,8,672,16,,False,2024-07-23T02:46:19Z,motivation speech,53300,Dr. Vikas Divyakirti Sir On Overconfidence. #motivation #drishtiias,opbGobnlibg,17829,24
744,1.76,False,Life Script Pod,0,False,542,False,24,0.0172,False,False,False,False,False,True,False,False,83,13,211,19,,False,2024-07-21T04:15:22Z,motivation speech,53300,Dry Fruits Khane Ka Sahi Tarika | Credit - @RanveerAllahbadia | Ranveer Allahabadia,s0A5w3c_SKY,12264,16
744,1.28,False,Life Script Pod,1,False,463,False,51,0.0154,False,False,False,False,False,True,False,False,65,11,136,16,,False,2024-07-20T16:16:27Z,motivation speech,53300,Thala For A Reason | Credit - @RanveerAllahbadia | Shikhar Dhawan,CJ0q5n7CW1c,8893,12
745,1.2,False,Life Script Pod,1,False,504,False,51,0.0131,False,False,False,False,False,True,False,False,55,9,108,18,,False,2024-07-20T02:59:03Z,motivation speech,53300,Nitin Gadkari On Mumbai Patholes | Credit - @rajshamani,E3IIjw6FAf0,8350,11
745,0.96,False,Life Script Pod,0,False,500,False,28,0.0191,False,False,False,False,False,True,False,False,58,9,128,17,,False,2024-07-19T15:34:32Z,motivation speech,53300,Virat Kohli Is G.O.A.T. | Jatin Sapru |Ranveer Allahabadia,VXO_O05endU,6702,9
746,1.01,False,Life Script Pod,9,False,543,False,27,0.0405,False,False,False,False,False,True,False,False,68,10,276,21,,False,2024-07-19T02:27:06Z,motivation speech,53300,Worship Lord Hanuman Ji For Confidence | Credit - @ranveerallahbadia,rooAxYd_BJQ,7043,9
746,0.78,False,Life Script Pod,0,False,369,False,47,0.0077,False,False,False,False,False,True,False,False,57,9,42,14,,False,2024-07-18T15:30:10Z,motivation speech,53300,Rasika Dugal's Film Institute Memory | Mirzapur Actress |,RQDzcf_PToc,5422,7
747,0.62,False,Life Script Pod,0,False,348,False,55,0.0076,False,False,False,False,True,True,False,False,84,14,33,12,odd,False,2024-07-18T03:30:40Z,motivation speech,53300,Rasika Dugal's Education | Mirzapur Actress | Mirzapur Season 3 | credit - @bhartitv,7oKDXe6GFlE,4318,6
747,0.67,False,Life Script Pod,0,False,336,False,57,0.0142,False,False,False,False,False,True,False,False,74,11,66,11,,False,2024-07-17T15:30:10Z,motivation speech,53300,Ranveer Allahabadia's Past Life | Ranveer Allahabadia | credit - @bhartitv,SvNesA3_faY,4655,6
748,1.15,False,Life Script Pod,0,False,409,False,50,0.0211,False,False,False,False,False,True,False,False,52,11,169,13,,False,2024-07-17T05:27:11Z,motivation speech,53300,What Does Randeep Hooda Do In Spare Time | Bharti Tv,qAm1AYg4fSQ,8020,11
749,6.65,False,Life Script Pod,13,False,512,False,60,0.0224,False,False,False,False,False,True,False,False,88,15,1024,15,,False,2024-07-16T03:24:21Z,motivation speech,53300,Story Behind Song Tan Tana Tan Tantan Tara | Abhijeet Bhattacharya | credit - @pinkvilla,h6P5u8W_JT0,46202,62
750,0.55,False,Life Script Pod,0,False,451,False,57,0.0188,False,False,False,False,False,True,False,False,69,10,72,12,,False,2024-07-15T02:47:34Z,motivation speech,53300,Jaideep Ahlawat Sharing Life's Biggest Regret | Ranveer Allahabadia |,zV1XzyD4OtY,3823,5
750,0.85,False,Life Script Pod,2,False,305,False,54,0.052,False,False,False,False,False,False,False,False,44,5,304,10,,False,2024-07-14T15:44:02Z,motivation speech,53300,Patience Is Power. #motivation #motivational,bkzuOFP_FZw,5888,8
713,0.35,False,Facts nation,4,False,96,False,51,0.0215,False,False,False,False,True,False,False,False,96,18,111,0,even,False,2024-08-20T23:57:47Z,top 10 facts,52100,Top 10 interesting facts l Top 10 most amazing facts l Top 10 mind blowing facts l #amazingfacts,adqnf1g2XK0,5355,8
749,0.49,False,Facts nation,4,False,97,False,47,0.0201,False,False,False,False,True,False,False,False,97,17,146,0,even,False,2024-07-16T01:30:17Z,top 10 facts,52100,famous food of different states l Top 10 famous and delicious food of India l #food #factsinhindi,hFDKpzoyh4M,7451,10
753,0.59,False,Facts nation,4,False,0,False,45,0.0463,False,False,True,False,True,False,False,False,96,19,416,0,even,False,2024-07-12T03:00:15Z,top 10 facts,52100,Top 10 mind blowing facts l Top 10 interesting facts about animals l Top 10 most amazing 😍 facts,SSdfic7aPZI,9078,12
765,0.99,False,Facts nation,1,False,0,False,52,0.0517,False,False,True,False,True,False,False,False,92,17,782,0,even,False,2024-06-30T04:56:17Z,top 10 facts,52100,Top 10 mind blowing facts about India 🇮🇳 l Top 10 interesting facts about India 🇮🇳 #t10facts,es4Tp0STtgU,15135,20
780,0.46,False,Facts nation,2,False,19,False,48,0.0352,False,False,False,False,True,False,False,False,100,17,247,0,even,False,2024-06-15T05:38:02Z,top 10 facts,52100,Top 10 mind blowing psychology facts l Top 10 interesting psychology facts l Top 10 interesting fact,iHc47T0BqH4,7066,9
781,0.39,False,Facts nation,1,False,0,False,45,0.0257,False,False,True,False,True,False,False,False,92,19,151,0,even,False,2024-06-14T07:59:48Z,top 10 facts,52100,Top 10 mind blowing facts l Top 10 interesting facts l Top 10 most amazing 🤩😍 facts l #facts,CHhyBt0ROnA,5907,8
821,1.1,False,Facts nation,3,False,0,False,45,0.0292,False,False,True,False,True,False,False,False,91,20,487,0,even,False,2024-05-05T06:31:56Z,top 10 facts,52100,Top 10 most amazing 🤩 😍 facts l Top 10 mind blowing facts l Top 10 most interesting 🤔 facts,P8yjoTJW1ww,16773,20
837,1.38,False,Facts nation,3,False,0,False,47,0.0436,False,False,False,False,True,False,False,False,96,13,920,0,even,False,2024-04-19T06:00:12Z,top 10 facts,52100,mind blowing human psychology facts l Top 10 interesting human psychology facts #psychologyfacts,RRGScOLE56E,21193,25
846,1.0,False,Facts nation,0,False,0,False,54,0.0344,False,False,True,False,True,False,False,False,71,13,526,0,even,False,2024-04-09T23:28:14Z,top 10 facts,52100,mind blowing facts about world l Top 10 interesting facts about world 🌎,HWatVgqH_MY,15303,18
851,139.51,False,Facts nation,28,False,0,False,42,0.0182,False,False,False,False,True,False,False,False,76,13,38729,0,even,False,2024-04-05T02:33:55Z,top 10 facts,52100,10 mind blowing facts about animals l Top 10 interesting facts about animals,K6uYa7isVNA,2134938,2509
852,2.58,False,Facts nation,3,False,0,False,46,0.024,False,False,True,False,True,False,False,False,77,16,947,0,even,False,2024-04-04T00:46:17Z,top 10 facts,52100,10 mind blowing facts about food 🥑 🥝 l Top 10 interesting facts about food 🥑🥝,fLoCxls6KTM,39554,46
854,1012.34,False,Facts nation,268,False,0,False,43,0.0222,False,False,False,False,True,False,False,False,73,12,343745,0,even,False,2024-04-02T02:06:20Z,top 10 facts,52100,mind blowing facts about animals l Top 10 interesting facts about animals,wK3NEXX76rE,15491822,18140
855,2.22,False,Facts nation,5,False,0,False,46,0.0232,False,False,False,False,True,False,False,False,50,10,782,0,even,False,2024-04-01T02:30:43Z,top 10 facts,52100,10 mind blowing facts l Top 10 interesting facts l,fVFFdQe3fYY,33905,40
47,2.39,False,quynhrinko,247,False,1170,False,809,0.0529,False,False,False,True,False,False,False,True,37,8,2696,0,,False,2026-06-18T13:30:30Z,kinh tế giải thích,52000,Tại sao lương không theo kịp giá nhà?,ZoUpNsJSE4w,55680,1185
86,5.18,False,quynhrinko,939,False,1436,False,1356,0.0647,False,True,False,True,True,False,False,False,52,10,6859,0,even,False,2026-05-10T13:00:39Z,kinh tế giải thích,52000,Kế hoạch phát triển kinh tế của Việt Nam (2026-2030),Km1Ae2yHg_o,120595,1402
142,0.6,False,quynhrinko,610,False,1093,False,2686,0.0878,False,True,False,True,False,False,False,True,88,17,608,0,,False,2026-03-15T12:30:14Z,kinh tế giải thích,52000,AI đang giúp con người thiết kế thuốc như thế nào? (feat. Dr Hùng Phan) (Full interview),Eu-3mV_l5i4,13872,98
153,3.41,False,quynhrinko,239,False,1372,False,904,0.043,False,True,False,True,True,False,False,True,91,21,3173,0,even,False,2026-03-04T12:00:47Z,kinh tế giải thích,52000,Tại sao AI giải được bài toán mà các nhà khoa học bó tay trong 50 năm? (feat Dr. Hùng Phan),Rj07UbtSNGU,79261,518
187,3.62,False,quynhrinko,229,False,1123,False,872,0.0646,False,True,False,True,False,False,False,False,51,9,5215,0,,False,2026-01-29T12:40:02Z,kinh tế giải thích,52000,Experimental mindset: Tư duy thay đổi cuộc đời mình,l6qHDQk826M,84223,450
236,3.88,False,quynhrinko,476,False,1448,False,1060,0.0464,False,True,False,True,True,False,False,False,87,18,3714,0,odd,False,2025-12-11T14:30:28Z,kinh tế giải thích,52000,Kế hoạch 5 năm lần thứ 15th (2026-2030) của Trung Quốc (Tóm tắt và giải thích đơn giản),LdoSIvemoRI,90256,382
268,6.86,False,quynhrinko,360,False,1709,False,820,0.0485,False,True,False,True,True,False,False,False,50,10,7373,0,odd,False,2025-11-09T12:00:41Z,kinh tế giải thích,52000,Lý thuyết Nobel Kinh tế 2025 (giải thích đơn giản),MJLbSyQbO5Y,159603,596
289,1.81,False,quynhrinko,176,False,2654,False,811,0.0606,False,True,False,True,False,False,False,True,58,12,2374,0,,False,2025-10-19T12:30:23Z,kinh tế giải thích,52000,Làm sao để hết nghiện trong thời đại của những cơn nghiện?,LarstWHB98o,42113,146
304,1.8,True,quynhrinko,143,True,2566,False,1236,0.0692,False,True,False,True,False,False,False,False,49,10,2755,0,,False,2025-10-04T13:30:02Z,kinh tế giải thích,52000,Sự thật về CHỈNH SỬA GEN (feat. Dr. Samhitha Raj),1z48zZI60Ic,41894,138
324,1.76,False,quynhrinko,146,False,1567,False,808,0.0569,False,True,False,True,False,False,False,True,41,10,2188,0,,False,2025-09-14T12:30:47Z,kinh tế giải thích,52000,"Vì sao chúng ta luôn bất đồng, ở mọi thứ?",YK5J6STXcv4,41004,127
358,3.24,False,quynhrinko,207,False,692,False,887,0.0591,False,True,False,True,False,False,False,False,47,8,4242,0,,False,2025-08-11T13:01:20Z,kinh tế giải thích,52000,Thập kỷ quan trọng nhất cuộc đời bạn,gpNOCLTchXY,75328,210
375,3.04,False,quynhrinko,387,False,2186,False,584,0.0448,True,True,False,True,False,False,False,True,37,9,2780,0,,False,2025-07-25T12:31:21Z,kinh tế giải thích,52000,"GDP tăng, xã hội có thật sự giàu lên?",zP-q4GhE8Dc,70764,189
395,1.1,False,quynhrinko,146,True,1246,False,582,0.0538,False,True,False,True,False,False,False,False,35,8,1229,0,,False,2025-07-05T12:00:37Z,kinh tế giải thích,52000,SỰ THẬT việc AI khiến bạn DỐT đi,Jbe7s4y60xc,25565,65
416,4.95,False,quynhrinko,672,False,1187,False,593,0.069,False,True,False,True,False,False,False,True,70,11,7280,0,,False,2025-06-14T12:00:22Z,kinh tế giải thích,52000,"Tại sao một số người thành công, một số người không?",ECkqVC6Cipg,115195,277
435,17.57,False,quynhrinko,1511,False,1732,False,713,0.0441,False,True,False,True,True,False,False,False,50,10,16532,0,even,False,2025-05-25T17:50:42Z,kinh tế giải thích,52000,Lý thuyết Nobel Kinh tế 2024 (giải thích đơn giản),WOFo7pE7rNI,408779,940
450,0.22,False,quynhrinko,48,False,1746,False,485,0.0573,False,False,False,True,False,False,False,True,41,7,244,0,,False,2025-05-10T17:30:01Z,kinh tế giải thích,52000,"Google, Facebook có đang nghe lén bạn?",1cJ0Wl2pImQ,5092,11
464,0.27,False,quynhrinko,38,False,1380,False,611,0.059,False,True,False,True,False,False,False,True,36,8,339,0,,False,2025-04-27T13:11:50Z,kinh tế giải thích,52000,Chúng ta có đang hiểu sai về AI?,qfyjVnX-QgQ,6387,14
472,5.29,False,quynhrinko,367,True,1154,False,492,0.0504,False,True,False,True,False,False,False,False,33,8,5830,0,,False,2025-04-19T12:01:27Z,kinh tế giải thích,52000,Sự thật về THỐI NÃO do VIDEO NGẮN,kjHzeYGKK9U,123057,261
576,0.13,False,quynhrinko,12,False,582,False,535,0.0558,False,False,False,True,True,False,False,False,38,8,162,0,odd,False,2025-01-05T12:01:11Z,kinh tế giải thích,52000,Biến 2025 thành năm thành công của bạn,s2cFKxBBGIM,3118,5
646,0.26,False,quynhrinko,19,False,745,False,547,0.0349,False,False,False,True,False,False,False,True,33,7,195,0,,False,2024-10-27T12:30:22Z,kinh tế giải thích,52000,Lương bao nhiêu thì mua được nhà?,HuwUcRHkmyU,6130,9
723,0.08,False,quynhrinko,8,False,922,False,406,0.0498,False,True,False,True,False,False,False,True,49,11,90,0,,False,2024-08-11T13:15:27Z,kinh tế giải thích,52000,Quyết định của FED ảnh hưởng đến bạn như thế nào?,bq0w5hAoids,1967,3
751,0.15,False,quynhrinko,2,False,1053,False,861,0.0499,False,False,False,True,False,False,False,True,30,7,174,0,,False,2024-07-14T12:30:30Z,kinh tế giải thích,52000,A.I có thể thay thế bạn không?,r0-qSrUmgVQ,3525,5
779,0.27,False,quynhrinko,15,False,1220,False,461,0.0417,False,False,False,False,True,False,False,False,55,12,249,0,odd,False,2024-06-16T12:30:26Z,kinh tế giải thích,52000,7 cách khiến bạn thu hút hơn (theo nghiên cứu khoa học),tRgpejMzbtA,6328,8
800,0.37,False,quynhrinko,24,False,625,False,577,0.0664,False,True,False,True,True,False,False,False,37,7,545,0,even,False,2024-05-26T12:30:22Z,kinh tế giải thích,52000,Việc 12 tháng làm trong 12 tuần,Px7vaKx9XCI,8574,11
821,0.9,False,quynhrinko,53,False,1028,False,1060,0.0474,False,True,False,False,False,False,False,False,70,12,940,0,,False,2024-05-05T12:30:22Z,kinh tế giải thích,52000,Giải thích đơn giản: Ví điện tử kiếm tiền như thế nào,doyh2D1xwwQ,20971,26
856,0.15,False,quynhrinko,9,False,781,False,422,0.0493,False,True,False,True,True,False,False,True,45,7,160,0,odd,False,2024-03-31T13:30:22Z,kinh tế giải thích,52000,Tiết kiệm 5 triệu/tháng thì làm gì?,X2b7M3XhZyo,3425,4
870,0.2,False,quynhrinko,16,False,1013,False,537,0.0573,False,True,False,True,False,False,False,True,54,10,252,0,,False,2024-03-17T12:30:01Z,kinh tế giải thích,52000,Tại sao quyết định của bạn không nằm ở bạn?,aQjg5NheLOA,4679,5
940,0.53,False,quynhrinko,61,False,698,False,612,0.0492,False,True,False,False,True,False,False,False,47,10,546,0,odd,False,2024-01-07T12:30:27Z,kinh tế giải thích,52000,5 bài học sau 3 năm đầu tư chứng khoán,v8FmyiIdPt0,12343,13
975,0.19,True,quynhrinko,21,False,494,False,392,0.0526,False,False,False,False,False,False,False,False,28,5,210,0,,False,2023-12-03T13:00:01Z,kinh tế giải thích,52000,Chênh Vênh Hậu Tốt Nghiệp...,1FD30ao0fNY,4391,5
1248,0.24,False,quynhrinko,17,False,737,False,430,0.0543,False,True,False,False,False,False,False,False,33,6,283,0,,False,2023-03-05T13:00:12Z,kinh tế giải thích,52000,Giá như mình biết sớm hơn,JkqnEazt5BY,5526,4
3,0.4,False,360 Khám Phá,13,False,1529,False,1374,0.0106,False,True,False,False,True,True,False,True,83,21,89,25,odd,False,2026-08-01T12:27:08Z,top 10 sự thật,51800,Tại Sao Lăng Mộ Tần Thủy Hoàng Còn Đáng Sợ Hơn Cả Kim Tự Tháp? | 5 Bí Ẩn Kinh Hoàng,_HtZQmFJePo,9668,3223
7,2.1,False,360 Khám Phá,27,False,1993,False,1681,0.0118,False,True,False,False,True,True,False,True,81,21,567,29,odd,False,2026-07-28T12:12:28Z,top 10 sự thật,51800,Tại Sao Nam Cực Còn Đáng Sợ Hơn Cả Sa Mạc Sahara? | 7 Bí Ẩn Kinh Hoàng Về Nam Cực,jgpQyOcjPbs,50320,7189
14,9.82,False,360 Khám Phá,97,False,1568,False,1366,0.0069,False,True,False,False,True,True,False,True,72,18,1532,28,odd,False,2026-07-21T12:06:56Z,top 10 sự thật,51800,Tại Sao Sa Mạc Sahara Còn Đáng Sợ Hơn Cả Đại Dương? | 7 Bí Ẩn Kinh Hoàng,jMMdtpZqHRw,235127,16795
21,0.33,False,360 Khám Phá,15,False,1651,False,968,0.0136,False,True,False,False,True,False,False,True,68,15,94,25,odd,False,2026-07-14T12:03:34Z,top 10 sự thật,51800,Trung Quốc Khoan Hố Sâu Điều Gì Thực Sự Ẩn Dưới Hố Khoan 11.000 Mét?,CxeJYdWqBf4,8007,381
24,0.11,False,360 Khám Phá,5,False,1572,False,870,0.0203,False,True,False,False,True,False,False,True,58,12,49,23,odd,False,2026-07-11T12:20:13Z,top 10 sự thật,51800,Vạn Lý Trường Thành: Nghĩa Địa 1 Triệu Người Bị Lãng Quên?,oe5HHmDbdVc,2656,111
27,6.45,False,360 Khám Phá,87,False,1166,False,464,0.005,False,True,False,False,False,False,False,True,67,16,683,23,,False,2026-07-08T05:10:21Z,top 10 sự thật,51800,Vỡ Đập Nam Ninh: Lời Cảnh Báo Cho Kịch Bản Sụp Đổ Của Đập Tam Hiệp?,t_7IpdrIG3g,154304,5715
28,0.36,False,360 Khám Phá,4,True,1436,False,910,0.0132,False,True,False,False,False,False,False,True,49,11,108,24,,False,2026-07-07T12:23:16Z,top 10 sự thật,51800,Vì Sao Nepal Không Muốn Thế Giới Biết Bí Mật Này?,DROPkXwonZE,8510,304
32,0.22,False,360 Khám Phá,2,True,1303,False,693,0.0093,False,True,False,False,False,False,False,True,75,19,47,28,,False,2026-07-03T12:06:25Z,top 10 sự thật,51800,Sự Thật Về Những Bí Ẩn Tây Tạng – Điều Gì Đã Tạo Nên Vùng Đất Huyền Bí Này?,mU8EkSulmqw,5247,164
35,2.31,False,360 Khám Phá,13,False,1555,False,1216,0.0136,False,True,False,False,True,False,False,False,62,13,738,30,even,False,2026-06-30T12:25:30Z,top 10 sự thật,51800,Yacumama — Con Rắn Khổng Lồ 30m Đang Trốn Sâu Dưới Sông Amazon,IhX_Lt0kXow,55272,1579
38,3.68,False,360 Khám Phá,30,False,1823,False,1330,0.0054,False,True,False,False,True,False,False,False,60,16,449,29,odd,False,2026-06-27T12:20:37Z,top 10 sự thật,51800,7 Lăng Mộ Bí Ẩn Nhất Thế Giới — Có Một Nơi Ngay Tại Việt Nam,eIMbNQZVYXk,88080,2318
42,4.94,False,360 Khám Phá,41,False,1805,False,1477,0.0076,False,True,False,False,True,True,False,False,75,18,852,25,odd,False,2026-06-23T12:37:45Z,top 10 sự thật,51800,Bí Ẩn Thế Giới: Sông Nile Nguy Hiểm Hơn Amazon & Congo | 9 Bí Ẩn Kinh Hoàng,RKS_LokS-8g,118245,2815
45,0.4,False,360 Khám Phá,13,False,1575,False,1167,0.0087,False,True,False,False,True,False,False,False,91,22,71,27,odd,False,2026-06-20T12:21:18Z,top 10 sự thật,51800,Địa Ngục Trần Gian Côn Đảo — 7 Bí Ẩn Rùng Rợn Khiến Người Việt Nam Ám Ảnh Suốt Nhiều Thế Hệ,bWI7hS_GCbA,9638,214
49,8.85,False,360 Khám Phá,64,False,2029,False,1614,0.0061,False,True,False,False,True,False,False,True,58,14,1221,29,odd,False,2026-06-16T12:10:10Z,top 10 sự thật,51800,9 Bí Ẩn Sông Mê Kông Kinh Hoàng — Nguy Hiểm Hơn Cả Amazon?,OC2O2pnJbqk,211740,4321
54,1.14,False,360 Khám Phá,36,True,1018,False,1533,0.0131,False,True,False,False,True,True,False,False,100,24,321,24,odd,False,2026-06-11T12:20:21Z,top 10 sự thật,51800,Truy Tìm 5 Địa Điểm Ma Ám Tại Sài Gòn | Những Bí Mật Rùng Rợn Khiến Người Dân Địa Phương Cũng E Ngại,X8g6F0dVarM,27285,505
105,0.62,False,360 Khám Phá,5,True,949,False,599,0.007,False,True,False,False,True,False,False,True,71,16,98,21,even,False,2026-04-21T11:27:59Z,top 10 sự thật,51800,Sự thật chấn động về Lăng mộ Vua Quang Trung: 200 năm đánh lừa lịch sử?,nfKrZmz8h2M,14806,141
108,7.4,False,360 Khám Phá,119,False,1867,False,1490,0.0113,False,True,False,True,True,False,False,False,89,24,1881,23,odd,False,2026-04-18T12:01:03Z,top 10 sự thật,51800,"Bí ẩn Núi Cấm - Giải Mã 7 Bí Ẩn Ở Thất Sơn An Giang - Mãng Xà Thần, Kho Báu Và Lời Nguyền",aN9NhFvjlQI,177081,1640
111,0.91,False,360 Khám Phá,29,False,1194,False,1459,0.0135,False,True,False,True,False,False,False,True,58,13,264,27,,False,2026-04-15T10:46:51Z,top 10 sự thật,51800,Sau Khi Chết… Đây Là Những Gì Con Người Thực Sự Nhìn Thấy?,N6NPlbP6qwc,21664,195
114,0.19,False,360 Khám Phá,1,False,1669,False,944,0.0105,False,True,False,False,True,False,False,True,90,21,47,28,even,True,2026-04-12T11:11:25Z,top 10 sự thật,51800,Xác Tàu Cổ Chứa 2200 Đồng Vàng Và 20 Tấn Đồng: Vì Sao 250 Thủy Thủ Biến Mất Không Dấu Vết?,yi0JuoTb-_M,4561,40
118,0.6,False,360 Khám Phá,5,False,1692,False,1260,0.0072,False,True,False,False,True,True,False,False,66,16,98,29,odd,False,2026-04-08T12:06:16Z,top 10 sự thật,51800,7 Bí Ẩn Có Thật Khiến Khoa Học Không Thể Giải Thích | 360 KHÁM PHÁ,Ld8imxk039k,14358,122
122,1.74,False,360 Khám Phá,32,False,1113,False,1541,0.0126,False,True,False,False,True,False,False,False,61,15,495,19,even,False,2026-04-04T11:01:45Z,top 10 sự thật,51800,6 NƠI ĐÁNG SỢ NHẤT VIỆT NAM – Người Bản Địa Không Dám Lại Gần,R_97E0TPb5w,41716,342
125,0.27,False,360 Khám Phá,11,False,786,False,1251,0.016,False,True,False,False,True,False,False,False,63,15,92,26,odd,False,2026-04-01T10:55:41Z,top 10 sự thật,51800,Top 5 Phát Hiện Khảo Cổ Chấn Động Nhất 2026 Khoa Học Vẫn Bó Tay,kAm0ul-ud9c,6456,52
130,0.3,False,360 Khám Phá,7,True,791,False,929,0.0133,False,True,False,False,True,False,False,True,71,18,90,26,even,False,2026-03-27T12:18:06Z,top 10 sự thật,51800,Bí Mật 800 Năm Của Lăng Mộ Thành Cát Tư Hãn — Tại Sao Không Ai Dám Tìm?,J7odfLYoC_M,7296,56
134,9.15,False,360 Khám Phá,171,True,976,False,1212,0.0044,False,True,False,True,True,False,False,False,68,18,791,26,even,False,2026-03-23T12:03:29Z,top 10 sự thật,51800,6 Người Đột Tử Bí Ẩn Trong Căn Nhà Ma – 20 Năm Không Ai Dám Bước Vào,sBZyzZCOs3Q,219019,1634
140,1.09,False,360 Khám Phá,5,False,972,False,1810,0.0119,False,True,False,False,True,False,False,False,77,20,308,25,odd,False,2026-03-17T12:09:41Z,top 10 sự thật,51800,7 NƠI Ở VIỆT NAM MÀ NGƯỜI BẢN ĐỊA KHÔNG DÁM ĐẾN – Có Nơi Khoa Học Cũng Bó Tay,A_IPkFrVFfs,26207,187
143,0.58,False,360 Khám Phá,8,False,904,False,1605,0.0092,False,True,False,False,True,False,False,False,62,16,120,25,odd,False,2026-03-14T12:14:52Z,top 10 sự thật,51800,TOP 5 Bí Ẩn Khảo Cổ Có Thật Ở Việt Nam Khiến Ai Cũng Rùng Mình,vWBIC4XDRSQ,13880,97
147,1.42,False,360 Khám Phá,14,True,1253,False,974,0.0154,False,True,False,False,False,False,False,False,54,13,511,22,,False,2026-03-10T13:15:07Z,top 10 sự thật,51800,BÍ MẬT KHỔNG LỒ BÊN TRONG KIM TỰ THÁP VỪA BỊ PHÁT HIỆN,hJy7In_m7xk,34027,231
151,4.3,False,360 Khám Phá,34,False,988,False,1412,0.0058,False,True,False,False,True,False,False,False,54,14,559,22,odd,False,2026-03-06T11:11:50Z,top 10 sự thật,51800,TOP 7 Bí Ẩn Có Thật Ở Việt Nam Khiến Ai Cũng Rùng Mình,EPbzZ9JfryQ,102815,681
152,0.18,False,360 Khám Phá,0,False,0,False,81,0.0095,False,False,False,False,True,False,False,False,76,13,40,7,even,False,2026-03-05T11:27:48Z,top 10 sự thật,51800,Gen người hiện đại có từ loài người bí ẩn Denisovan  #360khampha #bianlichsu,r1z93pLwrtI,4207,28
155,0.87,False,360 Khám Phá,,False,1107,False,1104,0.0076,False,True,False,False,True,False,False,False,62,15,158,23,odd,False,2026-03-02T11:47:15Z,top 10 sự thật,51800,5 Cổ Vật Có Thật Ở Việt Nam Nhưng Lịch Sử Không Giải Thích Nổi,Piu3QQm97vk,20790,134
160,3.75,False,360 Khám Phá,25,False,1378,False,2121,0.0114,False,True,False,False,True,False,False,False,63,15,994,26,even,False,2026-02-25T12:31:47Z,top 10 sự thật,51800,10 Phát Hiện Khảo Cổ MỚI NHẤT Làm Thay Đổi Cách Nhìn Về Lịch Sử,rmlTV5srayU,89730,561
191,0.23,False,JollyMolly,55,False,2355,False,1488,0.0704,False,True,False,False,False,False,False,False,74,18,456,21,,False,2026-01-25T03:10:29Z,tâm lý học,50600,Tâm lý học Nhân văn - Hiện sinh: Cú lật Lịch sử thay đổi cách ta hiểu mình,7Xn4ccJ2j7Y,7260,38
409,0.36,False,JollyMolly,70,False,1051,False,1011,0.0609,False,True,False,True,True,False,False,False,41,11,618,25,even,False,2025-06-21T01:50:38Z,tâm lý học,50600,4 mặt tối của AI & cách sống chung với nó,-pu61ftol8c,11301,28
451,0.45,False,JollyMolly,28,False,351,False,360,0.0602,False,True,False,False,False,False,False,False,39,9,837,25,,False,2025-05-10T11:30:46Z,tâm lý học,50600,Dám Bị Ghét để Thôi Làm Tổn Thương Mình,teJKbqeNw9U,14371,32
478,0.9,False,JollyMolly,58,False,1079,False,329,0.0523,False,False,False,False,False,False,False,False,59,13,1424,17,,False,2025-04-12T16:03:32Z,tâm lý học,50600,Hiệu ứng tâm lý giúp bạn nổi bật… hoặc bị ghét như Umbridge,UpHiwRlJVfg,28348,59
515,22.84,False,JollyMolly,263,False,1973,False,642,0.0411,False,True,False,True,True,False,False,False,61,14,29449,20,even,False,2025-03-07T11:54:31Z,tâm lý học,50600,6 hiệu ứng tâm lý giúp bạn CUỐN HÚT hơn (khoa học chứng minh),x7iwq67gAdk,722665,1403
544,0.3,False,JollyMolly,41,False,23,False,342,0.0547,False,False,False,False,False,False,False,False,16,3,479,7,,False,2025-02-06T12:30:34Z,tâm lý học,50600,Cách mình makeup,WJcciwFbygI,9510,17
568,1.0,False,JollyMolly,62,False,843,False,542,0.0538,False,False,False,True,True,False,False,False,42,10,1641,23,odd,False,2025-01-13T12:59:51Z,tâm lý học,50600,15 dấu hiệu bạn đang sống tốt hơn bạn nghĩ,qV_YDdQjW5I,31638,56
589,0.44,False,JollyMolly,78,False,428,False,541,0.0663,False,False,False,False,False,False,False,False,30,7,854,17,,False,2024-12-23T12:18:20Z,tâm lý học,50600,Hygge và những niềm vui nhỏ bé,rxnsKZku7Hs,14058,24
629,3.83,False,JollyMolly,245,False,663,False,998,0.0563,False,False,False,False,True,False,False,False,18,5,6583,19,even,False,2024-11-13T12:00:55Z,tâm lý học,50600,28 bài học tuổi 28,lGp26mJBSPI,121214,193
658,1.05,False,JollyMolly,147,False,350,False,599,0.0511,False,False,False,False,False,False,False,True,24,5,1555,14,,False,2024-10-15T11:38:49Z,tâm lý học,50600,Làm YouTube thì được gì?,vg0AwV__JFQ,33288,51
686,2.01,False,JollyMolly,115,False,728,False,799,0.047,False,True,False,True,False,False,False,False,57,13,2880,19,,False,2024-09-17T11:56:17Z,tâm lý học,50600,Cách đơn giản hoá cuộc sống để hạnh phúc và năng suất hơn,DZ2odvEsZFs,63714,93
713,0.77,False,JollyMolly,82,False,1405,False,633,0.0523,False,True,True,True,True,False,False,False,28,8,1194,22,odd,False,2024-08-21T12:07:36Z,tâm lý học,50600,Hồ sơ du học Phần Lan 2025 ✨,5Aw1z0-2sS4,24403,34
728,0.5,False,JollyMolly,62,False,831,False,440,0.0687,False,True,False,True,False,False,False,False,54,11,1022,17,,False,2024-08-06T12:01:57Z,tâm lý học,50600,"Cách TRANH LUẬN thông minh, văn minh & không linh tinh",sT7IgnaoRqk,15779,22
748,1.28,False,JollyMolly,146,False,794,False,780,0.0714,False,False,False,True,True,False,False,False,62,14,2753,23,odd,False,2024-07-17T12:51:35Z,tâm lý học,50600,7 kỹ năng giúp mình an toàn trong thời kỳ khủng hoảng việc làm,cGoiZ964vFE,40608,54
761,0.89,False,JollyMolly,96,False,951,False,619,0.0477,False,False,False,True,False,False,False,False,62,15,1253,16,,False,2024-07-04T12:20:21Z,tâm lý học,50600,Mặt tối ở Phần Lan: Những khó khăn du học sinh có thể gặp phải,Pl67f51Vmos,28283,37
773,1.09,False,JollyMolly,141,False,1095,False,752,0.0565,False,False,False,True,True,False,False,False,72,17,1816,16,odd,False,2024-06-21T16:02:11Z,tâm lý học,50600,Phần Lan: Thêm 5 lý do mình và người dân nơi đây hạnh phúc (18+ xíu xiu),t_yX2kpq9b4,34625,45
783,1.09,False,JollyMolly,152,False,676,False,574,0.0631,False,False,False,False,True,False,True,True,46,13,2035,10,odd,False,2024-06-12T08:25:19Z,tâm lý học,50600,Bạn hay buồn vô cớ? 7 điều này có thể là lý do,jZZb6XJDMmU,34642,44
795,3.83,False,JollyMolly,629,False,684,False,1162,0.0699,False,False,False,True,True,False,False,False,54,14,7843,15,odd,False,2024-05-31T15:15:08Z,tâm lý học,50600,5 điều về hạnh phúc mình học được sau 5 năm ở Phần Lan,q-R-RiGnHzo,121228,152
809,14.64,False,JollyMolly,718,False,1191,False,706,0.0556,False,False,False,True,False,False,False,True,59,13,25018,16,,False,2024-05-17T13:32:04Z,tâm lý học,50600,Tại sao giữ kín mục tiêu thường giúp bạn dễ thành công hơn?,SD01-20HdSU,463290,573
822,0.6,False,JollyMolly,56,False,1321,False,571,0.039,False,False,False,True,False,False,False,False,55,12,683,15,,False,2024-05-04T14:15:39Z,tâm lý học,50600,Đừng trở thành nạn nhân của giảm cân cấp tốc (như mình),T42xrN3LzII,18957,23
828,5.09,False,JollyMolly,268,False,462,False,1004,0.0408,False,False,False,False,True,False,False,False,60,12,6307,21,even,False,2024-04-27T15:50:09Z,tâm lý học,50600,"Cách mình giảm 20kg (đơn giản, không nhịn ăn, không mệt mỏi)",jc484HG3AFk,160962,194
2848,0.2,False,WoundedDuck,5,False,100,False,223,0.0127,False,False,False,True,False,False,False,False,42,9,100,13,,False,2018-10-16T20:38:57Z,motivation speech,48700,Clone - Wasting Time (Nav & Yung Gud Type),lPC2EAFyXKE,8254,3
3233,0.04,False,WoundedDuck,2,False,53,False,319,0.0171,False,False,False,True,False,False,False,False,16,3,23,9,,False,2017-09-26T17:30:36Z,motivation speech,48700,Clone - Aquafina,3kLRUJjEemc,1460,0
4079,0.15,False,WoundedDuck,8,False,35,False,36,0.0054,False,False,False,False,True,False,False,False,31,8,25,16,odd,False,2015-06-04T01:18:53Z,motivation speech,48700,365 x 4 Sumo Deadlift @ 173 lbs,zenkx-CbYwU,6096,1
4079,0.08,False,WoundedDuck,4,False,149,False,18,0.0111,False,True,False,False,True,False,False,False,43,10,31,19,even,False,2015-06-04T00:36:56Z,motivation speech,48700,420 LB Sumo Deadlift @ 173 lbs 19 years old,uumJ6pX1E_M,3159,1
4392,0.18,False,WoundedDuck,6,False,210,False,268,0.0121,False,False,False,True,False,False,False,False,39,7,84,25,,False,2014-07-26T14:57:15Z,motivation speech,48700,Grabbitz - Here With You Now [Drumstep],nJj08KPfafQ,7457,2
4683,525.1,False,WoundedDuck,5776,False,1571,False,3438,0.0073,False,False,False,True,True,False,False,False,55,9,149472,44,odd,False,2013-10-08T13:14:04Z,motivation speech,48700,1 Hour Long Workout Motivational Speech/ Epic Music Mix,A6OwnNe9nMU,21269067,4542
4743,1.0,False,WoundedDuck,21,False,432,False,276,0.0071,False,False,False,True,True,False,False,False,39,8,265,35,even,False,2013-08-09T01:10:45Z,motivation speech,48700,MitiS - Life Of Sin Pt.4 (Original Mix),KV1RZQrPPj4,40505,9
4746,2.42,False,WoundedDuck,93,False,1448,False,3898,0.0091,False,False,False,True,True,False,False,False,64,11,795,33,odd,False,2013-08-05T16:28:37Z,motivation speech,48700,1 Hour Long Rameses B Liquid Dubstep/ Chillstep/ DnB Mix [1080P],ebQ3PPkoNbA,97908,21
4825,6.79,False,WoundedDuck,227,False,461,False,3684,0.0091,False,True,False,True,True,False,False,False,43,9,2283,36,odd,False,2013-05-18T20:35:09Z,motivation speech,48700,1 Hour Long Kill Paris Dubstep Mix HD 1080P,nvaIY2uP7jI,274832,57
4856,14.99,False,WoundedDuck,572,False,1178,False,4078,0.0102,False,False,False,True,True,False,False,False,49,8,5620,20,odd,False,2013-04-18T11:57:04Z,motivation speech,48700,1 Hour Long MitiS Dubstep/ Chillstep/ Electro Mix,S_BzmU8GWTo,607342,125
4878,0.06,False,WoundedDuck,3,False,482,False,62,0.0206,False,True,False,True,True,False,False,False,41,7,51,28,even,False,2013-03-26T16:02:28Z,motivation speech,48700,[SICK] Hockey Shooting Edit - 100 Videos!,dJevxplsGTI,2625,1
4908,4.82,False,WoundedDuck,92,False,233,False,56,0.0043,False,True,False,True,True,False,False,False,75,11,738,29,even,False,2013-02-24T20:58:24Z,motivation speech,48700,Zdeno Chara SICK Spin-O-Rama Goal Against Florida Panthers 2/24/13 HD 1080P,P7OmPAidBJc,195152,40
5036,24.48,False,WoundedDuck,1213,False,1335,False,4328,0.0084,False,False,False,True,True,False,False,False,35,6,7155,18,odd,False,2012-10-19T20:30:34Z,motivation speech,48700,1 Hour Long Blackmill Chillstep Mix,VnSPJap_6fc,991530,197
1,0.09,False,Thư Thong Thả,2,False,0,False,16,0.0043,False,False,False,False,False,False,False,False,33,8,91,0,,False,2026-08-04T11:44:58Z,tâm lý học,48300,Khi ai cũng mong có người vấp cát,rFFIi_EHC90,21870,21870
1,1.38,False,Thư Thong Thả,77,False,0,False,15,0.0128,False,False,False,False,False,False,False,False,28,7,4037,0,,False,2026-08-04T04:30:24Z,tâm lý học,48300,Chị em họ lâu ngày không gặp,sF1VfPnYvro,320453,320453
1,2.54,False,Thư Thong Thả,22,False,0,False,21,0.0066,False,False,False,False,False,False,False,False,45,11,3873,0,,False,2026-08-03T11:30:06Z,tâm lý học,48300,Lên nhà giáo viện chủ nhiệm ở luôn là có thật,j2bzAw3uY0Q,590596,590596
1,1.02,False,Thư Thong Thả,16,False,0,False,17,0.0043,False,False,False,False,False,False,False,False,21,5,1003,0,,False,2026-08-03T05:18:53Z,tâm lý học,48300,Bổn cung mỏi mồm quá!,BH-um-pd-VI,238298,238298
2,1.1,False,Thư Thong Thả,9,False,0,False,18,0.006,False,False,False,False,False,False,False,False,25,6,1531,0,,False,2026-08-02T11:30:12Z,tâm lý học,48300,Chụp ảnh với chim rất khó,dsTZA0vpzho,255763,127882
2,0.41,False,Thư Thong Thả,2,False,0,False,17,0.0032,False,False,False,False,False,False,False,False,26,6,300,0,,False,2026-08-02T04:30:21Z,tâm lý học,48300,Ngôi nhà sáng nhất đêm nay,XOqdcZtyN20,95731,47866
3,0.12,False,Thư Thong Thả,1,True,0,False,17,0.0023,False,False,False,False,False,False,False,False,27,6,65,0,,False,2026-08-01T11:30:36Z,tâm lý học,48300,Làm sỹ vương mà không thành,INUzBx2Yo3M,29085,9695
3,6.13,False,Thư Thong Thả,25,False,0,False,17,0.0047,False,True,False,False,False,False,False,False,27,8,6649,0,,False,2026-08-01T04:30:25Z,tâm lý học,48300,Khi con gái xui mẹ đẻ em bé,99pTTuPN3_E,1429193,476398
4,0.18,False,Thư Thong Thả,3,False,0,False,23,0.0041,False,False,False,False,False,False,False,False,39,9,171,0,,False,2026-07-31T11:30:17Z,tâm lý học,48300,Người bố nến trải tuổi thơ nhờ con trai,2BDIqFAlwQQ,42882,10720
4,0.21,False,Thư Thong Thả,2,False,0,False,14,0.0056,False,False,False,False,False,False,False,False,28,7,266,0,,False,2026-07-31T04:30:10Z,tâm lý học,48300,Anh hai siêu đầu bếp trổ tài,uLoAK6p0EhU,47935,11984
5,1.45,False,Thư Thong Thả,11,False,0,False,19,0.0058,False,False,False,False,False,False,False,False,41,9,1956,0,,False,2026-07-30T11:30:20Z,tâm lý học,48300,Huy động hàng trăm người vác rạp đám cưới,OEyyyJElcNg,336940,67388
5,0.98,False,Thư Thong Thả,1,False,0,False,13,0.0031,False,False,False,False,False,False,True,False,40,9,712,0,,False,2026-07-30T04:30:33Z,tâm lý học,48300,Thương xe máy hơn hay thương Anh Tây hơn,XH1FKuti9T8,227634,45527
6,0.73,False,Thư Thong Thả,4,False,0,False,18,0.0037,False,True,False,False,False,False,False,False,26,7,615,0,,False,2026-07-29T11:30:29Z,tâm lý học,48300,Khi cả lớp đã chán nghỉ hè,Oyof-L6yiow,169489,28248
6,0.24,False,Thư Thong Thả,1,False,0,False,16,0.002,False,False,False,False,False,False,False,False,25,6,108,0,,False,2026-07-29T04:30:05Z,tâm lý học,48300,Trị sếp lười làm lướt web,8koTwWD65bE,55754,9292
7,9.55,False,Thư Thong Thả,77,False,0,False,18,0.0048,False,False,False,False,False,False,False,False,26,6,10620,0,,False,2026-07-28T11:30:21Z,tâm lý học,48300,Hai cô gái thử làm shipper,xNpHVZdogqo,2223936,317705
7,5.32,False,Thư Thong Thả,24,False,0,False,19,0.0056,False,False,False,False,False,False,False,False,20,4,6919,0,,False,2026-07-28T04:30:32Z,tâm lý học,48300,Anh shipper lém lỉnh,p5W9wwRT3XM,1239512,177073
8,5.36,False,Thư Thong Thả,122,False,0,False,16,0.0072,False,False,False,False,False,False,False,False,34,9,8897,0,,False,2026-07-27T11:30:20Z,tâm lý học,48300,Em trai tâm lý nấp sau chị đưa quà,fQEc97glI8E,1247554,155944
8,0.13,False,Thư Thong Thả,3,False,0,False,19,0.0044,False,True,False,False,False,False,False,False,32,7,134,0,,False,2026-07-27T04:30:08Z,tâm lý học,48300,Bị hủy chuyển nhưng vẫn thấy vui,C2e5C71G5zE,31045,3881
9,7.19,False,Thư Thong Thả,153,False,0,False,18,0.0048,False,False,False,False,False,False,False,False,44,11,7876,0,,False,2026-07-26T11:30:03Z,tâm lý học,48300,Lúc đi thì háo hức nhưng lên xe là biết nhau,Q_FqQkUIVBo,1675521,186169
9,2.68,False,Thư Thong Thả,60,False,0,False,19,0.0056,False,False,False,False,False,False,False,False,25,7,3407,0,,False,2026-07-26T04:30:05Z,tâm lý học,48300,Anh tài xế quen cả xã hội,iRzCbvmhyWc,623226,69247
10,5.71,False,Thư Thong Thả,19,False,0,False,19,0.0026,False,False,False,False,False,False,False,False,33,8,3445,0,,False,2026-07-25T11:30:39Z,tâm lý học,48300,Trung bình mua tạp hóa ở miền Tây,3qDAfW47e6E,1329165,132916
10,0.82,False,Thư Thong Thả,5,True,0,False,17,0.0027,False,False,False,False,False,False,False,False,32,7,516,0,,False,2026-07-25T04:30:21Z,tâm lý học,48300,may mà không phải trái sầu riêng,hZre_5btkGQ,191471,19147
11,20.17,False,Thư Thong Thả,931,False,0,False,14,0.0069,False,False,False,False,False,False,False,True,36,9,31725,0,,False,2026-07-24T11:30:32Z,tâm lý học,48300,Tại sao nhận hàng lại phải cắn cổ áo,nHeCijdaToM,4699566,427233
11,0.14,False,Thư Thong Thả,1,False,0,False,15,0.0022,False,False,False,False,False,False,False,False,34,8,69,0,,False,2026-07-24T04:30:12Z,tâm lý học,48300,Lớn rồi còn tranh nhau trò con nít,Q6SpUkhpfus,32291,2936
12,2.07,False,Thư Thong Thả,14,False,0,False,15,0.0025,False,True,False,False,False,False,False,False,41,10,1203,0,,False,2026-07-23T11:30:07Z,tâm lý học,48300,Cô cháu gái tinh tế nhưng bà lại phụ lòng,1UV-fq_CFUI,482852,40238
12,5.77,False,Thư Thong Thả,90,False,0,False,16,0.0031,False,False,False,False,False,False,False,False,27,7,4047,0,,False,2026-07-23T04:30:22Z,tâm lý học,48300,Học như vậy là chưa tài đâu,UCqelsHhCek,1344737,112061
13,0.12,False,Thư Thong Thả,6,False,0,False,18,0.0084,False,True,False,False,False,False,False,True,32,8,230,0,,False,2026-07-22T11:30:37Z,tâm lý học,48300,Vì sao lại mong cháu nghỉ hè sớm,rW4K8Wa_r1k,27955,2150
13,0.83,False,Thư Thong Thả,7,False,0,False,18,0.0075,False,False,False,False,False,False,False,False,19,4,1453,0,,False,2026-07-22T04:30:11Z,tâm lý học,48300,Góc quay triệu view,ti0Ap7ruT5I,193429,14879
14,0.19,False,Thư Thong Thả,2,False,0,False,17,0.0033,False,False,False,False,False,False,False,False,35,8,144,0,,False,2026-07-21T12:10:32Z,tâm lý học,48300,Đừng thử trend này nhé khối nghỉ hè,4PLuug_Ua-8,44390,3171
14,0.34,False,Thư Thong Thả,8,False,0,False,18,0.0114,False,True,False,False,False,False,False,False,32,7,902,0,,False,2026-07-21T04:30:25Z,tâm lý học,48300,Chú chó tiếc thương chủ đã khuất,i-iIzFEusj4,79499,5678
968,2.75,False,Phú Nguyễn,25,False,2319,False,1474,0.0832,False,False,False,True,False,True,False,False,59,12,78,14,,False,2023-12-10T03:04:58Z,đầu tư chứng khoán,48100,Vlog chứng khoán | Cẩn trọng hội nhóm Chứng khoán trên mạng,Vgjqmhbga7Q,1238,1
971,0.75,False,Phú Nguyễn,5,False,4650,False,408,0.0529,False,True,False,True,True,False,False,False,56,10,13,16,odd,False,2023-12-07T10:58:27Z,đầu tư chứng khoán,48100,Phiên ngày 7/12/2023 VN-Index nổ lực hồi phục cuối phiên,4Vjpar3vHjo,340,0
972,0.58,False,Phú Nguyễn,4,False,4799,False,575,0.0798,False,False,False,True,True,False,False,False,59,11,17,12,even,False,2023-12-06T11:28:10Z,đầu tư chứng khoán,48100,"Chứng khoán 6/12/2023 Sắc xanh bao trùm, thị trường bứt tốc",1Bnb4N9DvJI,263,0
974,0.58,False,Phú Nguyễn,14,False,3821,False,556,0.1154,False,True,False,True,True,False,False,False,54,9,16,14,even,False,2023-12-04T10:21:29Z,đầu tư chứng khoán,48100,Thị trường ngày 4/12/2023 VN-Index đảo chiều tăng điểm,svlYSj-Qhg0,260,0
975,0.71,False,Phú Nguyễn,5,False,2459,False,1081,0.0745,False,False,False,True,True,False,False,True,55,13,19,13,odd,False,2023-12-03T10:09:59Z,đầu tư chứng khoán,48100,Đầu tư Chứng khoán - VNIndex cuối năm 2023 sẽ thế nào ?,pQBXaM4uzgI,322,0
989,2.12,False,Phú Nguyễn,13,False,2136,False,967,0.0814,False,False,False,True,False,False,False,False,47,10,65,15,,False,2023-11-19T14:00:15Z,đầu tư chứng khoán,48100,"Đầu tư Chứng khoán - Margin, Lướt sóng, Dài hạn",Py8tgaXepVk,958,1
996,1.29,False,Phú Nguyễn,2,False,3329,False,923,0.0724,False,False,False,True,True,False,False,False,60,11,40,15,odd,False,2023-11-12T08:33:25Z,đầu tư chứng khoán,48100,Đầu tư Chứng khoán - Nhận định thị trường tuần 13-17/11/2023,ojCGGwXE9zs,580,1
1003,1.01,False,Phú Nguyễn,0,False,2426,False,1166,0.0703,False,False,False,True,True,False,False,False,59,11,32,15,even,False,2023-11-05T11:30:11Z,đầu tư chứng khoán,48100,Đầu tư Chứng khoán - Nhận định thị trường tuần 6-10/11/2023,1EC6tu5klKk,455,0
1006,0.78,False,Phú Nguyễn,0,False,4266,False,781,0.0739,False,True,False,True,True,False,False,False,62,11,26,15,even,False,2023-11-02T11:00:10Z,đầu tư chứng khoán,48100,VN-Index ngày 2/11/2023 Hồi phục mạnh sau những ngày giảm điểm,XkrTt04waP8,352,0
1011,1.33,False,Phú Nguyễn,4,False,2753,False,960,0.0602,False,True,False,True,True,False,False,True,55,10,32,14,odd,False,2023-10-28T13:00:11Z,đầu tư chứng khoán,48100,VN-Index đầu tháng 11/2023 Vùng 1000-1050 có hồi phục ?,mCIKGQq4JG0,598,1
1017,0.85,False,Phú Nguyễn,2,False,4817,False,512,0.0599,False,False,False,True,True,False,False,False,39,6,21,5,odd,False,2023-10-22T13:00:12Z,đầu tư chứng khoán,48100,Nhận định thị trường tuần 23-27/10/2023,CVnx_s2M4Ic,384,0
1018,1.74,False,Phú Nguyễn,8,False,2694,False,1189,0.0879,False,False,False,True,False,False,False,False,45,9,61,17,,False,2023-10-21T14:00:08Z,đầu tư chứng khoán,48100,Những chiêu thức lừa đảo mạo danh chứng khoán,xA9_EJ80GLI,785,1
1025,1.37,False,Phú Nguyễn,5,False,2439,False,1184,0.071,False,False,False,True,True,False,False,False,60,11,39,13,even,False,2023-10-14T13:30:00Z,đầu tư chứng khoán,48100,Đầu tư Chứng khoán - Nhận định thị trường tuần 16-20/10/2023,a5AZB7-ZS9s,620,1
1030,0.82,False,Phú Nguyễn,6,False,4894,False,786,0.0705,False,True,False,True,True,False,False,False,57,10,20,14,odd,False,2023-10-09T11:30:11Z,đầu tư chứng khoán,48100,Review thị trường ngày 9/10/2023 VN-Index tăng gần 9 điểm,ZbGJ1jHuTw0,369,0
1037,1.23,False,Phú Nguyễn,9,False,4557,False,805,0.074,False,True,False,True,True,False,False,True,51,11,32,13,even,False,2023-10-02T11:30:10Z,đầu tư chứng khoán,48100,Đầu tư Chứng khoán VN-Index Quý 4/2023 sẽ thế nào ?,HdO8umk8u3A,554,1
1042,0.9,False,Phú Nguyễn,3,False,4864,False,499,0.049,False,True,False,True,True,False,False,False,53,10,17,6,odd,False,2023-09-27T11:30:11Z,đầu tư chứng khoán,48100,Phiên 27/9/2023 VN-Index hồi phục sau 4 phiên lao dốc,cGOzV2ZEiWc,408,0
1043,1.1,False,Phú Nguyễn,9,False,2315,False,720,0.0726,False,True,False,True,True,False,False,False,60,10,27,11,even,True,2023-09-26T11:00:11Z,đầu tư chứng khoán,48100,Review thị trường ngày 26/9/2023 VN-Index mất mốc 1.150 điểm,SD5JPr7i4eo,496,0
1044,1.0,False,Phú Nguyễn,1,False,4943,False,680,0.0596,False,True,False,True,True,False,False,False,52,9,26,13,odd,False,2023-09-25T10:26:45Z,đầu tư chứng khoán,48100,Chứng khoán ngày 25/9/2023 VN-Index giảm gần 40 điểm,DA6H0Qix5fc,453,0
1045,1.08,False,Phú Nguyễn,5,False,4326,False,988,0.0758,False,True,False,True,True,False,False,True,62,13,32,10,odd,False,2023-09-24T11:00:12Z,đầu tư chứng khoán,48100,Đầu tư Chứng khoán VN-Index cuối tháng 9/2023 sẽ như thế nào ?,twZWVpetzpE,488,0
1050,0.89,False,Phú Nguyễn,0,False,3989,False,587,0.0821,False,True,False,True,True,False,False,False,59,10,33,9,odd,False,2023-09-19T11:24:39Z,đầu tư chứng khoán,48100,Review thị trường 19/9/2023 VN-Index đóng cửa trên mốc 1200,CiZnHc_r450,402,0
1052,1.23,False,Phú Nguyễn,15,False,2533,False,726,0.0866,False,False,False,True,True,False,False,False,59,11,33,14,even,False,2023-09-17T11:33:25Z,đầu tư chứng khoán,48100,Đầu tư Chứng khoán - Nhận định thị trường tuần 18-22/9/2023,7vlwsabGAZo,554,1
1055,1.0,False,Phú Nguyễn,10,False,4029,False,517,0.0754,False,True,False,True,True,False,False,False,58,10,24,15,even,False,2023-09-14T11:30:12Z,đầu tư chứng khoán,48100,Review thị trường ngày 14/9/2023 VN-Index giảm gần 15 điểm,B3fdP4MtQpM,451,0
1057,0.93,False,Phú Nguyễn,9,False,4579,False,1087,0.1116,False,True,False,True,True,False,False,False,40,7,38,13,even,False,2023-09-12T11:00:09Z,đầu tư chứng khoán,48100,VN-Index ngày 12/9/2023 tăng gần 22 điểm,VKqf4jcX7Uc,421,0
1059,1.52,False,Phú Nguyễn,11,False,2607,False,977,0.073,False,False,False,True,True,False,False,False,59,11,39,12,odd,False,2023-09-10T02:00:07Z,đầu tư chứng khoán,48100,Đầu tư chứng khoán - Nhận định thị trường tuần 11-15/9/2023,RAECcj2wV04,685,1
1062,1.0,False,Phú Nguyễn,2,False,4288,False,619,0.082,False,True,False,True,True,False,False,False,56,10,35,7,odd,False,2023-09-07T10:59:28Z,đầu tư chứng khoán,48100,Review thị trường ngày 7/9/2023 VN-Index giảm hơn 2 điểm,zSoAWX4_1K0,451,0
1063,0.82,False,Phú Nguyễn,2,False,4976,False,519,0.078,False,True,False,True,True,False,False,False,59,10,27,12,even,False,2023-09-06T10:30:08Z,đầu tư chứng khoán,48100,Review thị trường ngày 6/9/2023 VN-Index thiết lập đỉnh mới,2sj2wjkCQlM,372,0
1064,0.89,False,Phú Nguyễn,5,False,4622,False,781,0.0868,False,True,False,True,True,False,False,False,57,10,30,13,odd,False,2023-09-05T11:00:10Z,đầu tư chứng khoán,48100,Review thị trường ngày 5/9/2023 VN-Index tăng gần 11 điểm,qn_8Ij0HH5U,403,0
1065,1.43,False,Phú Nguyễn,10,False,2352,False,1190,0.0927,False,False,False,True,True,False,False,False,60,14,50,15,even,False,2023-09-04T02:00:09Z,đầu tư chứng khoán,48100,Đầu tư Chứng khoán - Nhận định thị trường sau kỳ nghỉ lễ 2/9,uCTbLimILfs,647,1
1070,0.77,False,Phú Nguyễn,5,False,4537,False,614,0.0865,False,True,False,True,True,False,False,False,56,9,25,12,even,False,2023-08-30T10:30:11Z,đầu tư chứng khoán,48100,Review thị trường ngày 30/8/2023 VN-Index đảo chiều tăng,wEqpz5KzF5Q,347,0
1071,0.66,False,Phú Nguyễn,1,False,4386,False,568,0.1003,False,True,False,True,True,False,False,False,57,10,29,12,odd,False,2023-08-29T11:08:35Z,đầu tư chứng khoán,48100,Review thị trường ngày 29/8/2023 VN-Index tăng gần 3 điểm,iFZ6h0TaJQE,299,0
1,0.01,False,Thế Giới Hoang Dã,2,False,3289,False,2844,0.0218,False,True,False,False,False,True,False,False,71,14,16,0,,False,2026-08-04T12:04:54Z,khám phá vũ trụ,47700,Nước Anh Hoang Dã | Khám Phá Thế Giới Động Vật Hoang Dã #thegioidongvat,kwAVD32pM7o,824,824
24,0.3,False,Thế Giới Hoang Dã,18,False,3103,False,2887,0.0078,False,True,False,False,False,False,False,False,62,11,242,0,,False,2026-07-11T13:33:15Z,khám phá vũ trụ,47700,Costa Rica - Thiên Đường Của Động Vật Hoang Dã #thegioidongvat,Kz84UYM3r48,33419,1392
42,0.64,False,Thế Giới Hoang Dã,35,False,3172,False,3149,0.0073,False,True,False,False,False,True,False,False,98,19,487,0,,False,2026-06-23T13:53:31Z,khám phá vũ trụ,47700,COLOMBIA HOANG DÃ - VƯƠNG QUỐC CỦA ĐỘNG VẬT HOANG DÃ | Khám phá thế giới động vật. #thegioidongvat,ITMMQa_L0kU,71637,1706
53,0.95,False,Thế Giới Hoang Dã,47,False,2595,False,2778,0.0053,False,True,False,False,False,True,False,False,87,21,517,0,,False,2026-06-12T13:27:59Z,khám phá vũ trụ,47700,ẤN ĐỘ HOANG DÃ - VƯƠNG QUỐC CỦA NHỮNG KẺ SĂN MỒI | Khám phá thế giới động vật hoang dã.,oK4wsq7kLX8,107177,2022
68,1.11,False,Thế Giới Hoang Dã,48,False,2595,False,1554,0.0045,False,True,False,False,False,True,False,False,90,17,510,0,,False,2026-05-28T11:42:09Z,khám phá vũ trụ,47700,MÙA KHÔ KHẮC NHIỆT TRÊN THẢO NGUYÊN | Khám phá thế giới động vật hoang dã. #thegioidongvat,-xQc8SOi5a4,124545,1832
81,0.52,False,Thế Giới Hoang Dã,29,False,3227,False,2432,0.0074,False,True,False,False,False,True,False,False,86,16,404,0,,False,2026-05-15T13:38:06Z,khám phá vũ trụ,47700,THẢO NGUYÊN MAASAI MARA - KENYA | Khám Phá Thế Giới Động Vật Hoang Dã. #thegioidongvat,zjfhE0iqWh4,58143,718
95,1.42,True,Thế Giới Hoang Dã,81,False,2595,False,2596,0.0082,False,True,False,False,False,False,False,False,72,15,1231,0,,False,2026-05-01T12:41:57Z,khám phá vũ trụ,47700,GIA TỘC HỌ MÈO - Những Kẻ Săn Mồi Hoàn Mỹ Nhất Trái Đất. #thegioidongvat,0poUbAlrorU,159542,1679
97,0.94,False,Thế Giới Hoang Dã,47,False,2595,False,4594,0.0051,False,True,False,False,False,False,False,False,79,14,495,0,,False,2026-04-29T12:28:27Z,khám phá vũ trụ,47700,NHỮNG CÁNH RỪNG ĐÔNG NAM Á [Replay] Khám phá thế giới động vật. #thegioidongvat,qvAihZrN6MM,105740,1090
116,0.88,True,Thế Giới Hoang Dã,34,False,3124,False,2152,0.0049,False,True,False,False,False,True,False,False,94,18,449,0,,False,2026-04-10T13:20:29Z,khám phá vũ trụ,47700,SIBERIA - VÙNG HOANG DÃ KHẮC NHIỆT NHẤT TRÁI ĐẤT | Khám Phá Thế Giới Động Vât. #thegioidongvat,LFK3lwPudGA,98909,853
130,2.78,True,Thế Giới Hoang Dã,118,False,3405,False,3767,0.0052,False,True,False,False,False,True,False,False,95,19,1496,0,,False,2026-03-27T13:07:09Z,khám phá vũ trụ,47700,AMAZON – KHU RỪNG BÍ ẨN NHẤT HÀNH TINH | Khám Phá Thế Giới Động Vật Hoang Dã. #amazonrainforest,9D94ePUtoAk,312549,2404
132,0.06,True,Thế Giới Hoang Dã,6,False,3282,False,1114,0.0126,False,True,False,False,False,False,False,False,89,17,85,0,,False,2026-03-25T14:07:48Z,khám phá vũ trụ,47700,Thiên Nhiên Hoang Dã Vùng Vân Nam Trung Quốc - Khám phá thế giới động vật #thegioidongvat,FshONpo_VuU,7194,54
134,0.09,False,Thế Giới Hoang Dã,13,False,2595,False,1434,0.0122,False,True,False,False,False,True,False,False,91,22,116,0,,False,2026-03-23T12:30:47Z,khám phá vũ trụ,47700,LINH DƯƠNG ĐẦU BÒ - CUỘC DI CƯ VĨ ĐẠI NHẤT HÀNH TINH | Khám Phá Thế Giới Động Vật Hoang Dã.,Usgs56aVe5U,10614,79
156,1.69,True,Thế Giới Hoang Dã,61,False,2595,False,3664,0.0051,False,True,False,False,False,True,False,False,86,20,899,0,,False,2026-03-01T12:01:47Z,khám phá vũ trụ,47700,CANADA HOANG DÃ - Vùng Đất Lạnh Giá Nhất Bắc Mỹ | Khám Phá Thế Giới Động Vật Hoang Dã.,Ca7QqaiHDPo,190079,1218
197,0.84,True,Thế Giới Hoang Dã,57,False,2595,False,4159,0.0061,False,True,False,False,False,True,False,False,99,20,520,0,,False,2026-01-19T13:05:07Z,khám phá vũ trụ,47700,PHÁP HOANG DÃ - THIÊN ĐƯỜNG ĐỘNG VẬT CHÂU ÂU | Khám phá thế giới động vật hoang dã. #thegioidongvat,wGikWJYsfOA,93911,477
228,1.29,True,Thế Giới Hoang Dã,45,False,2595,False,6352,0.0038,False,True,False,False,False,True,False,False,82,17,512,0,,False,2025-12-19T13:48:31Z,khám phá vũ trụ,47700,CHÂU PHI HOANG DÃ [ REPLAY ] KHÁM PHÁ THẾ GIỚI ĐỘNG VẬT HOANG DÃ | #thegioidongvat,tK_yQTbYZS8,145247,637
235,2.42,False,Thế Giới Hoang Dã,105,False,3241,False,4054,0.0047,False,True,False,False,False,True,False,False,99,21,1187,0,,False,2025-12-12T13:30:58Z,khám phá vũ trụ,47700,PERU HOANG DÃ - Lãnh Địa Của Báo Đốm Và Puma | Khám Phá Thế Giới Động Vật Hoang Dã. #thegioidongvat,rol8OvQ_YJA,272250,1159
245,1.05,False,Thế Giới Hoang Dã,59,False,3609,False,4999,0.0064,False,True,False,False,False,True,False,False,80,14,695,0,,False,2025-12-02T13:15:36Z,khám phá vũ trụ,47700,Siberia Hoang Dã [REPLAY] | Khám Phá Thế Giới Động Vật Hoang Dã. #thegioidongvat,osJ5-7JLliM,117699,480
248,1.23,True,Thế Giới Hoang Dã,82,False,3972,False,3411,0.0061,False,True,False,False,False,False,False,False,79,15,764,0,,False,2025-11-29T12:29:41Z,khám phá vũ trụ,47700,"NAMIBIA HOANG DÃ - Vương Quốc Của Gió, Cát Và Những Kẻ Săn Mồi. #thegioidongvat",goahrIPfdmU,137750,555
263,5.08,True,Thế Giới Hoang Dã,428,False,3043,False,3694,0.007,False,True,False,False,False,False,False,False,62,11,3571,0,,False,2025-11-14T13:42:26Z,khám phá vũ trụ,47700,VIỆT NAM - NHỮNG CÁNH RỪNG HOANG DÃ CUỐI CÙNG. #thegioidongvat,YsymB571rP8,571031,2171
297,1.55,False,Thế Giới Hoang Dã,101,False,3200,False,3085,0.007,False,True,False,False,False,False,False,False,64,12,1114,0,,False,2025-10-11T12:18:13Z,khám phá vũ trụ,47700,HIMALAYAS - Hơi Thở Của Núi Và Linh Hồn Hoang Dã #thegioidongvat,cVC2-32CpmA,174428,587
310,0.74,False,Thế Giới Hoang Dã,24,False,3024,False,2703,0.006,False,True,False,False,False,False,False,False,66,12,476,0,,False,2025-09-28T12:05:20Z,khám phá vũ trụ,47700,Khám Phá SERENGETI - Vùng Đất Của Những Kẻ Săn Mồi #thegioidongvat,14TPoz99nFk,82985,268
331,3.61,False,Thế Giới Hoang Dã,130,False,3024,False,2449,0.0039,False,True,False,False,False,True,False,False,72,12,1453,0,,False,2025-09-07T13:23:09Z,khám phá vũ trụ,47700,RỪNG BORNEO - Trái tim hoang dã của MALAYSIA | #thegioidongvat #malaisia,zjbPj_1CRBE,406423,1228
340,5.08,False,Thế Giới Hoang Dã,344,False,3024,False,3634,0.0068,False,True,False,False,False,True,False,False,72,13,3524,0,,False,2025-08-29T13:06:31Z,khám phá vũ trụ,47700,Alaska Hoang Dã – Vùng Đất Lãnh Nguyên Bất Tận | #alaska #thegioidongvat,W_BYqvnD07c,571447,1681
364,8.26,False,Thế Giới Hoang Dã,136,False,2724,False,2427,0.0034,False,True,False,True,False,False,False,False,84,16,3028,0,,False,2025-08-05T12:18:02Z,khám phá vũ trụ,47700,KHÁM PHÁ TANZANIA - Cái nôi của sự sống qua hàng triệu năm tiến hóa. #thegioidongvat,FtqhAjHa_w4,928569,2551
377,1.69,False,Thế Giới Hoang Dã,76,False,3024,False,1687,0.0045,False,True,False,False,False,False,False,False,67,12,788,0,,False,2025-07-23T05:27:19Z,khám phá vũ trụ,47700,"Khám phá thế giới loài chim, THẾ GIỚI LOÀI LÔNG VŨ. #thegioidongvat",4ol-L65D-_M,190309,505
382,5.93,True,Thế Giới Hoang Dã,147,False,3024,False,2862,0.0042,False,True,False,False,False,True,False,False,92,17,2676,0,,False,2025-07-18T15:04:41Z,khám phá vũ trụ,47700,Rừng mưa nhiệt đới COLOMBIA | Ngôi nhà của động vật hoang dã vùng nhiệt đới. #thegioidongvat,zYeDK9F3toc,666400,1745
387,0.66,False,Thế Giới Hoang Dã,37,False,3647,False,1434,0.0067,False,False,False,False,False,True,False,False,75,15,459,0,,False,2025-07-13T12:36:23Z,khám phá vũ trụ,47700,Những vị vua cai trị bầu trời | Thế giới của loài Đại Bàng. #thegioihoangda,bPCeNekqMUI,74322,192
398,0.38,False,Thế Giới Hoang Dã,18,False,2568,False,1098,0.0095,False,True,False,False,False,True,False,False,49,8,393,0,,False,2025-07-02T12:49:24Z,khám phá vũ trụ,47700,NHỮNG KHU RỪNG TAIGA PHƯƠNG BẮC | #thegioidongvat,XJzxDNmyYBU,43230,109
410,0.43,False,Thế Giới Hoang Dã,27,False,3759,False,2650,0.0083,False,True,False,False,False,True,False,False,99,16,376,0,,False,2025-06-20T13:37:11Z,khám phá vũ trụ,47700,INDONESIA hoang dã | Khám phá quần đảo đẹp nhất đông nam á #thegioidongvat #thếgiớihoangdã #animals,PBrFekockmg,48668,119
417,0.74,False,Thế Giới Hoang Dã,44,False,3330,False,2690,0.0072,False,True,False,False,False,True,False,False,94,16,558,0,,False,2025-06-13T13:44:32Z,khám phá vũ trụ,47700,CÔNG VIÊN QUỐC GIA YELLOWTONE - TRÁI TIM HOANG DÃ CỦA BẮC MỸ | #thegioidongvat #thếgiớihoangdã,Isnbec6nlU0,83078,199
377,1.93,False,Bizbooks - Sách dành cho doanh nhân,1,False,552,False,631,0.0289,False,False,False,True,False,False,False,True,88,12,4,7,,False,2025-07-23T13:01:16Z,tài chính cá nhân,46600,"Không thưởng, nhân viên có làm hết mình không?#audiobooks #reviewsach #podcast #bizbooks",__CvEXZMSQg,173,0
379,0.97,False,Bizbooks - Sách dành cho doanh nhân,0,True,552,False,608,0.0345,False,False,False,True,False,False,False,True,85,15,3,7,,False,2025-07-21T13:00:20Z,tài chính cá nhân,46600,Lãnh đạo mà không được ai tin – sai ở đâu? #audiobooks #reviewsach #podcast #bizbooks,5vJLx1gSQzY,87,0
381,1.15,False,Bizbooks - Sách dành cho doanh nhân,0,False,1033,False,696,0.0971,False,True,False,True,False,False,False,False,93,16,10,7,,False,2025-07-19T12:45:09Z,tài chính cá nhân,46600,Lãnh đạo giỏi không giữ việc – họ huấn luyện để trao quyền! #audiobooks #reviewsach #bizbooks,Q7Q0gKxwnzY,103,0
382,1.02,False,Bizbooks - Sách dành cho doanh nhân,1,False,552,False,565,0.011,False,False,False,True,False,False,False,True,88,15,0,7,,False,2025-07-18T07:55:18Z,tài chính cá nhân,46600,Tại sao quản lý cấp trung dễ bị đào thải nhất #audiobooks #reviewsach #podcast #bizbooks,owxcFtnxBEM,91,0
383,0.68,False,Bizbooks - Sách dành cho doanh nhân,0,True,1123,False,777,0.0492,False,False,False,True,False,False,False,False,98,17,3,7,,False,2025-07-17T12:45:00Z,tài chính cá nhân,46600,Team yếu không phải do người dốt – mà do không ai nâng! #audiobooks #reviewsach #podcast #bizbooks,0f4ujAtSlMk,61,0
385,0.58,False,Bizbooks - Sách dành cho doanh nhân,0,True,1211,False,743,0.0385,False,False,False,True,False,False,False,False,97,15,2,7,,False,2025-07-15T12:45:01Z,tài chính cá nhân,46600,Không ai muốn “dựa dẫm” nếu được huấn luyện đúng cách! #audiobooks #reviewsach #podcast #bizbooks,E07LJnFW3A8,52,0
386,0.84,False,Bizbooks - Sách dành cho doanh nhân,0,False,552,False,638,0.04,False,False,False,True,True,False,False,False,89,14,3,7,even,False,2025-07-14T04:11:51Z,tài chính cá nhân,46600,Lãnh đạo 2 chiều: Nghề nguy hiểm nhất công ty! #audiobooks #reviewsach #podcast #bizbooks,42-lfBAi_O4,75,0
388,0.53,False,Bizbooks - Sách dành cho doanh nhân,0,False,1197,False,660,0.0213,False,False,False,True,False,False,False,False,94,15,1,7,,False,2025-07-12T12:45:05Z,tài chính cá nhân,46600,"Dạy người mới, nâng người cũ – phải khác hoàn toàn! #audiobooks #reviewsach #podcast #bizbooks",d82rVLeZzaU,47,0
389,0.63,False,Bizbooks - Sách dành cho doanh nhân,0,False,552,False,702,0.0179,False,False,False,True,False,False,False,False,83,13,1,7,,False,2025-07-11T13:01:08Z,tài chính cá nhân,46600,Không biết “dịch” lời sếp – đội sẽ loạn! #audiobooks #reviewsach #podcast #bizbooks,ZUyB0b3Vg3M,56,0
390,0.61,False,Bizbooks - Sách dành cho doanh nhân,0,False,1468,False,695,0.0545,False,False,False,True,False,False,False,False,95,14,3,7,,False,2025-07-10T12:45:16Z,tài chính cá nhân,46600,Phản hồi kiểu “nặng tay” đang giết chết nội lực team!#audiobooks #reviewsach #podcast #bizbooks,z37ALP7L0_E,55,0
391,0.58,False,Bizbooks - Sách dành cho doanh nhân,0,False,552,False,601,0.0577,False,True,False,True,False,False,False,True,91,15,3,7,,False,2025-07-09T09:19:09Z,tài chính cá nhân,46600,"Trên đè xuống, dưới kéo lên – bạn sắp “vỡ” chưa? #audiobooks #reviewsach #podcast #bizbooks",UHtRxN9aPfw,52,0
392,0.68,False,Bizbooks - Sách dành cho doanh nhân,0,False,1203,False,810,0.0492,False,True,False,True,False,True,True,True,85,15,3,7,,False,2025-07-08T12:31:06Z,tài chính cá nhân,46600,Tự làm cho nhanh hay đầu tư để họ tự làm? |#audiobooks #reviewsach #podcast #bizbooks,lwZyMu5VaOM,61,0
393,0.98,False,Bizbooks - Sách dành cho doanh nhân,0,True,552,False,601,0.0568,False,False,False,True,False,False,False,True,88,14,5,7,,False,2025-07-07T13:01:12Z,tài chính cá nhân,46600,Lãnh đạo mà không ai theo – bạn đang thất bại?#audiobooks #reviewsach #podcast #bizbooks,XGapQnmhkaU,88,0
395,1.32,False,Bizbooks - Sách dành cho doanh nhân,1,False,530,False,875,0.0424,False,False,False,True,False,False,False,False,94,16,4,7,,False,2025-07-05T12:45:14Z,tài chính cá nhân,46600,Không có lộ trình phát triển – nhân viên sẽ rời đi! #audiobooks #reviewsach #podcast #bizbooks,tNeinEjVIkM,118,0
396,0.35,False,Bizbooks - Sách dành cho doanh nhân,0,False,552,False,607,0.0,False,True,False,True,False,False,False,False,91,14,0,7,,True,2025-07-04T12:01:42Z,tài chính cá nhân,46600,Giao việc nhưng nhân viên không làm - LỖI DO BẠN!#audiobooks #reviewsach #podcast #bizbooks,psvCsgzKOqA,31,0
397,0.65,False,Bizbooks - Sách dành cho doanh nhân,0,False,530,False,875,0.0517,False,False,False,True,False,False,False,False,89,14,3,7,,False,2025-07-03T12:45:07Z,tài chính cá nhân,46600,Nhân sự không lớn nổi vì thiếu người dẫn đúng! #audiobooks #reviewsach #podcast #bizbooks,mHY6CYQlhz0,58,0
398,0.31,False,Bizbooks - Sách dành cho doanh nhân,0,False,552,False,619,0.0357,False,False,False,True,False,False,False,False,78,13,1,7,,False,2025-07-02T12:00:58Z,tài chính cá nhân,46600,Báo cáo với sếp mà như đi trên dây! #audiobooks #reviewsach #podcast #bizbooks,UVJnR7J6bD4,28,0
399,0.76,False,Bizbooks - Sách dành cho doanh nhân,0,False,530,False,908,0.0441,False,False,False,True,False,False,False,False,82,13,3,7,,False,2025-07-01T12:30:39Z,tài chính cá nhân,46600,Huấn luyện sai cách – càng dạy càng dở! #audiobooks #reviewsach #podcast #bizbooks,Pe83m5aWdlc,68,0
400,0.91,False,Bizbooks - Sách dành cho doanh nhân,0,False,552,False,1008,0.0,False,False,False,True,True,False,False,True,97,18,0,7,even,False,2025-06-30T13:00:38Z,tài chính cá nhân,46600,Lãnh đạo tầng trung bị kẹt giữa 2 lằn đạn – ai sẽ cứu? #audiobooks #reviewsach #podcast #bizbooks,HIs-EEyI5jA,81,0
406,1.24,False,Bizbooks - Sách dành cho doanh nhân,0,True,552,False,916,0.027,False,False,False,True,False,False,False,True,89,15,3,7,,True,2025-06-24T12:00:50Z,tài chính cá nhân,46600,Làm sếp mà không được tôn trọng là lỗi do đâu? #audiobooks #reviewsach #podcast #bizbooks,Sn7hRlDq9Ts,111,0
407,1.36,False,Bizbooks - Sách dành cho doanh nhân,0,False,552,False,987,0.0246,False,False,False,True,False,False,True,True,98,15,3,7,,False,2025-06-23T12:45:01Z,tài chính cá nhân,46600,Chỉ trích hay phản hồi? Ranh giới quyết định tương lai! #audiobooks #reviewsach #podcast #bizbooks,EBIqoT1_HmE,122,0
431,4.19,False,Bizbooks - Sách dành cho doanh nhân,0,False,1324,False,609,0.0107,False,True,False,True,False,True,False,False,99,18,4,7,,False,2025-05-30T14:00:42Z,tài chính cá nhân,46600,Lãnh đạo như loài sói | ĐÁNH THỨC CON NGƯỜI LÃNH ĐẠO BÊN TRONG BẠN #audiobook #leadership #bizbooks,RPTcCopl3J4,375,1
434,2.53,False,Bizbooks - Sách dành cho doanh nhân,0,False,1385,False,600,0.0265,False,True,False,True,True,True,False,False,76,16,6,7,even,False,2025-05-27T14:00:57Z,tài chính cá nhân,46600,10 nguyên tắc thuyết phục trong bán hàng | NGƯỜI BÁN HÀNG GIỎI NHẤT THẾ GIỚI,bpK9H8Ythtg,226,1
441,4.21,False,Bizbooks - Sách dành cho doanh nhân,0,False,1148,False,432,0.0186,False,True,False,True,False,True,False,False,78,18,7,7,,True,2025-05-20T14:00:52Z,tài chính cá nhân,46600,"Đừng thua chỉ vì nhạt! | SỰ THÔNG MINH TRONG HÀI HƯỚC: NÓI TINH TẾ, DỄ VÀO TIM",Sy1aS67ROMY,377,1
444,2.78,False,Bizbooks - Sách dành cho doanh nhân,0,False,1194,False,583,0.012,False,True,False,True,False,True,True,False,97,22,3,7,,False,2025-05-17T14:00:36Z,tài chính cá nhân,46600,Tiền để mua nhà hay thuê nhân | KIỂM SOÁT TÀI CHÍNH CÁ NHÂN: QUẢN LÝ CHI TIÊU TRONG THẾ GIỚI THỰC,LTP7kO6wsNA,249,1
455,5.87,False,Bizbooks - Sách dành cho doanh nhân,0,False,877,False,871,0.0038,False,True,False,True,False,True,False,True,98,20,2,7,,False,2025-05-06T14:00:26Z,tài chính cá nhân,46600,Mark Zuckerberg có phải cha đẻ của Facebook? | THIÊN TÀI LẬP TRÌNH ĐỊNH HÌNH KỶ NGUYÊN MẠNG XÃ HỘI,HyL3ynUzSpA,525,1
470,4.47,False,Bizbooks - Sách dành cho doanh nhân,0,False,1388,False,586,0.025,True,True,False,True,False,True,False,False,99,22,10,7,,False,2025-04-21T14:00:39Z,tài chính cá nhân,46600,Bố già làng công nghệ | LARRY ELLISON: TỪ KẺ TRẮNG TAY TRỞ THÀNH TỶ PHÚ CÔNG NGHỆ CỦA ĐẾ CHẾ ORACLE,SnNMh7Lqsog,400,1
475,3.75,False,Bizbooks - Sách dành cho doanh nhân,0,False,1199,False,665,0.0149,False,True,False,True,True,True,False,False,90,22,5,7,even,False,2025-04-16T14:01:15Z,tài chính cá nhân,46600,Bọ cạp ẩn mình chốn rừng sâu | MÃ HOÁ ĐẰNG: NGƯỜI BIẾN 10 XU THÀNH TỶ ĐÔ TRONG THẾ GIỚI SỐ,jHFt4l8mpz8,336,1
482,5.82,False,Bizbooks - Sách dành cho doanh nhân,1,False,914,False,951,0.0211,False,True,False,True,False,True,False,False,92,22,10,7,,False,2025-04-09T14:00:03Z,tài chính cá nhân,46600,Kẻ điên rồ thay đổi trật tự thế giới | STEVE JOBS: THIÊN TÀI LẬP DỊ VÀ VÁN CỜ APPLE NGHÌN TỶ,3Wgkzz1DRS8,521,1
489,4.13,False,Bizbooks - Sách dành cho doanh nhân,0,False,942,False,700,0.0216,False,True,False,True,False,True,False,False,91,20,8,7,,False,2025-04-02T14:00:46Z,tài chính cá nhân,46600,Phù thuỷ tài chính | WARREN BUFFETT: NHÀ TIÊN TRÍ XỨ OMAHA VÀ TRÒ CHƠI TRĂM TỶ CỦA PHỐ WALL,_ayOxMXf7PE,370,1
305,2.53,False,Bẻ Khóa Tư Duy,121,False,1030,False,2358,0.0086,False,True,False,False,False,False,False,False,69,15,2539,9,,False,2025-10-03T13:01:27Z,tài chính cá nhân,46000,Chiến Lược Tận Dụng Thời Gian Rảnh – KIẾM TIỀN Ngay Khi Bạn Nghỉ Ngơi,gfq3O_2GjU0,309769,1016
306,4.15,False,Bẻ Khóa Tư Duy,266,True,958,False,1947,0.0097,True,True,False,False,True,False,False,False,72,18,4656,8,odd,False,2025-10-02T13:00:12Z,tài chính cá nhân,46000,"3 BÍ MẬT LÀM GIÀU TỪ CON SỐ 0 – Không Tiền, Không Quan Hệ Vẫn Thành Công",6bA-Wlnkl_4,508956,1663
307,1.51,False,Bẻ Khóa Tư Duy,88,False,1038,False,2530,0.0108,False,True,False,False,True,True,False,False,69,19,1910,11,even,False,2025-10-01T13:00:28Z,tài chính cá nhân,46000,Ngủ Cũng Ra Tiền – 8 Tài Sản Đẻ Ra Thu Nhập Thụ Động | Bẻ Khóa Tư Duy,AMr-OP3uNNM,185634,605
308,0.73,False,Bẻ Khóa Tư Duy,32,True,1390,False,2729,0.0106,True,True,False,False,True,False,False,False,62,15,909,5,even,True,2025-09-30T13:01:20Z,tài chính cá nhân,46000,8 Chiến Lược Mượn Lực Làm Giàu – Bí Mật Người Nghèo ÍT AI BIẾT,fVhU2Mdgqq4,89086,289
310,0.12,False,Bẻ Khóa Tư Duy,9,False,1202,False,3058,0.0121,False,True,False,False,False,False,False,False,70,15,168,6,,False,2025-09-28T13:01:32Z,tài chính cá nhân,46000,"Vàng, Lạm Phát & Tiền Nhàn Rỗi: Công Thức CHUẨN Để Chia Vốn Khôn Ngoan",j7RKlV5b9uA,14596,47
311,0.03,False,Bẻ Khóa Tư Duy,6,False,975,False,2692,0.0098,False,True,False,False,True,False,False,False,72,19,33,11,even,False,2025-09-27T13:00:49Z,tài chính cá nhân,46000,10 NGHỀ Có Nguy Cơ Bị AI Xóa Sổ Trong 5 Năm Tới – Bạn Có Trong Danh Sách,Slcr08nRpjs,3960,13
312,0.16,False,Bẻ Khóa Tư Duy,13,False,1039,False,1762,0.0092,False,True,False,False,True,False,False,True,59,15,173,10,even,False,2025-09-26T13:02:08Z,tài chính cá nhân,46000,Vì Sao 90% Tài Sản Đến Sau Tuổi 40? Câu Trả Lời Rất BẤT NGỜ,y_V9l1iKbKw,20199,65
313,0.07,False,Bẻ Khóa Tư Duy,9,True,1065,False,2469,0.0119,False,True,False,False,True,False,False,False,61,15,88,9,even,False,2025-09-25T13:01:50Z,tài chính cá nhân,46000,Bí Mật Quy Tắc 8–4–3: Chậm 5 Năm Vẫn Có Thể Bứt Phá Tài Chính,uapB91N-Lkg,8171,26
314,0.13,False,Bẻ Khóa Tư Duy,25,False,873,False,2429,0.0137,False,True,False,False,True,False,False,False,52,12,188,10,even,False,2025-09-24T13:00:57Z,tài chính cá nhân,46000,8 Khoản Đầu Tư Giúp Bạn Bứt Phá Tài Chính Trước 2026,N9FTyINSe1Y,15521,49
315,0.2,False,Bẻ Khóa Tư Duy,19,False,903,False,1630,0.0133,False,True,False,False,True,False,False,False,59,15,307,12,odd,False,2025-09-23T13:01:59Z,tài chính cá nhân,46000,5 Tài Sản Có Thể LAO DỐC Mạnh Khi Chu Kỳ Bơm Tiền Kết Thúc!,ztEY8V6K9lw,24427,78
316,0.12,False,Bẻ Khóa Tư Duy,14,False,973,False,2466,0.0139,False,True,False,False,True,False,False,False,65,16,187,10,even,False,2025-09-22T13:01:16Z,tài chính cá nhân,46000,"8 Ý Tưởng Kinh Doanh Với 10 Triệu – Dễ Làm, Lãi Cao Cho Người Mới",efpg8-jy-D8,14512,46
317,0.06,False,Bẻ Khóa Tư Duy,6,False,1336,False,2936,0.0125,False,True,False,False,True,False,False,True,62,15,87,9,even,False,2025-09-21T13:00:18Z,tài chính cá nhân,46000,100 Triệu Trong Tay – Làm Gì Để Sinh Lời Nhanh & An Toàn Nhất?,MiulgmroKs4,7466,24
318,0.13,False,Bẻ Khóa Tư Duy,18,False,1105,False,1856,0.0142,True,True,False,False,False,True,False,True,82,19,215,8,,False,2025-09-20T13:00:12Z,tài chính cá nhân,46000,Tại Sao Một Thói Quen Nhỏ Có Thể Biến Bạn Thành Triệu Phú? | Luật Hấp Dẫn Tiền Bạc,Qc5lwLiPI9c,16364,51
319,0.41,False,Bẻ Khóa Tư Duy,42,False,843,False,2972,0.0154,True,True,False,False,True,False,False,False,69,16,728,8,even,True,2025-09-19T13:00:20Z,tài chính cá nhân,46000,10 TÀI SẢN Người Giàu Tranh Nhau Sở Hữu – Người Nghèo Hoàn Toàn Bỏ Lỡ,9bDce6wjB9U,49936,157
320,0.31,False,Bẻ Khóa Tư Duy,18,False,1079,False,2066,0.0107,False,True,False,False,True,True,False,False,71,19,395,11,even,False,2025-09-18T13:00:12Z,tài chính cá nhân,46000,6 Bí Quyết Tích Sản Để Bạn Tự Do Sống Thoải Mái Về Già | Bẻ Khóa Tư Duy,Xpae1FXnY8o,38452,120
321,0.42,False,Bẻ Khóa Tư Duy,54,False,1325,False,2571,0.0126,False,True,False,False,True,True,False,False,70,16,587,10,even,False,2025-09-17T13:09:41Z,tài chính cá nhân,46000,10 Nghề Nông Thôn Lợi Nhuận khủng Nhưng ít Người Biết | Bẻ Khóa Tư Duy,1E2RhJGcxNo,50949,159
382,1.0,True,Bẻ Khóa Tư Duy,72,False,1051,False,2946,0.0125,True,True,False,False,True,True,False,False,96,23,1460,14,even,False,2025-07-18T00:24:35Z,tài chính cá nhân,46000,10 TƯ DUY LÀM GIÀU Người Giỏi Lý Thuyết KHÔNG BIẾT – Người Biết Làm Thì Đã GIÀU | Bẻ Khóa Tư Duy,uAoNzlI77-s,122536,321
393,1.92,True,Bẻ Khóa Tư Duy,136,True,909,False,3442,0.0131,False,True,False,False,True,True,False,False,83,21,2950,9,even,False,2025-07-07T14:00:21Z,tài chính cá nhân,46000,12 Bí Mật Tư Duy KIẾM TIỀN Thầm Lặng Của Người Gốc Hoa Tại Sài Gòn | Bẻ Khóa Tư Duy,DpUZjFCDyRw,235487,599
403,0.49,True,Bẻ Khóa Tư Duy,56,False,1249,False,2777,0.0163,True,True,False,False,False,True,False,False,68,17,917,9,,False,2025-06-27T14:01:32Z,tài chính cá nhân,46000,"LUẬT CHƠI TIỀN BẠC – Ai Hiểu Sớm, Người Đó Giàu Bền | Bẻ Khóa Tư Duy",sAYDe6QFQqQ,59789,148
406,1.49,False,Bẻ Khóa Tư Duy,51,False,1187,False,2940,0.0056,False,True,False,False,True,True,False,False,94,21,963,3,odd,False,2025-06-24T12:30:00Z,tài chính cá nhân,46000,"5 NGHỀ ẨN DANH – Không Trend, Không Review Nhưng Giúp Bạn Sống Khỏe Mỗi Tháng | Bẻ Khóa Tư Duy",-BvgHks05NQ,182413,449
407,10.34,False,Bẻ Khóa Tư Duy,485,False,1198,False,2465,0.0102,True,True,False,False,False,True,False,False,92,23,12470,10,,False,2025-06-23T12:30:08Z,tài chính cá nhân,46000,TƯ DUY NGƯỢC CỦA NGƯỜI DO THÁI – Cách Họ Giàu Từ Chính Thất Bại Và Điểm Yếu | Bẻ Khóa Tư Duy,51WfO-NxG18,1266682,3112
408,1.5,False,Bẻ Khóa Tư Duy,84,True,1034,False,2018,0.0082,False,True,False,False,True,True,False,False,94,23,1427,13,odd,False,2025-06-22T12:30:20Z,tài chính cá nhân,46000,THU NHẬP THỤ ĐỘNG: 9 SỰ THẬT Không Phải Ai Cũng Biết – Nhưng Ai Cũng Cần Hiểu | Bẻ Khóa Tư Duy,HOnzC1tzA7E,183505,450
409,1.16,False,Bẻ Khóa Tư Duy,152,True,1048,False,3219,0.0148,False,True,False,False,True,True,False,False,82,21,1950,8,even,False,2025-06-21T12:30:39Z,tài chính cá nhân,46000,12 Tư Duy Giúp TIỀN THEO BẠN CẢ ĐỜI – Bí Mật Của Người Thành Công | Bẻ Khóa Tư Duy,UiSFSNXF2bY,141654,346
410,2.25,False,Bẻ Khóa Tư Duy,131,True,1211,False,4184,0.0127,True,True,False,False,False,True,False,False,88,22,3365,14,,False,2025-06-20T12:30:40Z,tài chính cá nhân,46000,GIÀU MÀ KHÔNG ỒN – Bí Mật Những Quy Tắc Làm Giàu Người Do Thái Giấu Kín | Bẻ Khóa Tư Duy,S8qNLyxenak,275786,673
413,3.42,False,Bẻ Khóa Tư Duy,165,False,2096,False,3097,0.0094,False,True,False,True,True,True,False,False,63,16,3767,14,even,False,2025-06-17T12:30:09Z,tài chính cá nhân,46000,10 Bài Học Kinh Doanh ĐẮT GIÁ Từ Người Do Thái | Bẻ Khóa Tư Duy,9DkTtMpf1U0,419142,1015
413,1.48,False,Bẻ Khóa Tư Duy,104,False,1682,False,3172,0.0128,False,True,False,True,True,True,False,False,74,18,2226,12,even,False,2025-06-17T02:30:24Z,tài chính cá nhân,46000,10 Nguyên Tắc Vàng Giúp TIỀN ĐẺ RA TIỀN của người Do Thái | Bẻ Khóa Tư Duy,MwbmJKXv4WI,181525,440
415,1.05,False,Bẻ Khóa Tư Duy,43,False,2063,False,3222,0.0107,False,True,False,False,True,True,False,False,69,17,1324,15,odd,False,2025-06-15T12:31:05Z,tài chính cá nhân,46000,11 Tư Duy Tài Chính Giúp Bạn BỨT PHÁ Giữa Đời Thường | Bẻ Khóa Tư Duy,x0Ql_acwbKU,128176,309
416,3.02,False,Bẻ Khóa Tư Duy,130,False,2300,False,3013,0.0092,True,True,False,False,False,True,False,True,90,20,3270,12,,False,2025-06-14T12:30:34Z,tài chính cá nhân,46000,Tư Duy Ngược – Vì Sao Người Giàu LUÔN LÀM NGƯỢC LẠI ĐÁM ĐÔNG? | Bẻ Khóa Tư Duy #tuduynguoc,Opfr7h3Vt4k,369672,889
417,1.47,False,Bẻ Khóa Tư Duy,72,False,2609,False,2740,0.0094,False,True,False,False,False,True,False,False,79,19,1628,13,,False,2025-06-13T12:31:12Z,tài chính cá nhân,46000,Khởi Nghiệp ít Vốn – Cách Biến Những Gì Bạn Có Thành NGUỒN THU | Bẻ Khóa Tư Duy,wD8tOJ3P9Ns,180335,432
501,0.46,False,APJAK,3,False,2173,False,299,0.0087,False,True,False,True,False,False,False,False,64,10,,24,,False,2025-03-21T12:50:49Z,psychology facts,45300,MUST WATCH: Stop Wasting Your Life - Powerful Motivational Video,eqRMzaDq4m0,343,1
551,1.29,False,APJAK,3,False,2315,False,454,0.0031,False,False,False,True,True,False,False,False,46,8,,22,even,False,2025-01-30T12:43:50Z,psychology facts,45300,I Tried The Brahmacharya Challenge For 30 Days,vve3Pr8KkcM,969,2
562,2.07,True,APJAK,5,False,2280,False,334,0.0032,False,False,False,True,False,False,False,False,49,9,,23,,False,2025-01-19T12:41:26Z,psychology facts,45300,You Can’t Change Your Life Until You Change This.,lSnji4wkx8o,1562,3
569,1.23,False,APJAK,2,False,3152,False,426,0.0411,False,False,False,True,False,False,False,True,59,12,36,14,,False,2025-01-12T05:30:01Z,psychology facts,45300,Bulk Up Faster: Why Winter is the Best Time to Build Muscle,Vfn_8kXDKn0,924,2
576,0.76,False,APJAK,4,False,3700,False,316,0.0541,False,False,False,True,False,True,False,False,71,14,27,20,,False,2025-01-05T13:00:04Z,psychology facts,45300,Brahmacharya Ka Palan aur Mind Reading | Kisi Ke Man Ki Baat Kaise Jane,rm_Wbdfdmz0,573,1
583,2.17,False,APJAK,2,False,2030,False,181,0.0012,False,True,False,True,False,True,False,True,73,14,,15,,False,2024-12-29T12:43:59Z,psychology facts,45300,अपना वैल्यू बढ़ाकर जिंदगी को बेहतर कैसे बनाएं | How to increase your value,wR6wgoROp0s,1633,3
588,0.65,False,APJAK,0,False,1411,False,204,0.0265,False,False,False,True,False,False,False,True,41,8,13,32,,False,2024-12-24T15:01:27Z,psychology facts,45300,How to Spot a Liar (Science of Deception),bgRc_lfuzDQ,491,1
596,1.12,False,APJAK,1,False,1544,False,182,0.0439,False,False,False,True,False,False,False,True,33,6,36,24,,False,2024-12-16T12:33:27Z,psychology facts,45300,How Celibacy Gave Me Glowing Skin,KHym9izh_5o,843,1
603,0.57,False,APJAK,2,False,2006,False,310,0.0304,False,False,False,True,False,False,False,True,54,11,11,24,,False,2024-12-09T12:29:06Z,psychology facts,45300,Why You Can’t Focus While Studying (and how to fix it),1AaARxshLEY,428,1
610,1.64,False,APJAK,5,True,2550,False,369,0.0041,False,False,False,True,False,False,False,False,42,6,,19,,False,2024-12-02T12:37:15Z,psychology facts,45300,Ancient Secrets to Boost Your Productivity,SZ2sMqyOasU,1232,2
624,1.16,False,APJAK,1,False,2804,False,243,0.0298,False,False,False,True,False,False,False,True,49,8,25,10,,False,2024-11-18T12:29:06Z,psychology facts,45300,Testosterone Badhane Ka Formula - Science ya Fad?,OnVSiCJtfkA,873,1
638,0.34,False,APJAK,0,False,1579,False,247,0.0356,False,False,False,True,False,True,False,False,56,10,9,26,,False,2024-11-04T12:53:34Z,psychology facts,45300,Winter Arc Challenge Kya Hai | Winter Arc Challenge Scam,8v5Uh0rgOPc,253,0
641,1.59,False,APJAK,6,False,4410,False,247,0.0408,False,False,False,True,False,False,False,True,59,9,43,17,,False,2024-11-01T12:29:02Z,psychology facts,45300,How to Build a Strong Mindset (Mental Toughness Techniques),8jXiJtrgbfI,1200,2
646,1.11,False,APJAK,2,True,3395,False,421,0.0466,False,False,False,True,False,False,False,False,53,7,37,29,,False,2024-10-27T08:19:26Z,psychology facts,45300,Brahmacharya: The Secret to Studying More Effectively,U7tmBWAdXyI,837,1
652,1.06,False,APJAK,1,False,3774,False,297,0.0487,False,False,False,True,False,False,False,True,62,9,38,14,,False,2024-10-21T11:36:18Z,psychology facts,45300,Your Subconscious Mind Is Sabotaging Your Success (Here's Why),g4uQOyRJk6s,801,1
660,0.44,False,APJAK,2,False,2719,False,466,0.079,False,True,False,True,True,False,False,False,47,6,24,16,odd,False,2024-10-13T12:07:43Z,psychology facts,45300,Self-Improvement Tips That ACTUALLY WORK (2025),j8SavBjBhMQ,329,0
701,0.95,False,APJAK,2,False,2904,False,316,0.0461,False,False,False,True,False,False,False,False,37,6,31,20,,False,2024-09-02T13:50:58Z,psychology facts,45300,The Hidden Benefits of Staying Silent,NdRVNZikbTs,716,1
720,0.51,False,APJAK,1,False,3264,False,666,0.0735,False,True,False,True,False,False,False,True,56,7,27,10,,False,2024-08-14T12:38:52Z,psychology facts,45300,How to Control Intrusive Thoughts (EFFECTIVE STRATEGIES),QhX-FvkFKSE,381,1
731,0.51,False,APJAK,1,False,1943,False,403,0.0622,False,True,False,True,False,True,False,False,44,9,23,18,,False,2024-08-03T12:35:45Z,psychology facts,45300,सफलता का सूत्र | सफल लोगों की दैनिक दिनचर्या,gK0eMj3j60E,386,1
737,0.58,False,APJAK,1,False,2425,False,251,0.0482,False,False,False,True,True,False,False,False,54,8,20,23,odd,False,2024-07-28T12:40:38Z,psychology facts,45300,The 3 Best Success Mantras for Personal Transformation,z3im8lkPuDo,436,1
752,0.93,False,APJAK,2,False,2878,False,470,0.0386,False,False,False,True,False,False,False,False,55,9,25,19,,False,2024-07-13T12:53:10Z,psychology facts,45300,Unleash Your Inner Badass: Killer Attitude Tips for Men,VtuZmZ2a2qM,699,1
764,0.54,False,APJAK,3,False,2771,False,222,0.0665,False,False,False,True,False,False,False,True,46,7,24,13,,False,2024-07-01T12:30:00Z,psychology facts,45300,Why Brahmacharya Will Change Your Life Forever,S1BMVHOcgl0,406,1
777,0.65,False,APJAK,1,False,2383,False,596,0.0533,False,True,False,True,False,True,False,False,72,13,25,22,,False,2024-06-18T12:29:36Z,psychology facts,45300,खुद को पूरी तरह बदलो | The Ultimate Guide: Transforming Yourself Fully |,3_zBTuXyncA,488,1
786,5.06,False,APJAK,9,False,2885,False,397,0.0338,False,True,False,True,False,False,False,False,46,8,120,19,,False,2024-06-09T13:49:43Z,psychology facts,45300,आपकी वैल्यू बढ़ाएं या लोग नजरअंदाज करते रहेंगे,cE-V4UjTa-8,3816,5
807,0.75,False,APJAK,5,False,1634,False,280,0.069,False,True,False,True,True,True,False,False,87,17,34,15,odd,False,2024-05-19T12:35:14Z,psychology facts,45300,चुप रहने की ताकत | Power of silent | Silent ki takat | Powerful motivational video 2025,1DVj4pRmFwM,565,1
814,0.77,False,APJAK,2,False,3215,False,450,0.0447,False,False,False,True,False,False,False,False,23,4,24,23,,False,2024-05-12T12:30:52Z,psychology facts,45300,Be Stubborn for Success,y5NEQRWdhWg,582,1
821,1.05,False,APJAK,11,False,2105,False,222,0.0746,False,False,False,True,False,False,False,False,46,7,48,19,,False,2024-05-05T12:45:10Z,psychology facts,45300,I Broke My Brahmacharya Vow (The Consequences),83u9KA_1UBc,791,1
831,5.48,False,APJAK,3,False,2709,False,313,0.0269,False,True,False,True,False,True,False,True,73,17,108,22,,False,2024-04-25T12:49:54Z,psychology facts,45300,किसी के मन की बात कैसे जाने | Mind Reading | How To Know Someone's Mind |,DyENSthTsUc,4130,5
839,1.34,False,APJAK,6,False,2016,False,328,0.0645,False,True,False,True,False,True,False,False,69,12,59,20,,False,2024-04-17T12:29:19Z,psychology facts,45300,वीर्य रोकने की शक्ति | The Power Of Semen Retention |Apjak brahmchary,O3NiWJPUD9g,1008,1
844,2.02,False,APJAK,11,False,1961,False,243,0.0658,False,True,False,True,False,True,False,False,67,12,89,19,,False,2024-04-12T12:29:01Z,psychology facts,45300,आपका दिमाग खतरे में है | Save Your Mind Now! |Brahmachary lifestyle,bnP2Na8l0w8,1520,2
1334,0.16,False,Tin Sự Lạ,0,False,774,False,54,0.0137,False,True,False,True,True,False,True,False,86,18,5,14,even,False,2022-12-08T16:23:54Z,top 10 sự thật,44900,TOP 10 Phim Hoạt Hình 3D Trung Quốc Hay Nhất P2 - Tin Sự Lạ #shortvideo #shorts #short,NJ6tBU5yeNI,365,0
1339,0.26,False,Tin Sự Lạ,0,False,697,False,47,0.0358,False,True,False,True,True,False,True,False,86,18,21,19,even,False,2022-12-04T12:37:42Z,top 10 sự thật,44900,TOP 10 Bộ Phim Hoạt Hình Hay Nhất Trung Quốc P1 - Tin Sự Lạ #shorts #shortvideo #short,vpBO-QJsraU,587,0
1815,0.3,False,Tin Sự Lạ,0,False,816,False,221,0.0059,False,True,False,True,True,False,False,False,99,24,4,20,even,False,2021-08-15T04:26:33Z,top 10 sự thật,44900,Những Dự Đoán Về Tình Hình COVID Thế Giới năm 2022 của Thần Đồng Tiên Tri Ấn Độ 15 Tuổi - Tin Sự Lạ,CDksYnCrm0Q,681,0
1832,25.99,False,Tin Sự Lạ,25,False,677,False,523,0.0083,False,True,False,True,True,False,False,False,72,17,465,32,even,False,2021-07-29T14:02:33Z,top 10 sự thật,44900,TOP 10 Hot Girl TikToker Xinh Đẹp Nổi Tiếng Nhất Việt Nam P1 - Tin Sự Lạ,6F8tJgKz_v8,58965,32
2448,1088.2,False,Tin Sự Lạ,2202,False,1801,False,637,0.0058,False,True,False,True,True,False,False,False,71,16,12039,23,even,False,2019-11-21T14:21:19Z,top 10 sự thật,44900,Top 10 Nữ Diễn Viên Xinh Đẹp Nhất Trung Quốc Hiện Nay - Tin Sự Lạ,AOJKnxmY0VQ,2468581,1008
2474,2.97,False,Tin Sự Lạ,0,False,2027,False,522,0.0025,False,True,False,True,True,False,False,False,66,17,17,23,even,False,2019-10-26T14:25:43Z,top 10 sự thật,44900,Sốc Với 10 Tập Tục Mai Táng Kỳ Quái Nhất Trên Thế Giới - Tin Sự Lạ,-aH6kQ0wFHY,6748,3
2491,0.9,False,Tin Sự Lạ,1,False,1795,False,628,0.0064,False,True,False,True,True,False,False,False,80,21,12,30,even,False,2019-10-09T12:41:44Z,top 10 sự thật,44900,TOP 10 Phong Cách Làm Đẹp Kỳ Lạ Và Kinh Dị Của Con Gái Trên Thế Giới - Tin Sự Lạ,u_b9-lnJsjA,2034,1
2497,3.17,False,Tin Sự Lạ,0,False,1747,False,748,0.0036,False,True,False,True,True,False,False,False,100,25,26,23,even,False,2019-10-03T06:26:50Z,top 10 sự thật,44900,"Nguy Hiểm Gấp 50 Lần Hổ Mang Chúa, 1 Phát Tòi 2000 Mạng Và 10 Loài Rắn Độc Nhất Thế Giới - Tin Sự Lạ",7rl6yZ1Biuw,7191,3
2506,87.51,False,Tin Sự Lạ,29,False,1212,False,606,0.0026,False,True,False,True,True,False,False,False,66,17,486,24,even,False,2019-09-24T14:50:50Z,top 10 sự thật,44900,Khám Phá Những Bộ Tộc Ăn Thịt Người Có Thật 100% - Tin Tức & Sự Lạ,JMowaWG6fqY,198519,79
2507,1.43,False,Tin Sự Lạ,0,False,1371,False,468,0.004,False,True,False,True,True,False,False,False,99,25,13,28,even,False,2019-09-23T01:00:11Z,top 10 sự thật,44900,"Thật Khó Tin Với Giá 10 Con Vật Đắt Nhất Thế Giới, Không Phải Có Tiền Là Mua Được - Tin Tức & Sự Lạ",ZwJ9WxeuXM4,3243,1
2523,1.19,False,Tin Sự Lạ,1,False,1452,False,509,0.0037,False,True,False,True,True,False,False,False,97,24,9,26,even,True,2019-09-07T14:53:16Z,top 10 sự thật,44900,"TOP 10 Loài Rắn Độc Nhất Và Qúy Hiếm Nhất Thế Giới, Hổ Mang Chúa Phải Chào Thua - Tin Tức & Sự Lạ",ZQzYv9s-DkQ,2695,1
2527,0.39,False,Tin Sự Lạ,2,False,1364,False,393,0.0101,True,True,False,True,True,False,False,False,98,25,7,22,even,False,2019-09-02T16:00:59Z,top 10 sự thật,44900,"TOP 10 Chất Rắn Đắt Nhất Thế Giới, Chỉ Cần 1 Gram Thôi Bạn Sẽ Giàu Nhất Thế Giới - Tin Tức & Sự Lạ",G5nB2-R9nvw,894,0
2531,0.22,False,Tin Sự Lạ,2,False,1329,False,435,0.0122,False,True,False,True,True,False,False,False,91,21,4,26,even,False,2019-08-30T11:33:41Z,top 10 sự thật,44900,"TOP 10 Chất Lỏng Cực Qúy Hiếm và Đắt Giá Nhất Thế Giới, Chỉ 1Lít Sống Cả Đời Không Hết Tiền",M_RViZOKaE8,493,0
2542,0.36,False,Tin Sự Lạ,0,False,1358,False,430,0.0097,False,True,False,True,True,False,False,True,98,24,8,25,even,False,2019-08-18T15:38:48Z,top 10 sự thật,44900,Bạn Có Biết Ký Hiệu OK Cũng Khiến Bạn Đi Tù? Top 10 Cử Chỉ Bình Thường Ở TA Nhưng Bất Thường Ở TÂY,l_TSvY7RoIY,825,0
2550,0.71,False,Tin Sự Lạ,2,False,1131,False,151,0.0044,False,True,False,True,False,False,True,False,84,21,5,18,,False,2019-08-11T15:00:21Z,top 10 sự thật,44900,"Khám Phá: NẤM TRÀM Là Đặc Sản Hay Nấm Độc, Cách Phân Biệt Nấm Tràm - Tin Tức & Sự Lạ",aHi7ekoRq9o,1608,1
2551,0.39,False,Tin Sự Lạ,0,False,885,False,158,0.0079,False,True,False,True,False,False,False,True,71,18,7,20,,False,2019-08-09T16:14:04Z,top 10 sự thật,44900,Khám Phá: Phải Chăng Nấm Mối Mọc Từ Tổ Mối Như Lời Đồn? Tin Tức & Sự Lạ,e1SW4mfXpgo,885,0
2570,0.35,False,Tin Sự Lạ,0,True,3310,False,394,0.0114,False,True,False,True,True,False,False,False,91,23,9,23,odd,False,2019-07-22T06:30:16Z,top 10 sự thật,44900,Sự Thật Chưa Biết Sau MV HÃY TRAO CHO ANH SƠN TÙNG M-TP ft. Snoop Dogg #1 - Tin Tức & Sự Lạ,AP6SEsitzNM,787,0
2653,5.22,False,Tin Sự Lạ,4,False,1195,False,747,0.0025,False,True,False,True,True,False,False,False,83,21,26,14,even,False,2019-04-30T12:12:28Z,top 10 sự thật,44900,Ăn P.h.â.n Trâu  và 10 Món Ăn Tởm Nhất Nước Ta Khiến Bạn Phát Ó.i - Tin Tức & Sự Lạ,nDGO69sdtfk,11849,4
2661,0.48,False,Tin Sự Lạ,0,True,1580,False,345,0.0102,False,True,False,True,True,False,False,False,94,26,11,28,even,False,2019-04-22T05:35:19Z,top 10 sự thật,44900,TOP 6 Bí Ẩn Về Nhà Thờ Đức Bà Ở Paris Và Bí Mật Đằng Sau Bức Tượng Á.c Q.ủ.y - Tin Tức & Sự Lạ,Q53lH_KCWgE,1078,0
2665,1.55,False,Tin Sự Lạ,0,False,1841,False,616,0.004,False,True,False,True,True,False,False,False,88,23,14,20,even,False,2019-04-18T13:06:40Z,top 10 sự thật,44900,TOP 4 Món Ăn Đắt Giá Và Xa Xỉ Nhất Nhưng Cũng Nghịch Lý Nhất Hành Tinh - Tin Tức & Sự Lạ,JBkHPJ2HSDw,3523,1
2738,97.23,False,Tin Sự Lạ,75,True,1042,False,616,0.0023,False,True,False,True,True,False,False,False,77,21,424,15,even,False,2019-02-03T23:00:01Z,top 10 sự thật,44900,TOP 10 Món Ăn Kinh Dị Nhất Trên Thế Giới - Không Ai Dám Thử - Tin Tức & Sự Lạ,DCup-5HIonQ,220576,81
2792,12.55,False,Tin Sự Lạ,49,True,1555,False,606,0.0094,False,True,False,True,True,False,False,False,92,25,219,24,even,False,2018-12-12T10:42:07Z,top 10 sự thật,44900,TOP 10 Sự thật thú vị về Trái Đất mà môn Địa Lý chưa dạy khiến bạn bất ngờ - Tin Tức & Sự Lạ,4bnPNllZ-kM,28476,10
2808,4.53,False,Tin Sự Lạ,6,False,1917,False,408,0.0096,False,True,False,True,True,False,False,False,75,18,93,20,even,False,2018-11-26T00:30:01Z,top 10 sự thật,44900,TOP 10 Bí Ẩn Chưa Từng Kể Về Thảm Họa Chìm Tàu Titanic Hơn 100 Năm giấu kín,qVd9UkPxi3I,10272,4
2811,0.26,False,Tin Sự Lạ,0,True,1400,False,170,0.0033,False,True,False,True,True,False,False,False,97,23,2,21,even,False,2018-11-22T17:23:28Z,top 10 sự thật,44900,Đã Xác Đinh Được Danh Tính 6 Người C.H.Ế.T Trong Vụ Cháy Xe Bồn Ở Bình Phước - Bí Mật Chưa Ai Nói,12evloX_os4,598,0
2812,25.91,False,Tin Sự Lạ,22,False,1943,False,504,0.0012,False,False,False,True,True,False,False,False,84,17,47,18,even,False,2018-11-22T03:29:47Z,top 10 sự thật,44900,Toàn cảnh Xe Bồn Xăng Dầu Cháy nổ ở Bình Phước (22/11/2018) làm 6 người C.H.Ế.T cháy,a9eXDAker_s,58787,21
2818,249.75,False,Tin Sự Lạ,186,True,1446,False,604,0.0076,False,True,False,True,True,False,False,False,72,20,4142,19,even,False,2018-11-16T03:59:11Z,top 10 sự thật,44900,Top 10 Sự Thật Về Nữ Sinh Ở Nhật Bản Khiến Bạn Bất Ngờ - Tin Tức & Sự Lạ,eTKc4sqgVxo,566569,201
2902,0.64,False,Tin Sự Lạ,0,False,1258,False,601,0.0,False,True,False,True,True,False,False,False,96,22,0,31,even,False,2018-08-24T06:30:03Z,top 10 sự thật,44900,Top 10 Sinh Vật Khổng Lồ Bí Ẩn Sống 1.000.000.000 Năm Trước Mà Bạn Chưa Biết P2– Tin Tức & Sự Lạ,RdEllDhqMkQ,1444,0
2904,1.1,False,Tin Sự Lạ,2,False,1216,False,693,0.0108,False,True,False,True,True,False,False,False,97,23,25,32,even,False,2018-08-22T13:23:32Z,top 10 sự thật,44900,Top 10 Sinh Vật Khổng Lồ Bí Ẩn Sống 1.000.000.000 Năm Trước Mà Bạn Chưa Biết P1 – Tin Tức & Sự Lạ,iLe20RCQNHc,2503,1
2910,0.27,False,Tin Sự Lạ,0,True,2780,False,711,0.0032,False,True,False,True,True,False,False,False,96,24,2,21,even,False,2018-08-16T08:21:20Z,top 10 sự thật,44900,"Top 10 Bí Mật Tam Giác Quỷ Bermuda, Giải Thích Lý Do Tai Nạn Máy Bay Liên Hoàn - Tin Tức & Sự Lạ",M4CegC4lLVg,618,0
3185,0.22,False,Tin Sự Lạ,0,False,802,False,182,0.002,False,True,False,True,False,False,False,False,71,19,1,21,,False,2017-11-14T08:34:42Z,top 10 sự thật,44900,"Những Người Có Trán Này Số Sướng Cả Đời, Cả Nam Và Nữ - Tin Tức & Sự Lạ",irUOrKgZvFs,489,0
1,0.43,False,Mặt Trái Sự Thật ,99,False,81,False,2954,0.1106,False,True,False,False,True,False,False,False,47,11,419,8,even,False,2026-08-04T07:55:28Z,giá vàng phân tích,44000,38 Giá Vàng Cô Huyền Bình Dương Thấy Gì Sấp Tới,xbeeiaxxhBM,4682,4682
1,1.51,False,Mặt Trái Sự Thật ,74,True,103,False,2348,0.037,False,True,False,False,True,False,False,False,57,13,537,9,odd,False,2026-08-03T15:06:13Z,giá vàng phân tích,44000,37 Huấn Hoa Hồng Vua Quạt Cô Huyền Bình Dương Nói Sự Thật,HUQmH9WOVUQ,16521,16521
1,0.57,False,Mặt Trái Sự Thật ,68,False,74,False,2736,0.07,False,True,False,False,True,False,False,False,48,11,365,5,even,False,2026-08-03T08:44:45Z,giá vàng phân tích,44000,36 Cô Huyền Bình Dương Dự Đoán Giá Vàng Ngày Mai,7NuKl8oGB1o,6189,6189
2,1.12,False,Mặt Trái Sự Thật ,126,False,78,False,3918,0.0558,False,True,False,False,True,False,False,False,52,12,557,0,odd,False,2026-08-02T15:11:18Z,giá vàng phân tích,44000,35 Cô Huyền Bình Dương Dự Đoán Tương Lai Vàng Về Đâu,20erMJa7F5U,12234,6117
2,0.39,False,Mặt Trái Sự Thật ,91,False,83,False,3620,0.0951,False,True,False,False,True,False,False,False,49,11,312,7,even,False,2026-08-02T08:29:56Z,giá vàng phân tích,44000,34 Giá Vàng Cô Huyền Bình Dương Dự Đoán Tương Lai,QJjJs1L_kFk,4236,2118
2,0.74,False,Mặt Trái Sự Thật ,104,False,84,False,3842,0.06,False,True,False,False,True,False,False,False,50,11,385,8,odd,False,2026-08-02T04:17:59Z,giá vàng phân tích,44000,33 Cô Huyền Bình Dương Thông Tin Giá Vàng Cùng BĐS,402v2fQadSg,8144,4072
3,0.24,False,Mặt Trái Sự Thật ,33,False,68,False,1883,0.0768,False,True,False,False,True,False,False,False,42,10,171,6,even,False,2026-08-01T13:55:56Z,giá vàng phân tích,44000,32 Cô Huyền Bình Dương Nói Lên Tối Hôm Nay,a8BnChL2D04,2656,885
3,0.85,False,Mặt Trái Sự Thật ,113,False,77,False,3851,0.0645,False,True,False,False,True,False,False,False,43,10,484,8,odd,False,2026-08-01T09:27:58Z,giá vàng phân tích,44000,31 Cô Huyền Bình Dương Rõ Giá Vàng Ngày Mai,VD_msawOznc,9258,3086
3,0.85,False,Mặt Trái Sự Thật ,93,False,90,False,3413,0.0533,False,True,False,False,True,False,False,False,56,12,403,8,even,False,2026-08-01T03:21:12Z,giá vàng phân tích,44000,30 Cô Huyền Bình Dương Dự Đoán Giá Vàng Trong Tương Lai ,GZgSlWyHka8,9302,3101
4,0.88,False,Mặt Trái Sự Thật ,129,False,77,False,3809,0.066,False,True,False,False,True,False,False,False,43,10,509,8,odd,False,2026-07-31T09:14:13Z,giá vàng phân tích,44000,29 Giá Vàng Cô Huyền Bình Dương Nói Hôm Nay,mAAxIvz1w3Y,9670,2418
4,0.92,False,Mặt Trái Sự Thật ,112,False,83,False,3630,0.0584,False,True,False,False,True,False,False,False,49,11,474,8,even,False,2026-07-31T03:58:41Z,giá vàng phân tích,44000,28 Cô Huyền Bình Dương Thông Báo Giá Vàng Mệt Nha,H0cOLD4LY2c,10037,2509
6,1.07,False,Mặt Trái Sự Thật ,123,True,68,False,4083,0.0549,False,True,False,False,True,False,False,False,42,10,521,5,odd,False,2026-07-29T08:09:54Z,giá vàng phân tích,44000,27 Cô Huyền Bình Dương Nói Bí Mật Về Vàng ,LHZ1vJsPRFk,11738,1956
6,0.8,False,Mặt Trái Sự Thật ,154,False,83,False,3503,0.0855,False,True,False,False,True,False,False,False,49,11,591,7,even,False,2026-07-29T03:55:38Z,giá vàng phân tích,44000,26 Vàng Sập Cô Huyền Bình Dương Dự Đoán Tương Lai,NBlP4H_pLZw,8713,1452
7,0.92,False,Mặt Trái Sự Thật ,145,False,83,False,3009,0.0608,False,True,False,False,True,False,False,False,49,11,466,8,even,False,2026-07-28T08:21:52Z,giá vàng phân tích,44000,26 Giá Vàng Cô Huyền Bình Dương Dự Đoán Tương Lai,ODVeM9BdaNo,10053,1436
7,1.35,False,Mặt Trái Sự Thật ,159,False,85,False,3592,0.0639,False,True,False,False,True,False,False,False,51,11,786,8,odd,False,2026-07-28T03:40:44Z,giá vàng phân tích,44000,25 Cô Huyền Bình Dương Nói Giá Vàng Trong Tương Lai,XxU7Oro0o7w,14794,2113
8,2.69,False,Mặt Trái Sự Thật ,356,False,91,False,3457,0.0572,False,True,False,False,True,False,False,False,57,13,1326,5,even,False,2026-07-27T09:13:43Z,giá vàng phân tích,44000,24 Cô Huyền Bình Dương Dự Định Giá Vàng Thế Giới Xu Hướng,TiSszv8UqT0,29410,3676
8,0.61,False,Mặt Trái Sự Thật ,97,False,80,False,3543,0.0611,False,True,False,False,True,False,False,False,49,11,310,6,odd,False,2026-07-27T03:11:08Z,giá vàng phân tích,44000,23 Vàng Chào Ngày Mới Cô Huyền Bình Dương Nói Hết,KBEHyNNbZrE,6658,832
9,0.93,False,Mặt Trái Sự Thật ,118,False,73,False,3496,0.0649,False,True,False,False,True,False,False,False,39,9,545,8,even,False,2026-07-26T09:10:30Z,giá vàng phân tích,44000,22 Vàng Hôm Nay PNJ Cô Huyền Bình Dương,t5u76YgYeOc,10220,1136
9,1.01,False,Mặt Trái Sự Thật ,159,False,74,False,3589,0.0713,False,True,False,False,True,False,False,False,40,9,625,8,odd,False,2026-07-26T04:28:41Z,giá vàng phân tích,44000,21 Cô Huyền Bình Dương Dự Đoán Giá Vàng ,8q2xpVqcMfo,11000,1222
10,1.25,False,Mặt Trái Sự Thật ,177,True,106,False,4033,0.0664,False,True,False,False,True,False,False,False,66,15,731,8,even,False,2026-07-25T09:03:24Z,giá vàng phân tích,44000,20 Cô Huyền Bình Dương Nói Hết Vàng SJC Sự Thật Phía Sau Kim Cương,fqmt0Ukz7k0,13676,1368
10,1.19,False,Mặt Trái Sự Thật ,154,False,65,False,1683,0.0557,False,True,False,False,True,False,False,False,38,9,569,5,odd,False,2026-07-25T03:13:59Z,giá vàng phân tích,44000,19 Vàng SJC Cô Huyền Bình Dương Nói Rõ,jJVIlvHRtV4,12978,1298
11,1.13,False,Mặt Trái Sự Thật ,122,True,80,False,4346,0.0478,False,True,False,False,True,False,False,False,46,11,467,9,even,False,2026-07-24T08:44:51Z,giá vàng phân tích,44000,18 Vàng SCJ Cô Huyền Bình Dương Nói Rõ Sự Thật,JXnmYDV_aow,12312,1119
11,2.4,False,Mặt Trái Sự Thật ,292,False,83,False,2863,0.051,False,True,False,False,True,False,False,False,49,11,1047,6,odd,False,2026-07-24T04:09:26Z,giá vàng phân tích,44000,17 Cô Huyền Bình Dương Nói Hết Vàng SCJ Kim Cương,sxAi5YEUTCI,26273,2388
12,0.99,False,Mặt Trái Sự Thật ,151,False,86,False,2676,0.0717,False,True,False,False,True,False,False,False,51,12,629,7,even,False,2026-07-23T07:51:28Z,giá vàng phân tích,44000,16 Cô Huyền Bình Dương Nói Rõ Kim Cương Và Giá Vàng,D75QHP9zo1I,10872,906
12,0.9,False,Mặt Trái Sự Thật ,118,False,109,False,3532,0.0583,False,True,False,False,True,False,False,False,66,15,457,9,odd,False,2026-07-23T04:11:42Z,giá vàng phân tích,44000,15 Hơn 3 Ngàn Viên Kim Cương Cô Huyền Bình Dương Nhìn Lại Giá Vàng,Q9WDlXRYfJk,9861,822
13,1.36,False,Mặt Trái Sự Thật ,162,False,92,False,3946,0.0543,False,True,False,False,True,False,False,False,58,13,645,8,even,False,2026-07-22T09:06:32Z,giá vàng phân tích,44000,14 Cô Huyền Bình Dương Nói Đến Giá Vàng Nhắc Đến Một Người,DVZ7j-sawWw,14873,1144
13,1.31,False,Mặt Trái Sự Thật ,143,False,107,False,2902,0.0575,False,True,False,False,True,False,False,False,64,14,683,7,odd,False,2026-07-22T04:22:28Z,giá vàng phân tích,44000,13 Cô Huyền Bình Dương Nói Hết Kim Cương PNJ Cùng Bà Phương Hằng,O_KxrHDALv4,14363,1105
14,1.68,False,Mặt Trái Sự Thật ,148,False,77,False,3701,0.0512,False,True,False,False,True,False,False,False,51,11,795,6,even,False,2026-07-21T07:45:41Z,giá vàng phân tích,44000,12 Cô Huyền Bình Dương Nhìn Xu Hướng Vàng Thế Giiới,FHDVO-I0AMA,18426,1316
18,2.18,False,Mặt Trái Sự Thật ,324,False,118,False,3736,0.0613,False,True,False,False,True,False,False,False,70,16,1140,7,odd,False,2026-07-17T14:35:27Z,giá vàng phân tích,44000,11 Cô Huyền Bình Dương Dự Đoán Vàng Thế Giới Chạy Dài Tiệm Vàng Kim Lý,l_q8DM5yzoE,23888,1327
18,1.51,False,Mặt Trái Sự Thật ,203,False,94,False,2539,0.0621,False,True,False,False,True,False,False,False,60,14,821,7,even,False,2026-07-17T03:03:44Z,giá vàng phân tích,44000,10 Cô Huyền Bình Dương Nói Rõ Thông Tin Mới Về Vàng Thế Giới,9OA6zkjkXJk,16478,915
67,1.09,False,TRI THỨC TINH HOA,3,False,2363,False,6218,0.0132,False,True,True,True,True,True,False,False,93,22,41,25,odd,False,2026-05-29T13:30:36Z,làm giàu tư duy,42100,🔥 17 chuyện trí tuệ thâm thúy CỔ NHÂN DẠY giúp bạn Hiểu THẤU LÒNG CHA MẸ | Triết Lý Cuộc Sống,YqxRRW4Oj1A,3332,50
69,0.73,False,TRI THỨC TINH HOA,5,False,2367,False,6090,0.0144,False,True,True,True,True,True,False,False,97,22,27,26,odd,False,2026-05-27T13:30:19Z,làm giàu tư duy,42100,🔥 27 chuyện trí tuệ thâm thúy CỔ NHÂN DẠY giúp  bạn hiểu CHUYỆN ĐỜI THÂM SÂU | Triết Lý Cuộc Sống,WSZKJYT8jWU,2215,32
70,2.9,False,TRI THỨC TINH HOA,3,False,2360,False,5733,0.0094,False,True,True,True,True,True,False,False,89,20,80,25,even,False,2026-05-26T13:30:37Z,làm giàu tư duy,42100,🔥12 chuyện trí tuệ thâm thúy CỔ NHÂN DẠY giúp SỐNG TỈNH TÁO MỖI NGÀY | Triết Lý Cuộc Sống,SE4uBBIG8JA,8860,127
71,1.04,False,TRI THỨC TINH HOA,5,False,2272,False,6349,0.0132,False,True,True,True,True,True,False,False,89,21,37,25,even,False,2026-05-25T13:30:37Z,làm giàu tư duy,42100,🔥 18 chuyện trí tuệ thâm thúy CỔ NHÂN DẠY giúp bạn TÍCH CỰC SUỐT ĐỜI | Triết Lý Cuộc Sống,IW5JIfdav5E,3179,45
73,0.39,False,TRI THỨC TINH HOA,3,False,2362,False,6217,0.0118,False,True,True,True,True,True,False,False,91,21,11,25,odd,False,2026-05-23T13:30:15Z,làm giàu tư duy,42100,🔥 23 chuyện trí tuệ thâm thúy cổ nhân dạy giúp bạn KHÔN NGOAN GIỮA ĐỜI | Triết Lý Cuộc Sống,UVhD887R6cU,1183,16
74,1.55,False,TRI THỨC TINH HOA,3,False,2363,False,6021,0.0091,False,True,True,True,True,True,False,False,92,21,40,25,even,False,2026-05-22T13:30:13Z,làm giàu tư duy,42100,🔥14 chuyện trí tuệ thâm thúy CỔ NHÂN DẠY giúp bạn SỐNG Ý NGHĨA GIỮA ĐỜI | Triết Lý Cuộc Sống,wI4-6jEnr2M,4725,64
75,1.29,False,TRI THỨC TINH HOA,7,False,2367,False,5896,0.0117,False,True,True,True,True,True,False,False,97,23,39,26,even,False,2026-05-21T13:30:34Z,làm giàu tư duy,42100,🔥 16 Câu chuyện trí tuệ thâm thúy CỔ NHÂN DẠY giúp bạn SỐNG AN LÀNH GIỮA ĐỜI | Triết Lý Cuộc Sống,VAF6B0B0k10,3939,53
79,0.64,False,TRI THỨC TINH HOA,1,False,2367,False,6227,0.0087,False,True,False,True,True,True,False,False,95,22,16,25,odd,False,2026-05-17T13:30:15Z,làm giàu tư duy,42100,25 Câu chuyện trí tuệ thâm thúy CỔ NHÂN DẠY giúp bạn Sống Ý NGHĨA TRỌN ĐỜI | Triết Lý Cuộc Sống,u7L1oGQ5Xd4,1945,25
81,3.41,False,TRI THỨC TINH HOA,8,False,2369,False,6242,0.008,False,True,True,True,True,True,False,False,99,23,75,25,even,False,2026-05-15T13:30:09Z,làm giàu tư duy,42100,🔥 30 Câu chuyện trí tuệ thâm thúy CỔ NHÂN DẠY giúp bạn SỐNG BÌNH THẢN SUỐT ĐỜI | Triết Lý Cuộc Sống,GuV68Qlq66k,10394,128
83,1.49,False,TRI THỨC TINH HOA,3,False,2362,False,6100,0.0103,False,True,True,True,True,True,False,False,92,22,44,26,odd,False,2026-05-13T13:30:28Z,làm giàu tư duy,42100,🔥 15 Câu chuyện trí tuệ thâm thúy CỔ NHÂN DẠY giúp bạn MỘT ĐỜI AN NHIÊN | Triết Lý Cuộc Sống,I0bzjvAipKw,4553,55
85,1.03,False,TRI THỨC TINH HOA,1,False,2366,False,6104,0.0089,False,True,True,True,True,True,False,False,95,21,27,25,even,False,2026-05-11T13:30:29Z,làm giàu tư duy,42100,🔥22 Câu chuyện trí tuệ thâm thúy CỔ NHÂN DẠY giúp bạn SỐNG KHÔNG TIẾC NUỐI | Triết Lý Cuộc Sống,AS4y8uwCAFM,3149,37
86,0.5,False,TRI THỨC TINH HOA,5,False,2363,False,6089,0.0143,False,True,True,True,True,True,False,False,93,22,17,25,even,False,2026-05-10T13:30:12Z,làm giàu tư duy,42100,🔥 18 Câu chuyện trí tuệ thâm thúy CỔ NHÂN DẠY giúp bạn GIA ĐẠO HẠNH PHÚC | Triết Lý Cuộc Sống,oR0XCmL9ocY,1535,18
89,4.26,False,TRI THỨC TINH HOA,4,False,2364,False,6252,0.0075,False,True,True,True,True,True,False,False,93,22,93,26,even,False,2026-05-07T13:30:00Z,làm giàu tư duy,42100,🔥 20 Câu chuyện trí tuệ thâm thúy CỔ NHÂN DẠY giúp bạn TỈNH TÁO SUỐT ĐỜI | Triết Lý Cuộc Sống,K0gwfHvqFps,13002,146
90,1.49,False,TRI THỨC TINH HOA,1,False,2367,False,6104,0.0075,False,True,True,True,True,True,False,False,96,21,33,26,even,False,2026-05-06T13:30:00Z,làm giàu tư duy,42100,🔥14 Câu chuyện trí tuệ thâm thúy CỔ NHÂN DẠY giúp bạn TRƯỞNG THÀNH MỖI NGÀY | Triết Lý Cuộc Sống,yVul47IEIFE,4544,50
91,1.78,False,TRI THỨC TINH HOA,8,False,2364,False,6191,0.0101,False,True,True,True,True,True,False,False,93,21,47,26,even,False,2026-05-05T13:30:00Z,làm giàu tư duy,42100,🔥28 Câu chuyện trí tuệ thâm thúy CỔ NHÂN DẠY giúp bạn SỐNG KHÔN GIỮA ĐỜI | Triết Lý Cuộc Sống,WyV1CxcHGSY,5441,60
93,2.97,False,TRI THỨC TINH HOA,9,False,2364,False,6226,0.0108,False,True,True,True,True,True,False,False,93,21,89,26,even,False,2026-05-03T13:30:00Z,làm giàu tư duy,42100,🔥16 Câu chuyện trí tuệ thâm thúy CỔ NHÂN DẠY giúp bạn NHÌN XA TRÔNG RỘNG | Triết Lý Cuộc Sống,76y23uv20VE,9049,97
94,0.77,False,TRI THỨC TINH HOA,0,False,2366,False,6399,0.009,False,True,True,True,True,True,False,False,96,22,21,26,odd,False,2026-05-02T13:30:00Z,làm giàu tư duy,42100,🔥 21 Câu chuyện trí tuệ thâm thúy CỔ NHÂN DẠY giúp bạn HIỂU NGƯỜI HIỂU MÌNH | Triết Lý Cuộc Sống,mpa-gsU7zW8,2343,25
96,0.28,False,TRI THỨC TINH HOA,0,False,2365,False,6196,0.0104,False,True,True,True,True,True,False,False,94,21,9,25,odd,False,2026-04-30T13:30:00Z,làm giàu tư duy,42100,🔥17 Câu chuyện trí tuệ thâm thúy CỔ NHÂN DẠY giúp bạn TRÂN TRỌNG GIA ĐÌNH | Triết Lý Cuộc Sống,EkfoZYbnejg,868,9
97,0.97,False,TRI THỨC TINH HOA,3,False,2363,False,6327,0.0139,False,True,True,True,True,True,False,False,92,22,38,25,even,False,2026-04-29T13:30:00Z,làm giàu tư duy,42100,🔥 30 Câu chuyện trí tuệ thâm thúy CỔ NHÂN DẠY bạn về TIỀN VÀ LÒNG NGƯỜI | Triết Lý Cuộc Sống,YEHsZo-ZHi0,2951,30
98,0.77,False,TRI THỨC TINH HOA,3,False,2364,False,6108,0.0123,False,True,True,True,True,True,False,False,94,22,26,26,odd,False,2026-04-28T13:30:00Z,làm giàu tư duy,42100,🔥 19 Câu chuyện trí tuệ thâm thúy CỔ NHÂN DẠY giúp bạn THẤU HIỂU GIA ĐÌNH | Triết Lý Cuộc Sống,bB5rw5tFdZw,2350,24
100,0.7,False,TRI THỨC TINH HOA,1,False,2364,False,5901,0.0117,False,True,True,True,True,True,False,False,93,21,24,26,even,False,2026-04-26T13:30:00Z,làm giàu tư duy,42100,🔥26 Câu chuyện trí tuệ thâm thúy CỔ NHÂN DẠY giúp bạn SỐNG KHÔN TRỌN ĐỜI | Triết Lý Cuộc Sống,steLYekoVC4,2140,21
101,1.34,False,TRI THỨC TINH HOA,4,False,2362,False,5843,0.0086,False,True,True,True,True,True,False,False,92,22,31,26,odd,False,2026-04-25T13:30:00Z,làm giàu tư duy,42100,🔥 15 Câu chuyện trí tuệ thâm thúy CỔ NHÂN DẠY khiến bạn SUY NGẪM CẢ ĐỜI | Triết Lý Cuộc Sống,9mS6MUnWbWs,4073,40
103,0.63,False,TRI THỨC TINH HOA,3,False,2362,False,5796,0.0146,False,True,True,True,True,True,False,False,92,21,25,26,even,False,2026-04-23T13:30:00Z,làm giàu tư duy,42100,🔥20 Câu chuyện trí tuệ thâm thúy CỔ NHÂN DẠY giúp bạn HIỂU SÂU CUỘC ĐỜI | Triết Lý Cuộc Sống,e_yOWaQgM_8,1912,19
104,0.53,False,TRI THỨC TINH HOA,1,False,2340,False,5786,0.0074,False,True,True,True,True,False,False,False,69,16,11,25,even,False,2026-04-22T13:30:00Z,làm giàu tư duy,42100,🔥12 Câu chuyện trí tuệ thâm thúy CỔ NHÂN DẠY giúp bạn TÂM AN TRỌN ĐỜI,W6IjE5kdCHA,1629,16
105,0.68,False,TRI THỨC TINH HOA,5,False,2366,False,6071,0.015,False,True,True,True,True,True,False,False,95,22,26,25,odd,False,2026-04-21T13:30:00Z,làm giàu tư duy,42100,🔥41 Câu chuyện trí tuệ thâm thúy CỔ NHÂN DẠY giúp bạn SỐNG AN LÀNH TỚI GIÀ | Triết Lý Cuộc Sống,VNHvzIF9bVw,2070,20
107,0.61,False,TRI THỨC TINH HOA,1,False,2357,False,6195,0.0112,False,True,True,True,True,True,False,False,87,20,20,26,even,False,2026-04-19T13:30:00Z,làm giàu tư duy,42100,🔥 16 Câu chuyện trí tuệ thâm thúy CỔ NHÂN dạy  THẤU HIỂU CUỘC SỐNG | Triết Lý Cuộc Sống,DtRvHE2jhwk,1871,17
108,0.68,False,TRI THỨC TINH HOA,3,False,2362,False,5956,0.014,False,True,True,True,True,True,False,False,91,21,26,26,even,False,2026-04-18T13:30:00Z,làm giàu tư duy,42100,🔥22 Câu chuyện trí tuệ thâm thúy CỔ NHÂN DẠY bạn SỐNG AN NHIÊN TỚI GIÀ | Triết Lý Cuộc Sống,SSU6qyqWZ98,2069,19
109,1.32,False,TRI THỨC TINH HOA,1,False,2361,False,6277,0.0064,False,True,True,True,True,True,False,False,90,20,25,26,odd,False,2026-04-17T13:30:00Z,làm giàu tư duy,42100,"🔥23 Câu chuyện trí tuệ thâm thúy, CỔ NHÂN DẠY, NHÂN QUẢ CỦA LÒNG THAM | Triết Lý Cuộc Sống",-gIy7P3jOAQ,4035,37
111,0.59,False,TRI THỨC TINH HOA,7,False,2366,False,5917,0.0173,False,True,True,True,True,True,False,False,95,21,24,26,odd,False,2026-04-15T13:30:00Z,làm giàu tư duy,42100,🔥17 Câu chuyện trí tuệ thâm thúy  CỔ NHÂN dạy giúp bạn NHÌN THẤU NHÂN TÌNH | Triết Lý Cuộc Sống,x9ajnR5QEyo,1796,16
112,1.53,False,TRI THỨC TINH HOA,3,False,2360,False,6295,0.0092,False,True,True,True,True,True,False,False,90,21,40,25,odd,False,2026-04-14T13:30:00Z,làm giàu tư duy,42100,🔥21 Câu chuyện trí tuệ thâm thúy CỔ NHÂN dạy giúp bạn NGỘ RA CUỘC ĐỜI | Triết Lý Cuộc Sống,9WTQ9MBVcwY,4678,42
1,0.09,False,Mẹ Gạo TV,0,False,0,False,59,0.0074,False,True,False,False,False,False,False,False,93,16,18,0,,False,2026-08-04T09:00:32Z,quản lý tiền,41600,Bị mẹ chồng coi thường vì không kiếm được tiền và cái kết #shortvideo #shorts #baihoccuocsong,qWUPib0OZTo,2437,2437
1,0.05,False,Mẹ Gạo TV,0,False,0,False,75,0.0108,False,False,False,False,False,False,True,False,46,7,13,0,,False,2026-08-04T03:30:38Z,quản lý tiền,41600,Cây bút hay viên gạch  #baihoccuocsong #shorts,G1T3e9REXzk,1201,1201
1,1.11,False,Mẹ Gạo TV,20,False,0,False,159,0.0238,False,False,False,False,False,False,False,False,80,12,666,0,,False,2026-08-03T12:00:27Z,quản lý tiền,41600,Quản lý vu khống nhân viên lấy trộm tiền #shorts #xuhuongyoutube #baihoccuocsong,z4AJL1Z-hfY,28868,28868
1,0.0,False,Mẹ Gạo TV,0,False,0,False,127,0.056,False,False,False,False,False,False,False,False,28,5,7,0,,False,2026-08-03T09:00:34Z,quản lý tiền,41600,Người vợ hiểu chuyện #shorts,Seonww1QntQ,125,125
1,0.45,False,Mẹ Gạo TV,1,False,0,False,78,0.0102,False,False,False,False,False,False,False,False,58,11,119,0,,False,2026-08-03T04:30:38Z,quản lý tiền,41600,Chàng trai tham phú phụ bần và cái kết #shorts #shortvideo,chbBTOUlnBk,11737,11737
3,0.48,False,Mẹ Gạo TV,8,False,0,False,137,0.0599,False,True,False,False,False,False,False,False,76,13,746,0,,False,2026-08-01T12:00:40Z,quản lý tiền,41600,Cô Gái Tâm Thần & Người Tài Xế Nhân Hậu #shorts #baihoccuocsong #yeucuocsong,sdphqz4bMwc,12590,4197
3,1.71,False,Mẹ Gạo TV,16,False,0,False,130,0.0164,False,False,False,False,False,False,False,False,53,7,719,0,,False,2026-08-01T09:00:37Z,quản lý tiền,41600,Đứa Con Bất Hiếu #shorts #baihoccuocsong #yeucuocsong,jEap5EuwV-8,44701,14900
3,3.63,False,Mẹ Gạo TV,85,False,565,False,99,0.0251,False,True,True,False,False,False,False,False,99,20,2296,0,,False,2026-08-01T03:00:06Z,quản lý tiền,41600,"🚨 Giả Làm Chồng Để Bắt Cóc Cô Gái ....Đến Khi Cô Gái Gào ""TÔI BỊ BẮT CÓC!"" #shorts  #baihoccuocsong",j2YT-a3hNUY,94893,31631
4,6.64,False,Mẹ Gạo TV,144,False,0,False,130,0.0256,False,False,False,False,False,False,False,False,53,7,4304,0,,False,2026-07-31T12:00:24Z,quản lý tiền,41600,Đứa Con Bất Hiếu #shorts #baihoccuocsong #yeucuocsong,rfQG-oeB9Sk,173474,43368
4,1.61,False,Mẹ Gạo TV,32,False,0,False,137,0.0494,False,True,False,False,False,False,False,False,76,13,2040,0,,False,2026-07-31T09:00:09Z,quản lý tiền,41600,Cô Gái Tâm Thần & Người Tài Xế Nhân Hậu #shorts #baihoccuocsong #yeucuocsong,XWH9UKBLJK0,41957,10489
4,5.58,False,Mẹ Gạo TV,170,False,592,False,84,0.0278,False,True,True,False,False,False,False,False,90,18,3882,0,,False,2026-07-31T03:00:10Z,quản lý tiền,41600,"🔥 ""CON RIÊNG KHÔNG XỨNG ĂN THỊT!"" – Tôi Lập Tức Đưa Mẹ BỎ NHÀ Đi! #shorts  #baihoccuocsong",b541EPifGoI,145623,36406
5,1.17,False,Mẹ Gạo TV,4,False,0,False,141,0.008,False,True,False,False,False,False,False,False,77,13,240,0,,False,2026-07-30T12:00:31Z,quản lý tiền,41600,Bài Học Đắt Gía Cho Cô Con Dâu Hách Dịch #shorts #baihoccuocsong #yeucuocsong,05FSWvgDaUA,30638,6128
5,0.05,False,Mẹ Gạo TV,0,False,0,False,151,0.0163,False,True,False,False,False,False,False,False,40,5,20,0,,False,2026-07-30T09:00:25Z,quản lý tiền,41600,Chàng rể ''QUÝ'' #shorts #baihoccuocsong,-NU9LNIZglk,1228,246
6,1.32,False,Mẹ Gạo TV,4,False,0,False,109,0.0099,False,False,False,False,False,False,False,False,75,12,339,0,,True,2026-07-29T12:00:28Z,quản lý tiền,41600,Xem thường cô lao công nghèo và cái kết #shortvideo #shorts #baihoccuocsong,kDxQ8zH6gtg,34555,5759
6,1.35,False,Mẹ Gạo TV,21,False,0,False,138,0.0278,False,True,False,False,False,False,False,False,38,6,960,0,,False,2026-07-29T09:00:12Z,quản lý tiền,41600,Cú Tát Bất Ngờ #shorts #baihoccuocsong,zIoupI270TU,35250,5875
6,3.23,False,Mẹ Gạo TV,21,False,0,False,103,0.0251,False,True,False,False,False,False,False,False,38,6,2092,0,,False,2026-07-29T03:00:15Z,quản lý tiền,41600,Cô Gái May Mắn #shorts #baihoccuocsong,Jhp5mqRjtYc,84269,14045
7,14.89,False,Mẹ Gạo TV,604,False,0,False,140,0.031,False,False,False,False,False,False,False,False,56,7,11447,0,,False,2026-07-28T12:00:39Z,quản lý tiền,41600,Cháu trai hiếu thảo #shorts #yeucuocsong #baihoccuocsong,qcK2RqZYpWs,388802,55543
7,0.47,False,Mẹ Gạo TV,23,False,0,False,160,0.0745,False,True,False,False,False,False,False,False,88,15,891,0,,False,2026-07-28T09:00:37Z,quản lý tiền,41600,Đuổi Mẹ Chồng Ra Khỏi Nhà Vì Bà Là Người Nông Thôn #shorts  #yeucuocsong #baihoccuocsong,_9dXunppvFY,12276,1754
8,0.74,False,Mẹ Gạo TV,3,False,0,False,116,0.0088,False,False,False,False,False,False,False,False,54,9,167,0,,False,2026-07-27T09:00:19Z,quản lý tiền,41600,Coi thường mẹ chồng và cái kết #shorts #baihoccuocsong,w1R7_NpHers,19329,2416
8,0.57,False,Mẹ Gạo TV,1,False,0,False,128,0.0132,False,True,False,False,False,False,False,False,63,10,195,0,,False,2026-07-27T03:00:07Z,quản lý tiền,41600,Mẹ Chồng Hai Mặt và cái kết #shorts #shortvideo #baihoccuocsong,O947-lGSTl4,14830,1854
9,0.94,False,Mẹ Gạo TV,7,False,0,False,108,0.0201,False,True,False,False,False,False,False,False,52,9,488,0,,False,2026-07-26T09:00:17Z,quản lý tiền,41600,Gái Xinh Ăn Chùa Và Cái Kết  #shorts #baihoccuocsong,6jVVX7oablM,24573,2730
9,5.79,False,Mẹ Gạo TV,208,False,699,False,101,0.0327,False,True,False,False,False,False,False,False,77,11,4727,0,,False,2026-07-26T03:00:28Z,quản lý tiền,41600,Là Con Riêng Nhưng Tình Thương Là Thật #shorts #baihoccuocsong #youtubeshorts,fmwgDEBKfu4,151148,16794
10,1.14,False,Mẹ Gạo TV,0,False,0,False,124,0.009,False,True,False,False,False,False,False,False,87,13,268,0,,False,2026-07-25T09:00:03Z,quản lý tiền,41600,Cô gái hiếu thảo và chàng trai may mắn #shortvideo #shorts #baihoccuocsong #yeucuocsong,Q_JWk78E-KY,29886,2989
10,0.96,False,Mẹ Gạo TV,4,False,0,False,180,0.0108,False,True,False,False,False,False,False,False,94,18,267,0,,False,2026-07-25T03:00:13Z,quản lý tiền,41600,Cô bé mồ côi thiếu tình thương tìm được hạnh phúc bên mẹ và cha dượng  #shorts #baihoccuocsong,-w8AMiuGbZA,25106,2511
11,0.9,False,Mẹ Gạo TV,1,False,0,False,113,0.0115,False,False,False,False,False,False,False,False,71,14,270,0,,False,2026-07-24T09:00:33Z,quản lý tiền,41600,Đi làm xa gửi tiền về phụng dưỡng bố và cái kết #shorts #baihoccuocsong,gZTOLsXZsFc,23497,2136
11,1.57,False,Mẹ Gạo TV,2,False,0,False,171,0.0107,False,True,False,False,False,False,False,False,88,17,435,0,,False,2026-07-24T03:00:30Z,quản lý tiền,41600,Cô gái chọn nhân cách thay vì hợp tác. Cái kết cho kẻ ngoại tình #shorts #baihoccuocsong,fSMuezsafm8,41006,3728
14,0.07,False,Mẹ Gạo TV,0,False,0,False,134,0.0311,False,False,False,False,False,False,False,False,81,16,57,0,,True,2026-07-21T09:00:36Z,quản lý tiền,41600,"Chỉ một câu nói với vợ, anh chàng mất luôn đối tác làm ăn #shorts #baihoccuocsong",fO7WxlZ0-6E,1833,131
14,0.05,False,Mẹ Gạo TV,0,False,0,False,145,0.0134,False,True,False,False,False,False,False,False,89,18,19,0,,False,2026-07-21T03:00:04Z,quản lý tiền,41600,Bắt Em Gái Kết Hôn Thay Vì Nghĩ Chồng Sắp Cưới Tàn Phế Và Cái Kết #shorts #baihoccuocsong,HrAQusFa2qA,1415,101
15,0.54,False,Mẹ Gạo TV,2,False,0,False,169,0.0099,False,False,False,False,False,False,False,False,66,9,139,0,,False,2026-07-20T09:00:18Z,quản lý tiền,41600,không phải ai cũng xứng đáng #shorts  #yeucuocsong #baihoccuocsong,ZPaeTuhWlLU,14201,947
15,1.04,False,Mẹ Gạo TV,18,False,0,False,135,0.0223,False,True,False,False,False,False,False,False,72,12,587,0,,False,2026-07-20T03:00:25Z,quản lý tiền,41600,Quản Lý Tham Ô Và Cái Giá Phải Trả #shorts  #yeucuocsong #baihoccuocsong,lUy4ruCdf7U,27132,1809
1,0.08,True,Anh Ba Tài Chính,2,False,2614,False,1461,0.0238,False,True,False,True,True,False,False,False,66,17,8,17,even,False,2026-08-04T12:00:03Z,tài chính cá nhân,40000,ĐÂY LÀ LÝ DO Nhiều Người Cày Cả Đời Vẫn KHÔNG CÓ 2 TỶ Tài Sản Ròng,GbpDMjO2rr8,420,420
1,0.22,True,Anh Ba Tài Chính,6,False,2879,False,1518,0.0205,False,True,False,True,True,False,False,False,74,18,19,18,odd,True,2026-08-03T12:00:04Z,tài chính cá nhân,40000,KHOẢNH KHẮC BẠN CÓ 1 TỶ ĐẦU TIÊN: Hãy Làm Điều Này Hoặc Bạn Sẽ MẤT TẤT CẢ!,Jme7ZGDAkFo,1221,1221
2,2.53,True,Anh Ba Tài Chính,25,False,2819,False,1552,0.0167,False,True,False,True,True,False,False,False,86,19,211,18,even,False,2026-08-02T04:00:03Z,tài chính cá nhân,40000,Hãy Làm Điều Này NGAY KHI Có 100 TRIỆU đầu tiên! (Hầu Hết Mọi Người Đang PHUNG PHÍ Nó),mRoOP4XhG3E,14134,7067
3,0.39,True,Anh Ba Tài Chính,4,False,2735,False,1505,0.0318,False,True,False,True,True,False,False,True,89,20,66,18,odd,False,2026-08-01T12:00:29Z,tài chính cá nhân,40000,CÚ LỪA KIẾM TIỀN BẰNG A.I: Người Kiếm Được 1 TỶ/tháng Kẻ TRẮNG TAY - Đâu là Sự Khác Biệt?,IFH4Rj2T05s,2201,734
4,0.61,True,Anh Ba Tài Chính,10,False,2854,False,1529,0.0231,False,True,False,True,False,False,False,False,66,15,69,16,,False,2026-07-31T12:00:29Z,tài chính cá nhân,40000,Hãy Làm Việc Này NGAY KHI Có LƯƠNG: Hầu Hết Mọi Người Đều LÀM SAI!,K-L9Efct2Xg,3417,854
5,0.43,True,Anh Ba Tài Chính,9,False,2749,False,1570,0.0232,True,True,False,True,False,False,True,True,68,15,47,19,,False,2026-07-30T12:00:06Z,tài chính cá nhân,40000,LÀM THUÊ  hay TỰ KINH DOANH: Lựa Chọn Nào Mới Giúp Bạn GIÀU THỰC SỰ?,K6JlrK3I1h0,2415,483
6,1.1,True,Anh Ba Tài Chính,3,False,2984,False,1593,0.0141,True,True,False,True,True,False,False,False,79,19,84,18,even,True,2026-07-29T12:00:10Z,tài chính cá nhân,40000,6 Tư Duy Người Giàu Đang Âm Thầm Làm - Người Nghèo Phải Biết Để Trở Nên Giàu Có,nns0e1qaDFw,6162,1027
6,0.9,True,Anh Ba Tài Chính,13,False,2857,False,1537,0.0179,True,True,False,True,False,False,False,False,66,16,77,16,,True,2026-07-29T04:00:16Z,tài chính cá nhân,40000,TIẾT KIỆM NHƯ THỂ ĐANG TRẢ NỢ: Mẹo Tâm Lý Thực Sự Giúp Bạn ĐỔI ĐỜI,P3OgTx8pweY,5023,837
7,0.88,True,Anh Ba Tài Chính,15,False,2698,False,1601,0.0234,False,True,False,True,False,False,False,False,72,15,101,18,,True,2026-07-28T12:00:13Z,tài chính cá nhân,40000,Nợ Ngập Cổ Cũng Hết: Chiến Lược THOÁT NỢ NHANH NHẤT Của Người Thông Minh,pdDFXoOgBtU,4948,707
8,0.9,True,Anh Ba Tài Chính,5,False,3522,False,1555,0.0187,False,True,False,True,True,False,False,False,71,17,89,20,even,False,2026-07-27T12:00:37Z,tài chính cá nhân,40000,10 Con Số Thống Kê Gây Sốc Về Tiền Bạc Năm 2026 Bạn Nhất Định Phải Biết,4kni_DxXrso,5027,628
9,7.21,True,Anh Ba Tài Chính,94,False,2890,False,1573,0.0148,False,True,False,True,True,False,False,False,69,17,504,20,even,False,2026-07-26T12:00:11Z,tài chính cá nhân,40000,Hãy Làm Việc Này NGAY KHI Có 2 TỶ: Hầu Hết Mọi Người Đều PHÁ HỎNG Nó!,aD1L8PfYgJs,40325,4481
10,0.57,True,Anh Ba Tài Chính,2,False,2936,False,1543,0.0269,False,False,False,True,True,False,False,False,49,12,83,18,odd,False,2026-07-25T12:00:21Z,tài chính cá nhân,40000,7 Kỹ Năng Giúp Bạn Kiếm Tiền Vượt Xa Bằng Đại Học,zgTN-0__giw,3163,316
11,0.58,True,Anh Ba Tài Chính,7,False,3279,False,1566,0.0203,False,True,False,True,True,False,False,False,69,15,59,20,even,True,2026-07-24T12:00:18Z,tài chính cá nhân,40000,12 Cách Biến Thời Gian Thành Tài Sản Bền Vững - NGƯỜI NGHÈO PHẢI BIẾT,qqIPe9tRsIQ,3258,296
12,1.1,True,Anh Ba Tài Chính,10,False,3119,False,1572,0.0168,True,True,False,True,True,False,False,False,63,15,94,20,even,False,2026-07-23T12:00:28Z,tài chính cá nhân,40000,Đừng Để Bị Lừa: 10 Cách Nhận Biết Kẻ “GIẢ VỜ GIÀU CÓ” Quanh Bạn,81iOA6lMYsk,6180,515
13,1.18,True,Anh Ba Tài Chính,28,False,2815,False,1629,0.0166,False,True,False,True,True,False,True,True,71,16,82,19,even,True,2026-07-22T12:00:14Z,tài chính cá nhân,40000,Thu Nhập Trung Bình Theo Độ Tuổi 2026: Vị Trí Của Bạn Là KHÁ Hay NGHÈO?,_XUJ2rLzByY,6615,509
14,2.16,True,Anh Ba Tài Chính,17,False,2651,False,1641,0.0201,False,True,False,True,True,False,False,False,71,17,226,20,odd,False,2026-07-21T12:00:31Z,tài chính cá nhân,40000,3 Khoản Đầu Tư Phát Huy Sức Mạnh Của LÃI KÉP Hiệu Quả Nhất tại Việt Nam,eDYrI854gdw,12085,863
15,1.89,True,Anh Ba Tài Chính,14,False,2833,False,1543,0.016,False,True,False,True,False,False,False,True,91,21,155,18,,False,2026-07-20T12:00:14Z,tài chính cá nhân,40000,"Họa Từ Miệng Mà Ra: Tại Sao Khi Bạn Tiết Kiệm Được Một Khoản Tiền Lớn, Đừng Nói Cho Ai Biết",3oHMXpQoQhM,10557,704
16,3.41,True,Anh Ba Tài Chính,33,False,2905,False,1505,0.0153,False,True,False,True,True,False,False,False,96,21,260,19,odd,False,2026-07-19T12:00:13Z,tài chính cá nhân,40000,3 Dấu Hiệu Cho Thấy Bạn Đang Vượt Trội Về Tài Chính So Với Người Khác (Dù Trông Rất Bình Thường),cL55lGi5pcA,19103,1194
17,0.63,True,Anh Ba Tài Chính,18,False,2732,False,1585,0.0279,False,True,False,True,False,False,True,True,89,21,80,17,,False,2026-07-18T12:00:11Z,tài chính cá nhân,40000,Vợ hay Chồng: Ai Nên Là Người GIỮ TIỀN Trong Gia Đình? Cách Để Anh Em Có QUỸ ĐEN Hợp Pháp,MuttXsOlVZk,3509,206
18,1.58,True,Anh Ba Tài Chính,15,False,3136,False,1496,0.0247,False,True,False,True,True,False,False,False,81,17,204,19,even,False,2026-07-17T12:00:28Z,tài chính cá nhân,40000,8 Khoản Đầu Tư KIẾM BỘN TIỀN Dành Cho Người LƯỜI (Chỉ Cần Vốn Dưới 1 Triệu/Tháng),T4GNR7iyo_4,8849,492
19,1.3,True,Anh Ba Tài Chính,13,False,3044,False,1550,0.0173,True,True,False,True,True,False,False,False,55,13,113,19,even,False,2026-07-16T12:00:38Z,tài chính cá nhân,40000,10 Điều Mà Người GIÀU THỰC SỰ Không Bao Giờ Bận Tâm Nữa,NgSscmXpNeE,7299,384
20,0.64,True,Anh Ba Tài Chính,14,False,3045,False,1524,0.0249,True,True,False,True,True,False,False,True,80,20,75,20,even,False,2026-07-15T12:00:14Z,tài chính cá nhân,40000,6 LỰA CHỌN Sau Khi Tốt Nghiệp CẤP 3: Ai Thực Sự THÀNH CÔNG và GIÀU CÓ Ở Tuổi 40?,rekTqiii55k,3578,179
21,0.78,True,Anh Ba Tài Chính,7,False,2727,False,1413,0.0195,False,True,False,True,True,False,False,True,68,16,78,20,even,False,2026-07-14T12:00:18Z,tài chính cá nhân,40000,THỜI DỄ KIẾM TIỀN ĐÃ HẾT: Vì Sao Năm 2026 Làm Ăn Ngày Càng Khó Khăn?,UvtYs4yriGU,4360,208
22,1.32,True,Anh Ba Tài Chính,15,False,2913,False,1575,0.0166,False,True,False,True,False,False,False,False,66,14,108,19,,False,2026-07-13T12:00:27Z,tài chính cá nhân,40000,"Làn Sóng Nghỉ Việc Của Giới Trẻ: Khi VĂN PHÒNG không còn ""ỔN ĐỊNH""",oStMTlb-wNQ,7393,336
23,4.54,False,Anh Ba Tài Chính,42,False,3312,False,1401,0.0249,False,True,False,True,True,False,False,False,79,16,591,20,even,False,2026-07-12T12:00:26Z,tài chính cá nhân,40000,10 Nghề Tay Trái Kiếm 5-20 Triệu/Tháng Cho Người Lười (Cực Dễ Ai Cũng Làm Được),6dpHPg2jU-k,25390,1104
24,2.24,True,Anh Ba Tài Chính,26,False,2890,False,1394,0.0159,False,True,False,True,True,False,False,True,72,17,173,20,even,False,2026-07-11T12:00:36Z,tài chính cá nhân,40000,Cuộc Sống Của Bạn Sẽ Thay Đổi Như Thế Nào Nếu Bạn Tích Sản Ngay Tuổi 30?,UVBfi3bswQ4,12551,523
25,2.23,True,Anh Ba Tài Chính,35,False,3192,False,1403,0.0156,True,True,False,True,True,False,False,False,77,17,160,20,even,True,2026-07-10T12:00:27Z,tài chính cá nhân,40000,10 Dấu Hiệu Của Người THỰC SỰ GIÀU (Kẻ Nghèo Có Cố Cũng Không Bắt Chước Được),Fu-5MKtMqEE,12483,499
26,1.75,False,Anh Ba Tài Chính,16,False,3139,False,1386,0.0149,False,True,False,True,True,False,False,False,74,20,130,19,odd,False,2026-07-09T12:00:23Z,tài chính cá nhân,40000,Ô TÔ Kẻ Hủy Diệt Tài Sản Số 1 và 8 Mẹo Tiết Kiệm Tiền Xương Máu Cho Chủ Xe,UacRvj74RnQ,9781,376
27,0.9,True,Anh Ba Tài Chính,13,False,2779,False,1403,0.0237,False,True,False,True,False,False,True,True,72,15,106,18,,False,2026-07-08T12:00:35Z,tài chính cá nhân,40000,“Sướng Trước Khổ Sau” Hay “Khổ Trước Sướng Sau”: Đâu Mới Là Lối Đi Đúng?,tUydWm4vLoc,5021,186
28,0.39,True,Anh Ba Tài Chính,8,False,3160,False,1382,0.0167,False,True,False,True,True,False,False,False,85,22,28,0,even,True,2026-07-07T12:00:28Z,tài chính cá nhân,40000,TOP 10 Mẫu Xe Ô TÔ từ 400 đến 800 Triệu Tốt Nhất 2026 - Cách Để Không Bị Mất Tiền NGU,ffoEv70WtoM,2154,77
146,1.34,False,lthbmmmmm,3,False,0,False,47,0.0174,False,False,True,False,False,False,False,False,95,14,982,0,,False,2026-03-11T00:41:43Z,personal finance tips,39500,I bet you didn’t know this Google flights travel hack! ✈️🤑 #travelhacks #traveltips #budgettrav,gg9aSGKd13c,56451,387
147,183.42,False,lthbmmmmm,200,False,0,False,34,0.0089,False,False,True,False,False,False,False,False,93,10,68197,0,,False,2026-03-10T08:05:33Z,personal finance tips,39500,Diamond ring savings hack! 💍 #diamondring #savemoney #engagementring #moneysavingtips #fiance,TeZAv_5QYO8,7713786,52475
148,0.84,False,lthbmmmmm,0,False,0,False,21,0.0072,False,False,False,False,True,False,False,False,38,7,256,0,odd,False,2026-03-09T08:51:51Z,personal finance tips,39500,Top 5 Most Smooth Sports Doneby Humans,8oO222DapLw,35514,240
149,0.37,False,lthbmmmmm,3,False,0,False,18,0.0045,False,False,False,False,False,False,False,False,41,6,66,0,,False,2026-03-08T09:53:37Z,personal finance tips,39500,Ranking the best punching machine moments,1or9Exo6vso,15389,103
151,0.78,False,lthbmmmmm,5,False,0,False,19,0.0048,False,True,False,False,False,False,False,False,30,5,153,0,,False,2026-03-06T03:15:07Z,personal finance tips,39500,Ranking BEST Upside Down Trend,_CixDmwg83A,32711,217
152,0.66,False,lthbmmmmm,2,False,0,False,27,0.0067,False,False,False,False,False,False,False,False,72,8,184,0,,False,2026-03-05T06:33:02Z,personal finance tips,39500,Ranking Best Perfect Timing Moments#shorts #youtubeshorts #funny #comedy,eRKe7OjtqfM,27659,182
153,0.86,False,lthbmmmmm,,False,0,False,14,0.0034,False,False,False,False,False,False,False,False,40,6,123,0,,False,2026-03-04T07:21:10Z,personal finance tips,39500,Ranking Cutest Babies Reaction In Church,RR6hio4pwIY,36307,237
154,0.62,False,lthbmmmmm,,False,0,False,29,0.0151,False,False,True,False,True,False,False,False,71,10,392,0,odd,False,2026-03-03T07:10:45Z,personal finance tips,39500,Top 3 Cutest Baby Responses Ever 😄#shorts #youtubeshorts #funny #comedy,kyHjqZjrNkI,25894,168
156,0.77,False,lthbmmmmm,2,True,0,False,20,0.0047,False,True,True,False,False,False,False,False,24,4,150,0,,False,2026-03-01T02:23:30Z,personal finance tips,39500,GENDER REVEALS MOMENTS 🤯,KLeKkCkzmz8,32499,208
157,0.63,False,lthbmmmmm,3,False,0,False,58,0.0099,False,False,False,False,True,False,False,True,87,15,261,0,odd,False,2026-02-28T07:15:49Z,personal finance tips,39500,These are the top 3 funniest and most iconic moments from The Kevin Langue Show!#shorts,blorowQjnqA,26638,170
158,1.14,False,lthbmmmmm,1,False,0,False,60,0.0108,False,False,False,False,True,False,False,True,75,10,513,0,odd,False,2026-02-27T07:43:34Z,personal finance tips,39500,Top 3 Sweetest Dating Show Moments#shorts #love #couplegoals #dating #sweet,mfg-hbz1Rd0,47805,303
159,0.77,False,lthbmmmmm,,False,0,False,59,0.0293,False,False,False,False,False,False,False,False,64,10,944,0,,False,2026-02-26T06:13:44Z,personal finance tips,39500,Like & subscribe for more top ranked perfectly cut compilations!,yHVfoF8YA2g,32261,203
160,0.59,False,lthbmmmmm,,False,0,False,30,0.0095,False,False,False,False,False,False,False,False,52,7,236,0,,False,2026-02-25T09:47:41Z,personal finance tips,39500,Ranking The Worst Fart Moments #shorts#ranking #fart,HGNHuwaETX4,24720,154
161,162.92,False,lthbmmmmm,313,False,0,False,65,0.0103,False,False,True,False,False,False,False,True,95,14,70313,0,,False,2026-02-23T18:00:20Z,personal finance tips,39500,How to get compensated for getting bumped from a flight ✈️🤑 #traveltips #moneysavingtips #money,LUkSHtM6QHk,6851871,42558
162,1.45,False,lthbmmmmm,7,False,0,False,32,0.0161,False,True,True,False,False,False,False,True,96,13,970,0,,False,2026-02-23T14:41:10Z,personal finance tips,39500,How to get cheap flights every time ✈️🤑 IB Moneydebunker #traveltips #traveltipsandhacks #travel,u8sQnbF4VE4,60819,375
162,12.69,False,lthbmmmmm,30,False,0,False,40,0.0064,False,False,True,False,True,False,False,False,95,15,3394,0,odd,False,2026-02-23T09:45:25Z,personal finance tips,39500,3 countries that will pay you to move there 🤑 #money #travel #finance #PersonalFinance #moneyti,jIPeej2QxHA,533863,3295
162,1.4,False,lthbmmmmm,6,False,0,False,17,0.0048,False,False,True,False,False,False,False,False,63,8,275,0,,False,2026-02-22T17:00:27Z,personal finance tips,39500,Starbucks Free Refill Hack! ☕️🤑 #starbucks #savemoney #LifeHack,Lmu0sJQXBcI,59002,364
163,1.67,False,lthbmmmmm,7,True,0,False,30,0.005,False,True,True,False,False,False,False,False,96,11,345,0,,False,2026-02-22T13:37:14Z,personal finance tips,39500,McDonald’s Fries Secret! 🍟 IB John Liang #mcdonalds #mcdonaldsfries #mcdonaldssecrets #mcdonalds,wq_x4Q12J9Y,70419,432
163,4.92,False,lthbmmmmm,25,False,0,False,30,0.0098,False,True,True,False,True,False,False,True,90,13,2013,0,odd,False,2026-02-22T07:36:14Z,personal finance tips,39500,How to save buying diamonds 💍 IB Bestgoat3 Finance Coach #savemoney #moneysaving #diamonds,skdOoQGuWrU,207047,1270
164,1.84,False,lthbmmmmm,13,False,0,False,30,0.0091,False,True,True,False,False,False,False,False,92,11,695,0,,False,2026-02-21T14:20:53Z,personal finance tips,39500,McDonald’s fries hack! 🍟 IB John Liang #mcdonalds #mcdonaldsfries #mcdonaldshacks #lifehacks,TFZK04C9RJA,77530,473
164,42.23,False,lthbmmmmm,123,False,0,False,26,0.0089,False,False,True,False,False,False,False,False,95,12,15683,0,,False,2026-02-21T14:20:23Z,personal finance tips,39500,Jobs That Will Pay Your College Tuition 🎓💸 #collegetuition #collegestudent #summerjobs #student,cAnCQcDJQAA,1776216,10831
165,41.38,False,lthbmmmmm,183,False,0,False,45,0.0149,False,False,True,False,False,False,False,True,82,12,25677,0,,False,2026-02-20T15:01:03Z,personal finance tips,39500,How to save money on hospital bills 🧾💵 #save #medicalbills #hospitalbill #hospital,-u962jfUJj8,1740451,10548
165,0.66,False,lthbmmmmm,2,False,0,False,61,0.0189,False,False,True,False,False,False,False,True,90,10,520,0,,False,2026-02-20T05:20:14Z,personal finance tips,39500,How The Rich Transfer Houses 🤑🏠 #finance #PersonalFinance #realestate #personalfinancetips,946MlOf_iSM,27631,167
166,0.77,False,lthbmmmmm,1,True,0,False,34,0.009,False,False,True,False,False,False,False,False,71,9,291,0,,False,2026-02-19T15:18:32Z,personal finance tips,39500,Hotel Secret Hack! 🤑 #hotels #traveltips #savemoney #finance #traveltok,Dwf0bWsCBnE,32299,195
167,107.91,False,lthbmmmmm,98,False,0,False,35,0.009,False,False,True,False,True,False,False,False,93,12,40659,0,even,False,2026-02-18T10:30:29Z,personal finance tips,39500,Buying A House At 18 Years Old! 🏠 #PersonalFinance #finance #creditscore #personalfinancetips,qAb5ZQGf5dc,4538309,27176
170,2.39,False,lthbmmmmm,9,False,0,False,47,0.0144,False,True,True,False,False,False,False,False,94,13,1435,0,,False,2026-02-15T14:37:19Z,personal finance tips,39500,Versace isn’t as luxurious as you think 🤫 IB Moneydebunker #versace #versacesunglasses #Person,vlLs8SZrFEM,100415,591
170,1.2,False,lthbmmmmm,10,True,0,False,42,0.0127,False,True,True,False,False,False,False,False,92,11,633,0,,False,2026-02-14T15:54:11Z,personal finance tips,39500,TJ Maxx Secret Discount Hack! 💸 #tjmaxx #tjmaxxfinds #tjmaxxhaul #savemoney #PersonalFinance,UWwEazOy5j4,50671,298
173,0.82,False,lthbmmmmm,0,False,0,False,20,0.0036,False,False,True,False,False,False,False,False,95,10,123,0,,False,2026-02-12T14:50:54Z,personal finance tips,39500,Starbucks Free Refill Hack! 💸☕️ #starbucks #savemoney #starbuckslover #moneysavingtips #moneyti,iGjPPDTnutY,34441,199
173,0.49,False,lthbmmmmm,2,True,0,False,49,0.0228,False,False,True,False,False,False,False,False,79,10,473,0,,False,2026-02-11T19:00:02Z,personal finance tips,39500,Cruise Line Secret Discount 🛳️ #cruise #cruisetok #save #cruiselife #cruiseship,3EMjWdDEegI,20811,120
173,0.68,False,lthbmmmmm,1,False,0,False,20,0.0077,False,True,True,False,True,False,False,False,94,15,220,0,even,False,2026-02-11T15:33:09Z,personal finance tips,39500,Crocs discount I bet you didn’t know 🤑 IB Garner Ted #crocs #discount #studentdiscount #crocs4,k3wWAAqP6P4,28766,166
21,10.3,False,Trạm Tri Thức,421,False,997,False,2007,0.0193,False,False,False,False,False,False,False,True,75,16,3692,25,,False,2026-07-14T12:00:06Z,quản lý tiền,39000,Trung Quốc vừa làm sập thị trường Kim Cương? Chuyện gì đang thực sự xảy ra?,CuPNHWKzTs8,212577,10123
42,6.34,False,Trạm Tri Thức,141,False,1051,False,2370,0.0159,False,True,False,False,False,False,False,True,51,12,1936,37,,False,2026-06-23T12:15:06Z,quản lý tiền,39000,Vì sao KHÔNG quốc gia nào tự sản xuất được Chip AI?,zpMlSGmzx3c,130870,3116
50,0.52,False,Trạm Tri Thức,14,False,1123,False,2048,0.0176,True,True,False,False,False,False,False,True,98,23,173,26,,False,2026-06-15T11:30:06Z,quản lý tiền,39000,"Thụy Sĩ Đã Giàu Lên Như Thế Nào Khi Không Có Dầu Mỏ, Không Có Biển Và Gần Như Không Có Tài Nguyên?",HKRkZt-DI0k,10647,213
61,2.93,False,Trạm Tri Thức,262,False,1080,False,3649,0.0209,False,True,False,False,False,False,False,True,33,8,999,27,,False,2026-06-04T11:30:06Z,quản lý tiền,39000,Điều Gì Đang Xảy Ra Với Hàn Quốc?,OOHlK8eOflA,60418,990
69,4.97,False,Trạm Tri Thức,130,True,1093,False,2709,0.0118,False,True,False,False,True,False,False,True,89,22,1079,22,even,False,2026-05-27T11:00:06Z,quản lý tiền,39000,Vì Sao Chỉ Có 10 Quốc Gia Sở Hữu Vũ Khí Hạt Nhân? Cách Họ Bí Mật Phát Triển Bom Nguyên Tử,iO0zUJPRYY0,102459,1485
76,6.74,False,Trạm Tri Thức,362,False,1039,False,4069,0.0148,False,True,False,False,False,False,False,True,83,18,1701,28,,False,2026-05-20T11:00:06Z,quản lý tiền,39000,Trung Quốc đã “Sao Chép” cả thế giới như thế nào? Chiến Lược Đáng Sợ Của Trung Quốc,j_-uN7hnT7c,139065,1830
89,2.35,False,Trạm Tri Thức,66,False,1014,False,2548,0.0116,True,True,False,False,False,False,False,True,48,11,496,26,,False,2026-05-07T11:45:06Z,quản lý tiền,39000,Vì Sao nước Áo giàu có dù không phải siêu cường?,sw_vgUA4RTc,48543,545
104,0.23,False,Trạm Tri Thức,14,False,933,False,1314,0.0189,False,True,False,False,False,False,False,False,68,14,75,26,,False,2026-04-22T11:30:06Z,quản lý tiền,39000,"Lebanon: Vụ lừa đảo Ponzi cấp Quốc Gia, có tiền nhưng không rút được",gs5b4npSRnY,4713,45
109,0.37,False,Trạm Tri Thức,28,False,955,False,1412,0.019,True,False,False,False,False,False,False,True,47,10,119,24,,False,2026-04-17T11:00:06Z,quản lý tiền,39000,Tại sao đánh thuế người giàu lại    khó đến thế,IrLT0wTh5hU,7732,71
113,7.36,False,Trạm Tri Thức,161,False,753,False,3130,0.012,False,True,False,False,False,False,False,True,60,15,1659,29,,False,2026-04-13T11:30:06Z,quản lý tiền,39000,Nền kinh tế Hà Lan: Cỗ máy nghìn tỷ đô vận hành như thế nào?,hfcV3i1hLZg,151908,1344
117,0.98,False,Trạm Tri Thức,43,False,807,False,1533,0.018,False,False,False,False,False,False,False,True,54,12,322,25,,False,2026-04-09T11:00:05Z,quản lý tiền,39000,Trung Quốc đang âm thầm “mua cả thế giới” như thế nào?,F5toZtE91AI,20313,174
118,0.38,False,Trạm Tri Thức,24,True,1009,False,1395,0.0247,False,False,False,False,True,False,False,True,57,13,172,26,even,False,2026-04-08T11:00:06Z,quản lý tiền,39000,Tại Sao Không Ai Dám Xâm Lược Thụy Điển Suốt 200 Năm Qua?,KUZ7oabql30,7943,67
132,0.25,False,Trạm Tri Thức,20,False,1337,False,1249,0.0325,True,True,False,False,True,False,False,False,69,16,150,22,odd,False,2026-03-25T12:00:06Z,quản lý tiền,39000,Công thức X25: Cách quản lý tiền bạc giúp bạn sớm đạt TỰ DO TÀI CHÍNH,VpAjH1Tzyr0,5231,40
144,3.52,False,Trạm Tri Thức,8,False,1247,False,1477,0.0052,True,True,False,False,False,False,False,True,53,11,366,24,,False,2026-03-13T11:15:05Z,quản lý tiền,39000,Vì Sao Các Cartel Colombia Giàu Và Quyền Lực Đến Vậy?,4Xi9BWRZQA8,72598,504
146,2.43,False,Trạm Tri Thức,35,False,972,False,1338,0.0106,False,True,False,False,False,False,False,True,43,10,499,23,,False,2026-03-11T11:00:06Z,quản lý tiền,39000,Vì Sao Tiền Bẩn Khắp Thế Giới Đổ Về London?,1qIHWr48WUc,50199,344
147,9.77,False,Trạm Tri Thức,191,False,922,False,1502,0.0106,False,True,False,False,False,False,False,True,59,14,1947,27,,False,2026-03-10T11:15:06Z,quản lý tiền,39000,Trung Quốc Đã Xây Dựng Gã Khổng Lồ Xe Điện BYD Như Thế Nào?,mVxuHgKVBwc,201521,1371
148,3.81,False,Trạm Tri Thức,294,False,796,False,1000,0.0182,False,True,False,False,False,False,False,True,40,9,1139,26,,False,2026-03-09T11:00:06Z,quản lý tiền,39000,Vì Sao Israel Nhỏ Bé Nhưng Lại Rất Mạnh?,PuWIk6-5tnc,78559,531
155,0.28,False,Trạm Tri Thức,39,False,759,False,993,0.0282,False,True,False,False,False,False,False,False,60,13,124,27,,False,2026-03-02T11:45:21Z,quản lý tiền,39000,Khi Quốc Gia Hạnh Phúc Nhất Thế Giới Gặp Khủng Hoảng Kinh Tế,6NV8E-rAovQ,5771,37
156,3.32,False,Trạm Tri Thức,157,False,905,False,2447,0.0167,True,True,False,False,False,False,False,True,39,10,984,28,,False,2026-03-01T11:00:06Z,quản lý tiền,39000,Nước Úc đã trở nên giàu có như thế nào?,CZDurhHh484,68481,439
159,0.29,False,Trạm Tri Thức,8,False,888,False,1651,0.0179,False,False,False,False,False,False,True,True,44,10,98,29,,False,2026-02-26T11:00:06Z,quản lý tiền,39000,Mexico: Bùng nổ kinh tế hay quả bom hẹn giờ?,nC7pQq4H-zY,5922,37
160,0.64,False,Trạm Tri Thức,25,False,807,False,2283,0.0191,False,True,False,False,False,False,False,True,67,15,229,28,,False,2026-02-25T11:00:06Z,quản lý tiền,39000,El Salvador Đánh Cược Cả Quốc Gia Vào Bitcoin – Họ Đã Liều Thế Nào?,OBy2cVdbSwk,13302,83
162,3.04,False,Trạm Tri Thức,61,False,709,False,1622,0.0096,False,True,False,False,False,False,False,True,55,12,542,23,,False,2026-02-23T11:00:06Z,quản lý tiền,39000,Vì sao Tokyo lại trái ngược với mọi thành phố lớn Khác?,3FHcyPpLkFU,62638,387
171,0.11,False,Trạm Tri Thức,21,False,823,False,1238,0.036,False,False,False,False,False,False,False,True,41,9,64,25,,False,2026-02-14T11:00:06Z,quản lý tiền,39000,Nếu Một Ngày Người Việt Không Còn Ăn Tết?,UEB9vkL6Tow,2360,14
172,0.4,False,Trạm Tri Thức,18,False,824,False,906,0.0175,False,True,False,False,False,False,False,True,54,12,127,25,,False,2026-02-13T11:15:06Z,quản lý tiền,39000,Vì sao Trung Quốc chủ động phá giá đồng tiền của mình?,oFpouuAw6s0,8283,48
176,0.76,False,Trạm Tri Thức,61,False,1028,False,1363,0.0244,False,True,False,False,False,False,False,True,68,16,320,22,,False,2026-02-09T11:00:06Z,quản lý tiền,39000,"BRICS kích hoạt tiền kỹ thuật số mới, đồng đô la bắt đầu có đối thủ?",Df8ZIaKbIeY,15636,89
177,1.02,False,Trạm Tri Thức,50,False,1516,False,1512,0.0147,False,True,False,False,False,False,False,True,68,14,258,27,,False,2026-02-08T11:00:06Z,quản lý tiền,39000,Vì sao Triều Tiên là doanh nghiệp tội phạm thành công nhất thế giới?,wEVktYz9LD0,20958,118
187,4.15,False,Trạm Tri Thức,151,False,672,False,1431,0.0152,False,True,False,False,True,False,False,True,94,23,1154,29,odd,True,2026-01-29T11:00:06Z,quản lý tiền,39000,"Khi Tiền mất giá, ai mất trắng và ai giữ được tài sản? 5 tài sản không chết khi tiền tệ sụp đổ",A5RL0PcO5dA,85687,458
188,0.59,False,Trạm Tri Thức,28,False,674,False,1344,0.0198,False,True,False,False,False,False,False,True,62,13,213,22,,False,2026-01-28T11:00:06Z,quản lý tiền,39000,Vì sao Trung Quốc SIẾT BẠC khiến thị trường toàn cầu chao đảo?,lBVgRss5jqI,12181,65
191,0.97,False,Trạm Tri Thức,42,False,696,False,1884,0.0144,False,True,False,False,False,False,False,True,68,15,245,28,,False,2026-01-25T11:00:06Z,quản lý tiền,39000,GDP Ireland đánh lừa cả thế giới như thế nào? (Nền kinh tế yêu tinh),_X5kv3FSnQQ,19966,105
192,0.68,False,Trạm Tri Thức,19,False,910,False,1945,0.0132,True,True,False,False,False,False,False,True,67,17,165,26,,False,2026-01-24T11:00:06Z,quản lý tiền,39000,Ả Rập Xê Út giàu lên bằng cách nào? Vì sao dầu mỏ tạo ra quyền lực?,y6cWOP_OwII,13935,73
569,0.14,False,Vũ Duy Hoài,2,False,0,False,51,0.0419,False,False,False,False,False,False,False,False,79,9,36,0,,True,2025-01-12T08:16:03Z,làm giàu tư duy,38700,Người nghèo càng hào phóng        #shortvideo #sorts #thanhcong #tuduythanhcong,x13xyMBKTJE,906,2
584,0.55,False,Vũ Duy Hoài,3,False,0,False,55,0.0363,False,True,False,False,False,False,False,False,69,11,121,0,,False,2024-12-28T09:51:06Z,làm giàu tư duy,38700,"TAM QUAN KHÁC BIỆT, MỌI LỜI VÔ ÍCH #shortvideo #sorts #tuduythanhcong",sbIPyvJ6uMM,3417,6
619,0.38,False,Vũ Duy Hoài,2,False,0,False,60,0.0423,True,True,False,False,False,False,False,False,61,8,98,0,,False,2024-11-23T02:40:43Z,làm giàu tư duy,38700,Tư Duy Làm Giàu #shortvideo #thanhcong #sorts #tuduythanhcong,fq98IJRd_ys,2363,4
624,0.46,False,Vũ Duy Hoài,4,False,0,False,45,0.0437,False,False,False,False,False,False,False,False,76,13,123,0,,False,2024-11-18T12:38:46Z,làm giàu tư duy,38700,Đừng bao giờ dễ dàng từ bỏ người mình yêu #shortvideo #sorts #tuduythanhcong,MG0bAw7GgkY,2905,5
626,6.63,False,Vũ Duy Hoài,6,False,0,False,60,0.0183,False,True,False,False,False,False,False,False,52,7,752,0,,False,2024-11-16T06:10:37Z,làm giàu tư duy,38700,Tư Duy Thành Công #shortvideo #sorts #tuduythanhcong,IWuZ0O622Bo,41434,66
628,2.3,False,Vũ Duy Hoài,10,False,0,False,43,0.0352,False,False,False,False,False,False,False,False,56,8,496,0,,False,2024-11-14T13:20:54Z,làm giàu tư duy,38700,Người phù hợp với Bạn #shortvideo #sorts #tuduythanhcong,vc93Ve2W6Yw,14374,23
629,0.54,False,Vũ Duy Hoài,3,False,0,False,39,0.0354,False,False,False,False,False,False,False,False,74,12,117,0,,True,2024-11-13T13:15:04Z,làm giàu tư duy,38700,Những gì bạn mất vốn không thuộc về Bạn #shortvideo #sorts #tuduythanhcong,Euh_YSfcUvY,3388,5
630,18.32,False,Vũ Duy Hoài,44,False,0,False,61,0.027,False,False,False,False,False,False,False,False,94,14,3053,0,,False,2024-11-12T12:07:39Z,làm giàu tư duy,38700,Không Phải Lòng Tốt Lúc Nào Cũng Được Trân Trọng #shortvideo #sorts #thanhcong #tuduythanhcong,Exh256dzoSo,114530,182
631,1.6,False,Vũ Duy Hoài,1,False,0,False,61,0.0093,False,False,False,False,False,False,False,True,89,16,92,0,,False,2024-11-11T13:32:01Z,làm giàu tư duy,38700,Tại sao ngày càng nhiều phụ nữ mặc váy có cổ khoét sâu #shortvideo #sorts #tuduythanhcong,TvelSOf8P4U,9981,16
632,0.32,False,Vũ Duy Hoài,3,False,0,False,15,0.0193,False,False,False,False,False,False,False,False,72,12,36,0,,False,2024-11-10T14:15:57Z,làm giàu tư duy,38700,Khi mệt mỏi hãy nhìn vào con của mình #shortvideo #sorts #tuduythanhcong,wQIgpOxlwzw,2020,3
634,16.14,False,Vũ Duy Hoài,16,False,0,False,61,0.0224,True,False,False,False,True,False,False,False,75,11,2240,0,odd,False,2024-11-08T11:34:04Z,làm giàu tư duy,38700,Muốn giàu phải giữ 3 điều này #shortvideo #sorts #tuduythanhcong #thanhcong,xRrz2kLlPjY,100906,159
635,12.51,False,Vũ Duy Hoài,29,False,0,False,45,0.0267,True,False,False,False,True,False,False,False,71,12,2060,0,even,False,2024-11-07T11:55:20Z,làm giàu tư duy,38700,8 việc cần làm nếu đột nhiên giàu có #shortvideo #sorts #tuduythanhcong,bs4pBgd1lBg,78225,123
636,0.63,False,Vũ Duy Hoài,3,False,0,False,60,0.0172,False,False,False,False,True,False,False,False,77,13,65,0,odd,False,2024-11-06T11:20:43Z,làm giàu tư duy,38700,Bạn là bình quân của 5 người bạn chơi cùng #shortvideo #sorts #tuduythanhcong,8nOPUhy-kiM,3956,6
636,1.06,False,Vũ Duy Hoài,4,False,0,False,43,0.031,False,False,False,False,False,False,False,False,57,7,201,0,,False,2024-11-06T04:07:00Z,làm giàu tư duy,38700,Người Phù Hợp Nhất.... #shortvideo #sorts #tuduythanhcong,8QXR3LN2mGE,6616,10
637,24.88,False,Vũ Duy Hoài,26,False,0,False,60,0.0199,False,True,False,False,False,False,False,False,65,11,3071,0,,False,2024-11-05T13:55:17Z,làm giàu tư duy,38700,Đại Bàng ở cùng Gà sẽ thành Gà #shortvideo #sorts #tuduythanhcong,gIEi2bpMaCU,155590,244
637,0.72,False,Vũ Duy Hoài,2,False,0,False,61,0.0332,False,False,False,False,True,False,False,False,73,12,148,0,even,False,2024-11-04T23:40:42Z,làm giàu tư duy,38700,8 Thói quen của người luôn gặp may mắn #shortvideo #sorts #tuduythanhcong,lF-t7aScVyE,4522,7
639,4.32,False,Vũ Duy Hoài,3,False,0,False,60,0.017,False,True,False,False,False,False,False,False,52,7,455,0,,False,2024-11-03T13:53:32Z,làm giàu tư duy,38700,Tư Duy Thành Công #shortvideo #sorts #tuduythanhcong,yZ6iic0-q8E,27006,42
640,0.59,False,Vũ Duy Hoài,4,False,0,False,45,0.0459,False,True,False,False,False,False,False,False,75,12,165,0,,False,2024-11-02T12:38:19Z,làm giàu tư duy,38700,ĐI LÀM KIẾM TIỀN ĐỪNG SUY NGHĨ QUÁ NHIỀU #shortvideo #sorts #tuduythanhcong,rB-lqV9IY-E,3678,6
640,1.4,False,Vũ Duy Hoài,7,False,0,False,61,0.0268,False,False,False,False,False,False,False,False,61,9,228,0,,False,2024-11-02T10:27:44Z,làm giàu tư duy,38700,Hãy Tỉnh Táo và Thẳng Thắn #shortvideo #sorts #tuduythanhcong,f6W5WEJ1WLU,8775,14
641,15.23,False,Vũ Duy Hoài,19,False,0,False,45,0.0261,False,True,False,False,False,False,False,False,83,14,2463,0,,False,2024-11-01T12:53:31Z,làm giàu tư duy,38700,THIÊN NHIÊN LUÔN BAN TẶNG CHO TA BÀI HỌC QUÝ GIÁ #shortvideo #sorts #tuduythanhcong,g3xsLfy_LMg,95229,149
642,2.9,False,Vũ Duy Hoài,6,False,0,False,61,0.0271,False,True,False,False,False,False,False,False,55,8,485,0,,False,2024-10-31T12:21:08Z,làm giàu tư duy,38700,ĐỪNG BAO GIỜ NÍU KÉO #shortvideo #sorts #tuduythanhcong,ianhhM1kc7E,18119,28
644,0.78,False,Vũ Duy Hoài,1,False,0,False,53,0.0367,False,True,False,False,False,False,False,False,65,10,178,0,,False,2024-10-29T12:42:35Z,làm giàu tư duy,38700,ĐI NHẦM ĐƯỜNG NHỚ QUAY ĐẦU LẠI #shortvideo #sorts #tuduythanhcong,7us_ML6W_SM,4881,8
645,0.25,False,Vũ Duy Hoài,2,False,0,False,61,0.0294,False,False,False,False,False,False,False,True,83,13,44,0,,False,2024-10-28T12:31:53Z,làm giàu tư duy,38700,Tại sao trong công việc không nên nói lung tung? #shortvideo #sorts #tuduythanhcong,pW6-b2_M3SE,1562,2
645,0.7,False,Vũ Duy Hoài,2,False,0,False,28,0.0311,False,True,False,False,False,False,False,False,62,10,135,0,,False,2024-10-28T12:22:03Z,làm giàu tư duy,38700,KHI BẠN SẮP GẶP MAY MẮN LỚN #shortvideo #sorts #tuduythanhcong,zT5DcmyzM2c,4407,7
646,0.98,False,Vũ Duy Hoài,11,False,0,False,48,0.0145,False,True,False,False,True,False,False,True,92,16,78,0,even,False,2024-10-27T12:49:51Z,làm giàu tư duy,38700,LÀM THẾ NÀO ĐỂ CON TRÂU 800KG ĐI QUA CẦU TRỌNG TẢI 700KG? #shortvideo #sorts #tuduythanhcong,mwTACfJGZHA,6149,10
647,0.33,False,Vũ Duy Hoài,1,False,0,False,60,0.0208,False,False,False,False,True,False,False,False,83,14,42,0,odd,False,2024-10-26T12:56:17Z,làm giàu tư duy,38700,Khi số tiền kiếm được trong 1 ngày bằng cả tháng #shortvideo #sorts #tuduythanhcong,h82afMHMTCI,2066,3
647,1.44,False,Vũ Duy Hoài,7,False,0,False,60,0.0292,False,False,False,False,False,False,False,False,62,9,256,0,,False,2024-10-26T01:51:18Z,làm giàu tư duy,38700,Đừng xem bói dù miễn phí... #shortvideo #sorts #tuduythanhcong,BOGdVbxn7Kg,8992,14
648,1.8,False,Vũ Duy Hoài,8,False,0,False,60,0.0367,False,False,False,False,False,False,False,False,57,8,405,0,,False,2024-10-25T12:17:48Z,làm giàu tư duy,38700,Đức Phật từng nói rằng #shortvideo #sorts #tuduythanhcong,ZVGjWyNNmMM,11244,17
648,1.02,False,Vũ Duy Hoài,1,False,0,False,61,0.0275,False,True,False,False,False,False,False,False,68,9,174,0,,False,2024-10-25T12:05:27Z,làm giàu tư duy,38700,NHỮNG NGƯỜI TRONG TẦNG LỚP CAO... #shortvideo #sorts #tuduythanhcong,-iUEYPw4Pr4,6356,10
649,0.57,False,Vũ Duy Hoài,5,False,0,False,33,0.0432,False,True,False,False,False,False,False,False,83,14,150,0,,False,2024-10-24T13:25:09Z,làm giàu tư duy,38700,KHÔNG CẦN GIẢI THÍCH BẢN THÂN MÌNH CHO BẤT KỲ AI #shortvideo #sorts #tuduythanhcong,_S0sXXskUlI,3590,6
2,0.46,False,Máy Thời Gian,3,False,969,False,1315,0.0231,False,True,False,False,True,True,False,True,79,19,32,31,even,False,2026-08-02T11:00:21Z,khám phá vũ trụ,38700,Làm Sao Biết Một Cục Đá 200 Triệu Năm Tuổi? | Cách Đọc Tuổi Của Đá Và Hóa Thạch,RQQSjsvpf2Y,1514,757
30,54.66,False,Máy Thời Gian,223,False,1711,False,4454,0.0139,False,True,False,False,False,False,False,True,68,16,2286,31,,False,2026-07-05T14:07:24Z,khám phá vũ trụ,38700,KỶ DEVON ĐẾN ĐỆ TỨ: Vì sao khủng long không tiến hoá như con người ?,HkmowwlcGxU,180752,6025
65,1.69,False,Máy Thời Gian,6,False,1491,False,748,0.0231,False,True,False,False,False,False,False,True,95,21,123,32,,False,2026-05-31T08:25:06Z,khám phá vũ trụ,38700,"KỶ TAM ĐIỆP (TRIAS): Loài đầu tiên biết bay, những loài cổ long đã biết cầm nắm như con người ?",xDYtmBqLfCE,5587,86
69,16.07,False,Máy Thời Gian,36,False,1607,False,950,0.0111,False,True,False,False,False,False,False,False,91,21,554,31,,False,2026-05-27T14:56:42Z,khám phá vũ trụ,38700,KỶ THAN ĐÁ - PERMI: Trời quá nóng khiến động vật tiền sử tiến hoá và thích nghi với mặt đất,GhIXFIXqt-Q,53135,770
615,3.04,True,Máy Thời Gian,12,False,858,False,9122,0.0174,False,True,False,True,True,True,False,False,82,20,163,24,even,False,2024-11-27T04:55:35Z,khám phá vũ trụ,38700,THẾ GIỚI SINH VẬT TIỀN SỬ -  Tổng Hợp Động Vật Của 12 Kỷ Địa Chất  | MÁY THỜI GIAN,IpCl-feb_bM,10050,16
619,7.37,True,Máy Thời Gian,23,False,686,False,2642,0.0092,False,True,False,False,True,True,False,False,56,13,201,17,odd,False,2024-11-23T08:07:47Z,khám phá vũ trụ,38700,5 LOÀI ĐỘNG BỊ TUYỆT CHỦNG BỞI CON NGƯỜI | MÁY THỜI GIAN,_nGDqve-Zf8,24367,39
620,1.27,False,Máy Thời Gian,11,False,462,False,522,0.0262,False,True,False,True,True,True,False,False,80,17,99,19,odd,False,2024-11-22T12:02:06Z,khám phá vũ trụ,38700,SỰ TUYỆT CHỦNG CỦA 5 TỶ CON BỒ CÂU VIỄN KHÁCH (PASSENGER PIGEON) | MÁY THỜI GIAN,jwt_rAk2dB8,4196,7
621,2.35,False,Máy Thời Gian,9,False,425,False,564,0.0162,False,True,False,True,False,True,False,False,50,11,117,18,,False,2024-11-21T13:48:29Z,khám phá vũ trụ,38700,SỰ TUYỆT CHỦNG CỦA BÒ BIỂN STELLER | MÁY THỜI GIAN,Qc35HEkxYPY,7775,13
625,2.38,False,Máy Thời Gian,10,False,479,False,504,0.0131,False,True,False,True,False,True,False,False,73,17,93,17,,False,2024-11-17T13:12:39Z,khám phá vũ trụ,38700,CHIM MOA - Loài chim lớn nhất từng bị con người tiêu diệt | MÁY THỜI GIAN,yg9_8b8Xeec,7857,13
627,2.03,False,Máy Thời Gian,17,False,739,False,483,0.019,False,True,False,True,False,True,False,False,80,15,110,23,,False,2024-11-15T08:46:41Z,khám phá vũ trụ,38700,HỔ TASMANIA (THYLACINE) cuối cùng sống trong điều kiện nuôi nhốt | MÁY THỜI GIAN,KYDERu5QSco,6701,11
630,4.96,True,Máy Thời Gian,11,False,445,False,572,0.011,False,True,False,True,False,True,False,False,52,12,170,15,,False,2024-11-12T07:49:56Z,khám phá vũ trụ,38700,CHIM DODO - Sự tuyệt chủng của chúng | MÁY THỜI GIAN,RSk1oFDeae8,16412,26
633,0.34,False,Máy Thời Gian,5,False,506,False,1072,0.0406,False,True,False,True,False,True,False,False,93,19,40,10,,False,2024-11-09T13:42:52Z,khám phá vũ trụ,38700,Nguồn gốc và sự phát triển của Khoa Học Viễn Tưởng - Science Fiction (Sci-Fi) | MÁY THỜI GIAN,fZr0NgtahYc,1109,2
637,0.29,False,Máy Thời Gian,1,False,590,False,712,0.028,False,True,False,True,True,True,False,False,43,11,26,13,odd,False,2024-11-05T14:15:06Z,khám phá vũ trụ,38700,VỊ THẦN MẠNH NHẤT THẾ KỶ 21 | MÁY THỜI GIAN,dUBu4rbT_SU,965,2
642,0.64,True,Máy Thời Gian,4,True,722,False,2176,0.0247,False,True,False,True,False,True,False,False,47,11,48,17,,False,2024-10-31T06:19:58Z,khám phá vũ trụ,38700,Sự Thật Về Thanh Trừng Phù Thủy | MÁY THỜI GIAN,UBJSucucfAg,2108,3
644,1.07,True,Máy Thời Gian,6,False,650,False,636,0.0342,False,True,False,True,False,True,False,False,65,16,115,6,,False,2024-10-29T14:48:27Z,khám phá vũ trụ,38700,Thị trấn Phù Thủy SALEM và lịch sử đen tối của nó | MÁY THỜI GIAN,0k0gbdJt0ok,3541,5
645,0.86,True,Máy Thời Gian,37,False,674,False,543,0.0414,False,True,False,True,False,True,False,False,71,18,81,12,,False,2024-10-28T14:25:31Z,khám phá vũ trụ,38700,TÒA ÁN DỊ GIÁO - Chỉ một tôn giáo duy nhất được tồn tại | MÁY THỜI GIAN,GWWQn81K51E,2849,4
648,0.52,True,Máy Thời Gian,6,False,605,False,497,0.0342,False,True,False,True,False,True,False,True,58,14,53,14,,False,2024-10-25T13:45:00Z,khám phá vũ trụ,38700,Cuộc sống của Phù Thủy vào Thời Trung Cổ ? | MÁY THỜI GIAN,7iWkxut__-U,1726,3
653,8.68,True,Máy Thời Gian,43,False,751,False,2238,0.0236,False,True,False,True,False,True,False,False,52,12,634,13,,False,2024-10-20T12:00:05Z,khám phá vũ trụ,38700,TỔNG HỢP CÁC LOẠI RỒNG TRÊN THẾ GIỚI | MÁY THỜI GIAN,3W1oITEvM2c,28692,44
654,1.24,True,Máy Thời Gian,10,False,667,False,542,0.0276,False,True,False,True,False,True,False,True,67,16,103,9,,False,2024-10-19T14:41:46Z,khám phá vũ trụ,38700,Có bao nhiêu loại Rồng và sự khác nhau giữa chúng ? | MÁY THỜI GIAN,_eXOZmNZwBY,4092,6
655,0.62,False,Máy Thời Gian,3,False,618,False,516,0.0257,False,True,False,True,False,True,False,False,70,14,50,15,,False,2024-10-18T14:00:48Z,khám phá vũ trụ,38700,Nguồn gốc HALLOWEEN: JACK O'LANTERN và lồng đèn bí ngô | MÁY THỜI GIAN,hgI74ePo_iw,2062,3
658,0.44,False,Máy Thời Gian,2,False,602,False,528,0.039,False,True,False,True,False,True,False,False,80,18,55,10,,False,2024-10-15T14:00:11Z,khám phá vũ trụ,38700,FAFNIR con rồng làm nguồn cảm hứng tạo nên The Lord of the Rings | MÁY THỜI GIAN,fOY8IXoB0wU,1462,2
662,0.64,True,Máy Thời Gian,7,False,617,False,695,0.0312,False,True,False,True,False,True,False,False,58,11,59,11,,False,2024-10-11T14:00:06Z,khám phá vũ trụ,38700,Rồng trong Thần Thoại Aztec - QUETZALCOATL | MÁY THỜI GIAN,Fsoc8PkCtv8,2117,3
663,0.6,True,Máy Thời Gian,0,False,594,False,492,0.023,False,True,False,True,False,True,False,True,73,19,46,13,,False,2024-10-10T02:00:25Z,khám phá vũ trụ,38700,RỒNG CHÂU Á - Vì sao Cá Chép vượt được Vũ Môn để hóa Rồng | MÁY THỜI GIAN,qRS1dROz498,1997,3
667,0.74,True,Máy Thời Gian,8,False,586,False,2492,0.0275,False,True,False,True,False,True,False,False,34,8,59,12,,False,2024-10-06T03:10:01Z,khám phá vũ trụ,38700,LỊCH SỬ KHỦNG LONG | MÁY THỜI GIAN,0S9LRaA05sA,2440,4
668,0.32,False,Máy Thời Gian,6,False,687,False,651,0.0435,False,True,False,True,False,True,False,False,61,13,40,12,,False,2024-10-05T04:00:06Z,khám phá vũ trụ,38700,CUỘC CHIẾN GIÀNH XƯƠNG KHỦNG LONG - BONE WARS | MÁY THỜI GIAN,olKWMubGrKA,1058,2
670,0.54,True,Máy Thời Gian,5,False,658,False,550,0.0361,False,True,False,True,False,True,False,False,69,15,60,16,,False,2024-10-03T10:02:01Z,khám phá vũ trụ,38700,NGƯỜI ĐẦU TIÊN GỌI CHÚNG LÀ KHỦNG LONG - RICHARD OWEN | MÁY THỜI GIAN,SqS9UZxn1g8,1802,3
673,0.34,True,Máy Thời Gian,6,False,633,False,627,0.0645,False,True,False,True,False,True,False,False,63,14,67,25,,False,2024-09-30T12:00:32Z,khám phá vũ trụ,38700,MARY ANNING - Người đặt nền móng cho KHỦNG LONG | MÁY THỜI GIAN,DZIdih0PH30,1132,2
681,20.16,True,Máy Thời Gian,32,False,1002,True,2554,0.0105,False,True,False,True,True,True,False,False,77,18,671,24,even,False,2024-09-22T12:00:17Z,khám phá vũ trụ,38700,Tóm tắt toàn bộ lịch sử tiến hóa của Khủng Long trong 42 phút | MÁY THỜI GIAN,HIHGBSu4NMY,66670,98
682,0.93,True,Máy Thời Gian,3,False,644,False,627,0.0264,False,True,False,True,False,True,False,False,61,13,78,16,,False,2024-09-21T05:00:36Z,khám phá vũ trụ,38700,Cuối triều đại Khủng Long trong Kỷ Phấn Trắng | MÁY THỜI GIAN,vd7pwYRVxNY,3073,5
684,1.16,True,Máy Thời Gian,4,False,562,False,738,0.0234,False,True,False,True,False,True,False,False,49,11,86,22,,False,2024-09-19T12:01:04Z,khám phá vũ trụ,38700,Các loài Khủng Long trong Kỷ Jura | MÁY THỜI GIAN,uCsIYJy_VYQ,3847,6
13,0.88,False,Trạm Dừng Audio,3,False,2402,False,6015,0.0209,False,True,False,True,False,True,True,False,93,22,20,27,,False,2026-07-22T13:11:27Z,làm giàu tư duy,38500,Tư Duy Tích Cực – Bạn Chính Là Những Gì Bạn Nghĩ | FULL Sách Nói Phát Triển Bản Thân Hay Nhất,xIFyhxUPljE,1102,85
42,1.76,False,Trạm Dừng Audio,0,False,2358,False,13202,0.0104,False,True,False,True,True,True,False,False,89,22,23,22,even,False,2026-06-22T15:56:12Z,làm giàu tư duy,38500,Sách Nói: Ba Người Thầy Vĩ Đại | Phần Cuối - Những Bài Học Có Thể Thay Đổi Cả Cuộc Đời 4K,cSt1I3eBx9U,2208,53
47,0.49,False,Trạm Dừng Audio,3,False,95,False,25,0.0129,False,False,False,False,False,False,False,False,42,11,5,0,,False,2026-06-18T13:09:10Z,làm giàu tư duy,38500,Nếu mệt mỏi thì vẫn cứ hãy nói ra bạn nhé!,lLMxChpwK4Y,621,13
48,1.15,False,Trạm Dừng Audio,1,False,88,False,25,0.0125,False,False,False,False,False,False,False,False,48,11,17,0,,False,2026-06-17T12:40:24Z,làm giàu tư duy,38500,Niềm vui trên bàn nhậu chỉ là niềm vui nhất thời,4tg8XVBd4wY,1439,30
49,0.41,False,Trạm Dừng Audio,1,False,94,False,23,0.0136,False,False,False,False,False,False,False,False,62,13,6,0,,False,2026-06-16T05:45:54Z,làm giàu tư duy,38500,"Đừng buông tay nhau chỉ vì những vụn vặt thường ngày, bạn nhé!",_wsRooA6T-E,516,11
50,0.46,False,Trạm Dừng Audio,3,False,84,False,25,0.0225,False,False,False,False,False,False,False,False,70,15,10,0,,False,2026-06-15T13:11:33Z,làm giàu tư duy,38500,Gửi thông điệp này đến người bạn -chí cốt- cùng bạn xây dựng tương lai,xhmFmCVO0FI,578,12
51,0.23,False,Trạm Dừng Audio,1,False,91,False,25,0.0411,False,True,False,False,False,False,False,False,35,9,11,0,,False,2026-06-14T15:01:16Z,làm giàu tư duy,38500,Đừng để nỗi đau cũ làm mờ tương lai,Dphz1WYJVSI,292,6
51,0.11,False,Trạm Dừng Audio,4,False,140,False,17,0.0709,False,True,False,False,False,False,False,False,58,13,6,0,,False,2026-06-14T12:57:56Z,làm giàu tư duy,38500,Hãy gửi video này cho người đã cùng bạn vượt qua giông bão,CByAidwkhxA,141,3
52,1.05,False,Trạm Dừng Audio,3,False,108,False,24,0.0121,False,False,False,False,False,False,False,False,57,12,13,0,,False,2026-06-13T15:01:00Z,làm giàu tư duy,38500,"Yêu thương cần được lắng nghe, không phải chỉ là cấm đoán",ZzOFXkcw-vE,1317,25
52,1.12,False,Trạm Dừng Audio,2,False,196,False,28,0.0057,False,True,False,False,False,False,False,False,64,15,6,0,,False,2026-06-13T12:43:59Z,làm giàu tư duy,38500,"Dù nghịch lý có bủa vây, hãy cứ vững tin vào con đường mình chọn",etPJlt5EUIU,1405,27
52,0.94,False,Trạm Dừng Audio,2,False,196,False,27,0.0118,False,False,False,False,False,False,False,False,34,7,12,0,,False,2026-06-13T05:21:04Z,làm giàu tư duy,38500,Biết mặt biết người khó biết lòng!,FUZ6pTMAz40,1183,23
53,1.91,False,Trạm Dừng Audio,2,False,83,False,19,0.0163,False,True,False,False,False,False,False,False,31,5,37,0,,False,2026-06-12T12:13:19Z,làm giàu tư duy,38500,Giúp người là tình nghĩa,1IGAw0JtIvI,2393,45
53,0.86,False,Trạm Dừng Audio,2,False,97,False,24,0.0092,False,True,False,False,False,False,False,False,20,3,8,0,,False,2026-06-12T05:19:40Z,làm giàu tư duy,38500,Tuổi lưng chừng,U2lDHLMZPmo,1083,20
54,0.53,False,Trạm Dừng Audio,2,False,79,False,30,0.0149,False,False,False,False,False,False,False,False,65,15,8,0,,False,2026-06-11T10:26:07Z,làm giàu tư duy,38500,"Trân trọng cô gái bên cạnh bạn, vì cô ấy xứng đáng được hạnh phúc",htzItR_sInI,669,12
54,1.8,False,Trạm Dừng Audio,4,False,162,False,25,0.0132,False,True,False,False,False,False,False,False,54,12,26,0,,False,2026-06-11T05:56:05Z,làm giàu tư duy,38500,Chia sẻ ngay để cảnh tỉnh những người phụ nữ quanh bạn,GDK_MoKWaq0,2267,42
55,1.78,False,Trạm Dừng Audio,2,False,102,False,18,0.0094,False,False,False,False,False,False,False,False,56,14,19,0,,False,2026-06-10T13:12:16Z,làm giàu tư duy,38500,"Lòng tốt cần có giới hạn, sự tử tế cần được đặt đúng chỗ",zwxKyeC6JZ4,2237,41
55,3.76,False,Trạm Dừng Audio,4,False,60,False,20,0.0089,False,True,False,False,False,False,False,False,96,23,38,0,,False,2026-06-10T05:13:38Z,làm giàu tư duy,38500,"Cha không bao giờ nói yêu con, nhưng cả cuộc đời Cha đã chứng minh điều đó. Cảm ơn Cha vì tất cả",Wy_7LmT3chc,4720,86
56,3.99,False,Trạm Dừng Audio,7,False,87,False,23,0.012,False,True,False,False,False,False,False,False,100,26,53,0,,False,2026-06-09T05:19:01Z,làm giàu tư duy,38500,"Nếu hôm nay bạn vẫn còn khỏe mạnh và có một mái ấm để về, hãy để lại một trái tim để cảm ơn cuộc đời",EvBfM28_rs4,5013,90
57,5.04,False,Trạm Dừng Audio,16,False,85,False,27,0.0134,False,True,False,False,False,False,True,False,96,22,69,0,,False,2026-06-08T13:31:38Z,làm giàu tư duy,38500,"Gửi video này cho 'người bạn hay dỗi' của bạn như một lời nhắc- Dù bạn nóng tính, mình vẫn ở đây",TcgVyoaD3rQ,6330,111
57,3.87,False,Trạm Dừng Audio,8,False,2128,False,13065,0.014,False,True,False,True,True,True,False,False,86,22,60,22,odd,False,2026-06-08T12:55:05Z,làm giàu tư duy,38500,Sách Nói: Ba Người Thầy Vĩ Đại | Phần 1 - Những Bài Học Có Thể Thay Đổi Cả Cuộc Đời 4K,ndfqT0OX8Yc,4861,85
58,0.45,False,Trạm Dừng Audio,2,False,81,False,23,0.016,False,True,False,False,False,False,False,False,60,14,7,0,,False,2026-06-07T13:25:10Z,làm giàu tư duy,38500,Hãy cùng thay đổi tư duy để chắp cánh cho tương lai của con!,pvvkwG9xbdI,563,10
59,0.41,False,Trạm Dừng Audio,2,False,61,False,24,0.0212,False,False,False,False,False,False,False,False,47,11,9,0,,False,2026-06-06T13:16:28Z,làm giàu tư duy,38500,"Chuyện cũ bỏ qua, từ nay sống nhẹ lòng bạn nhé!",E_H4WQcezeQ,519,9
59,1.03,False,Trạm Dừng Audio,2,False,83,False,42,0.01,False,False,False,False,False,False,True,True,100,21,11,0,,False,2026-06-06T05:15:58Z,làm giàu tư duy,38500,"Nếu lương rất cao nhưng đồng nghiệp cực toxic, bạn chọn ở lại nhận lương hay nghỉ việc tìm bình yên?",pi_py0tW8Cw,1299,22
60,0.97,False,Trạm Dừng Audio,2,False,93,False,27,0.0124,False,True,False,False,True,False,False,True,100,23,13,0,odd,False,2026-06-05T12:54:47Z,làm giàu tư duy,38500,Đã bao giờ bạn cảm thấy kiệt sức chỉ vì sống chung với 1 người hoàn toàn khác biệt về tư tưởng chưa?,Q4sZ88kpgQA,1213,20
60,0.76,False,Trạm Dừng Audio,0,False,55,False,42,0.0157,True,False,False,False,False,False,True,True,97,19,15,0,,True,2026-06-05T05:18:02Z,làm giàu tư duy,38500,"Nghèo mà bình yên hay Giàu mà áp lực: Đâu mới là ""tự do"" thật sự? #tramdungaudio #songthat #tamly",YYbJb9x3oiU,953,16
61,1.27,False,Trạm Dừng Audio,0,False,347,False,20,0.0094,False,True,False,False,False,False,False,False,93,20,15,0,,False,2026-06-04T13:30:29Z,làm giàu tư duy,38500,Đừng để đời mình là một trò chơi mà người khác luôn là người đặt ra luật lệ  #songthat #tamly,qLYiy_Ul23M,1591,26
61,1.06,False,Trạm Dừng Audio,0,True,39,False,30,0.012,False,True,False,False,False,False,False,False,95,18,16,0,,False,2026-06-04T05:56:10Z,làm giàu tư duy,38500,Những sự thật về tiền bạc mà mình đã đúc kết được từ nhiều sách #tramdungaudio #songthat #tamly,TaXfGkKE7q4,1332,22
62,0.84,False,Trạm Dừng Audio,0,False,0,False,31,0.0255,False,False,False,False,False,False,False,False,48,7,27,0,,False,2026-06-03T13:49:26Z,làm giàu tư duy,38500,Hãy cứ bước tiếp #tramdungaudio #songthat #tamly,Q3Qsv1_bsvE,1058,17
63,0.79,False,Trạm Dừng Audio,0,True,45,False,20,0.0192,False,False,False,False,False,False,False,False,59,10,19,0,,False,2026-06-02T14:23:36Z,làm giàu tư duy,38500,Những sự thật mà ít ai biết #tramdungaudio #songthat #tamly,T0Ag0Z-v4YA,990,16
64,1.62,False,Trạm Dừng Audio,2,False,0,False,32,0.0093,False,True,False,False,False,False,False,False,46,7,17,0,,False,2026-06-01T13:34:12Z,làm giàu tư duy,38500,Cố lên bạn nhé #tramdungaudio #songthat #tamly,bYs_jYteqfM,2041,32
251,0.15,False,Trung Thực Land,0,False,152,False,46,0.0106,False,True,False,False,True,True,False,False,91,20,1,25,even,False,2025-11-26T04:00:14Z,bất động sản việt nam,38300,"HƠN 120 TẤN NHU YẾU PHẨM ĐÃ ĐƯỢC GỬI ĐI VÀO PHÚ YÊN,  KHÚC RUỘT MIỀN TRUNG| Trung Thực Land",5gTu0OgUcOE,94,0
252,0.12,False,Trung Thực Land,0,False,152,False,68,0.0,False,True,False,False,True,True,False,False,60,14,0,25,even,False,2025-11-25T10:30:23Z,bất động sản việt nam,38300,MIỀN TRUNG GỌI 500 ANH EM MIỀN BẮC TRẢ LỜI | Trung Thực Land,qQLUVdVdmkE,81,0
419,0.25,False,Trung Thực Land,0,False,253,False,7105,0.0123,False,True,False,False,False,True,False,False,52,9,2,25,,False,2025-06-11T03:44:37Z,bất động sản việt nam,38300,ĐÀO TẠO FACEBOOK DIGITAL MARKETING | Trung Thực Land,Q9I2hOYEykA,162,0
491,3.09,False,Trung Thực Land,2,False,0,False,181,0.0035,False,False,False,False,False,False,False,False,99,15,5,0,,False,2025-03-31T13:24:57Z,bất động sản việt nam,38300,"Khám phá tiềm năng dự án The Center Thuận Thành, Bắc Ninh  #tuvanbdstrungthuc #dautu #trungthucland",6MtZBxTEFjM,2003,4
497,1.07,False,Trung Thực Land,1,False,0,False,181,0.0086,False,False,False,False,False,False,False,False,95,19,5,0,,False,2025-03-25T12:54:16Z,bất động sản việt nam,38300,"Cùng Kim Anh tìm hiểu giải pháp đầu tư tối ưu - The Center Thuận Thành, Bắc Ninh #trungthucland",0Oug30Qme4Y,694,1
499,2.29,False,Trung Thực Land,1,False,0,False,181,0.0081,False,True,False,False,True,False,False,True,96,15,11,0,odd,False,2025-03-23T13:32:01Z,bất động sản việt nam,38300,7-800 TRIỆU CÓ MUA ĐƯỢC LÔ ĐẤT TRUNG TÂM THÀNH PHỐ KHÔNG? #trungthucland #thucnguyen #batdongsan,0hW3XQMku4A,1481,3
500,0.73,False,Trung Thực Land,0,False,0,False,181,0.0085,False,True,False,False,True,False,False,True,99,15,4,0,odd,False,2025-03-22T12:38:34Z,bất động sản việt nam,38300,3.8 TỶ SỞ HỮU 1 CĂN LIỀN KỀ XÂY THÔ CỦA VINHOMES? #trungthucland #thucnguyen  #vinhomesgoldenavenue,z64KBMGbVUI,473,1
501,1.39,False,Trung Thực Land,0,False,0,False,81,0.0067,False,True,False,False,False,False,False,False,72,10,6,0,,False,2025-03-21T12:54:14Z,bất động sản việt nam,38300,TRUNG THỰC LAND CHIÊU MỘ NHÂN TÀI #trungthucland #thucnguyen #batdongsan,zQKuOey7Z-k,898,2
501,2.35,False,Trung Thực Land,2,False,0,False,70,0.0092,False,True,False,False,False,False,False,False,72,10,12,0,,False,2025-03-21T12:53:12Z,bất động sản việt nam,38300,TRUNG THỰC LAND CHIÊU MỘ NHÂN TÀI #trungthucland #thucnguyen #batdongsan,dUG8vK-9bxk,1522,3
502,0.75,False,Trung Thực Land,0,False,0,False,138,0.0062,False,False,False,False,True,False,False,False,21,5,3,0,even,False,2025-03-20T12:54:34Z,bất động sản việt nam,38300,"ngày 20 tháng 3, 2025",zUJfAvUaGZI,487,1
513,1.31,False,Trung Thực Land,0,False,0,False,115,0.0106,False,False,False,False,True,False,False,False,20,5,9,0,odd,False,2025-03-09T13:18:31Z,bất động sản việt nam,38300,"ngày 9 tháng 3, 2025",Cu7S48WRphU,851,2
514,1.15,False,Trung Thực Land,0,False,0,False,66,0.0067,False,False,False,False,True,False,False,False,97,16,5,0,even,False,2025-03-08T12:03:16Z,bất động sản việt nam,38300,Ngày quốc tế Phụ nữ 8.3 tại Trung Thực Land có gì vuiii #trungthucland #thucnguyen #trungthuctalk,5eAbhyBUz0M,747,1
516,1.22,False,Trung Thực Land,1,False,0,False,144,0.0063,False,True,False,False,False,False,False,False,60,9,4,0,,False,2025-03-06T11:04:51Z,bất động sản việt nam,38300,VĂN PHÒNG MỚI CỦA TRUNG THỰC LAND #trungthucland #thucnguyen,aBt0ESC7SW8,792,2
517,1.2,False,Trung Thực Land,0,False,0,False,57,0.0051,False,True,False,False,True,False,False,False,92,12,4,0,odd,False,2025-03-05T12:00:18Z,bất động sản việt nam,38300,ACE KINH DOÁNH KHỐI X1 TRUNG THỰC LAND #trungthucland #thucnguyen #trungthuctalk #batdongsan,Sn_9bzuJCbU,777,2
518,0.99,False,Trung Thực Land,1,False,0,False,61,0.0187,False,True,False,False,True,False,False,False,94,12,11,0,even,False,2025-03-04T12:18:03Z,bất động sản việt nam,38300,MỜI 500AE ĐỒNG HÀNH CÙNG TRUNG THỰC LAND #trungthucland #thucnguyen #trungthuctalk #batdongsan,T1T4OY_uWuw,642,1
519,1.15,False,Trung Thực Land,0,False,0,False,58,0.0161,False,True,False,False,True,False,False,False,44,10,12,0,even,False,2025-03-03T13:29:02Z,bất động sản việt nam,38300,CHIÊU MỘ 500 ACE VỀ ĐỒNG HÀNH CÙNG CHÚNG TÔI,l5PpVFdkf_Y,745,1
523,1.67,False,Trung Thực Land,0,False,0,False,103,0.0083,False,True,False,False,True,False,False,True,21,5,9,0,odd,False,2025-02-27T12:33:46Z,bất động sản việt nam,38300,VIẾT GÌ CHO NĂM 2025?,oZ9K-Ubyr1o,1080,2
524,1.0,False,Trung Thực Land,0,False,0,False,123,0.0031,False,True,False,False,False,False,False,False,54,7,2,0,,False,2025-02-26T14:30:35Z,bất động sản việt nam,38300,EM SALE MAY MẮN #trungthucland #batdongsan #thucnguyen,5JQuO1WJX-c,649,1
526,0.31,False,Trung Thực Land,0,False,0,False,152,0.0101,False,True,False,False,False,False,False,False,79,10,2,0,,False,2025-02-24T14:09:14Z,bất động sản việt nam,38300,BẢN KẾ HOẠCH ƯỚC MƠ  #batdongsan #thucnguyen #trungthucland #bds #trungthuctalk,yBGigaxWKGc,199,0
529,1.35,False,Trung Thực Land,0,False,0,False,124,0.0103,False,False,False,False,True,False,False,False,21,5,9,0,odd,False,2025-02-21T13:26:38Z,bất động sản việt nam,38300,"ngày 21 tháng 2, 2025",tOgwNtlacYM,875,2
533,0.35,False,Trung Thực Land,0,False,0,False,42,0.0223,False,True,False,False,False,False,False,False,64,12,5,0,,False,2025-02-17T13:24:38Z,bất động sản việt nam,38300,XÂY DỰNG NHÂN HIỆU LÀ MỘT HÀNH TRÌNH DÀI KIÊN TRÌ #trungthucland,Pla4CP0ll7g,224,0
535,1.12,False,Trung Thực Land,0,False,0,False,71,0.0097,False,True,False,False,False,False,False,False,98,14,7,0,,False,2025-02-15T12:11:42Z,bất động sản việt nam,38300,ỨNG DỤNG AI XÂY DỰNG THƯƠNG HIỆU CÁ NHÂN #trungthucland #batdongsan #thucnguyen #trungthuctalk #ai,o7ciyhnbdvw,723,1
537,0.41,False,Trung Thực Land,0,False,0,False,181,0.0038,False,True,False,False,False,False,False,False,100,12,1,0,,False,2025-02-13T14:49:59Z,bất động sản việt nam,38300,"""BÍ KÍP"" ĐỂ ĐƯỢC KHÁCH HÀNG TIN TƯỞNG #trungthucland #noitrungthuclamtrungthuc #dautu #trungthuctalk",uzjYGMFs6B4,265,0
539,1.08,False,Trung Thực Land,0,False,0,False,145,0.0128,False,True,False,False,False,False,False,False,81,10,9,0,,False,2025-02-11T13:35:13Z,bất động sản việt nam,38300,TRƯỞNG PHÒNG KINH DOANH QUANG TRUNG #trungthucland #batdongsan #thucnguyen #dautu,AJz5gq1e5IU,701,1
540,0.98,False,Trung Thực Land,0,False,0,False,174,0.0031,False,True,False,False,True,False,False,False,80,12,2,0,odd,False,2025-02-10T13:26:45Z,bất động sản việt nam,38300,GĐ NAM KHỐI 1 CÙNG ĐỊNH HƯỚNG 2025 #trungthucland #batdongsan #thucnguyen #dautu,i6pxmhC1poU,636,1
541,0.88,False,Trung Thực Land,0,False,0,False,85,0.0122,False,True,False,False,True,False,False,False,80,11,7,0,odd,False,2025-02-09T13:19:04Z,bất động sản việt nam,38300,TPKD TUẤN ANH CÙNG ĐỊNH HƯỚNG 2025 #trungthucland #batdongsan #thucnguyen #dautu,JeUhJg3LI3o,573,1
542,1.0,False,Trung Thực Land,0,False,0,False,117,0.0046,False,True,False,False,True,False,False,True,86,14,3,0,odd,False,2025-02-08T12:46:10Z,bất động sản việt nam,38300,KHỐI KINH DOANH 5 TRONG NĂM 2025 SẼ CÓ GÌ? #trungthucland #dautu #batdongsan #taichinh,Y4pBNRmzadM,647,1
546,0.33,False,Trung Thực Land,0,False,0,False,169,0.0184,False,True,False,False,False,False,False,True,78,11,4,0,,False,2025-02-04T14:18:40Z,bất động sản việt nam,38300,LÀM SAO ĐỂ VƯỢT QUA KHÓ KHĂN! #trungthucland #trungthuctalk #dautu #batdongsan,fNKo2txK2zM,217,0
554,0.25,False,Trung Thực Land,0,False,0,False,76,0.0126,False,True,False,False,False,False,False,False,83,11,2,0,,False,2025-01-27T11:00:57Z,bất động sản việt nam,38300,HÀNH TRÌNH DÀI CỦA GDKD NGUYỄN NAM #trungthucland #dautu #trungthuctalk #batdongsan,2bU8G3cC3ic,159,0
560,0.98,False,Trung Thực Land,0,False,0,False,119,0.0079,False,True,False,False,False,False,False,True,85,12,5,0,,False,2025-01-21T11:59:05Z,bất động sản việt nam,38300,"VƯỢT SƯỚNG, VƯỢT KHỔ CÁI NÀO DỄ HƠN? #trungthucland #batdongsan #dautu #trungthuctalk",1JKJrR-vJts,635,1
1,0.18,False,Cổng Trí Tuệ,1,False,343,False,4745,0.031,False,True,False,False,False,True,False,False,70,16,69,20,,False,2026-08-03T14:00:25Z,làm giàu tư duy,38000,Yếu Tố Quyết Định Thành Công Và Hạnh Phúc Của Một Đời Người | Jim Rohn,4LrbyGsRopE,2256,2256
14,0.96,False,Cổng Trí Tuệ,10,False,404,False,4137,0.0192,False,True,False,False,False,True,False,False,45,11,217,24,,False,2026-07-21T14:00:16Z,làm giàu tư duy,38000,Từ Bình Thường Để Trở Nên Tài Giỏi | Jim Rohn,xI3zzi87-Aw,11827,845
21,2.06,False,Cổng Trí Tuệ,5,False,354,False,4040,0.0174,False,True,False,False,False,True,False,False,51,14,436,20,,False,2026-07-14T14:00:18Z,làm giàu tư duy,38000,Cái Giá Rẻ Nhất Để Có Một Cuộc Đời Tự Do | Jim Rohn,Cgz9dZlufvE,25289,1204
29,5.02,False,Cổng Trí Tuệ,26,False,346,False,4911,0.0177,False,False,False,False,False,True,False,False,69,15,1062,20,,False,2026-07-06T14:00:39Z,làm giàu tư duy,38000,Con Đường Duy Nhất Giúp Bạn Thoát Khỏi Cuộc Đời Tầm Thường | Jim Rohn,tiOuQe7_UhU,61542,2122
33,0.54,False,Cổng Trí Tuệ,3,False,431,False,3403,0.0254,True,True,False,False,False,True,False,False,58,12,167,20,,False,2026-07-02T14:00:18Z,làm giàu tư duy,38000,"Giàu Có Hơn, Khôn Ngoan Hơn, Hạnh Phúc Hơn | William Green",j9K31LUdDjg,6682,202
48,0.89,False,Cổng Trí Tuệ,15,False,333,False,4791,0.0213,True,True,False,False,False,False,False,False,84,18,217,22,,False,2026-06-17T14:00:34Z,làm giàu tư duy,38000,Cách Người Trí Tuệ Định Nghĩa Lại Thành Công Và Sự Giàu Có: Tư Duy Lagom & Wabi-Sabi,CSHR5xXj1kc,10868,226
55,2.13,False,Cổng Trí Tuệ,13,False,458,False,4531,0.024,False,True,False,False,False,True,False,False,71,15,613,20,,False,2026-06-10T14:00:34Z,làm giàu tư duy,38000,Việc Bạn Cần Làm Trước Khi Dựng Nên Sự Nghiệp Vững Vàng | Inamori Kazuo,lSxb7sJSHmA,26105,475
72,2.24,False,Cổng Trí Tuệ,20,False,393,False,3867,0.0183,False,True,False,False,False,False,False,False,77,16,483,24,,False,2026-05-24T14:00:26Z,làm giàu tư duy,38000,Những Nguyên Tắc Đơn Giản Để Cuộc Sống Vững Vàng Từ Tư Duy Của Warren Buffett,zBpQmwSv1wc,27460,381
81,1.14,False,Cổng Trí Tuệ,11,False,357,False,3812,0.0209,False,False,False,False,True,True,False,False,57,13,283,24,odd,False,2026-05-15T14:00:06Z,làm giàu tư duy,38000,"Một Đời Khó Thất Bại, Chỉ Cần Làm 3 Việc | Charlie Munger",ENfSQknu8Us,14039,173
91,4.59,False,Cổng Trí Tuệ,30,False,370,False,4368,0.0161,False,True,False,False,True,True,False,False,70,16,879,21,odd,False,2026-05-05T14:00:00Z,làm giàu tư duy,38000,Những Tư Duy Sẽ Thay Đổi Cuộc Đời Bạn Trong 5 Năm Tới | Charlie Munger,_ycMFS9UEDA,56297,619
98,5.88,False,Cổng Trí Tuệ,54,False,752,False,3736,0.0185,False,True,False,False,False,False,False,False,33,7,1281,21,,False,2026-04-28T14:00:00Z,làm giàu tư duy,38000,Trí Tuệ Thực Tế Từ Charlie Munger,V9WzvMb29II,72110,736
102,0.6,False,Cổng Trí Tuệ,8,False,498,False,2255,0.0193,False,True,False,False,False,False,False,False,44,10,134,25,,False,2026-04-24T14:00:00Z,làm giàu tư duy,38000,Sau Khủng Hoảng Cuộc Đời Mới Thật Sự Bắt Đầu,Vjul0-_24og,7353,72
106,8.57,False,Cổng Trí Tuệ,48,False,602,False,2439,0.0156,False,True,False,False,False,False,False,False,48,12,1595,19,,False,2026-04-20T13:49:47Z,làm giàu tư duy,38000,Rèn Luyện Tư Duy Sắc Sảo Để Nhìn Thấu Mọi Vấn Đề,AmS5z3GR3fc,105150,992
123,0.44,False,Cổng Trí Tuệ,5,False,471,False,3837,0.0203,False,False,False,False,True,True,False,False,83,20,104,18,odd,False,2026-04-03T14:00:00Z,làm giàu tư duy,38000,7 Bước Thoát Khỏi Áp Lực Tiền Bạc | Sách Thay Đổi Diện Mạo Tài Chính | Cổng Trí Tuệ,BDmfE-bZvDw,5368,44
126,1.04,False,Cổng Trí Tuệ,7,False,822,False,4553,0.0187,True,True,False,False,False,True,False,True,65,16,231,24,,False,2026-03-31T14:21:57Z,làm giàu tư duy,38000,Elon Musk Tư Duy Thế Nào Để Trở Thành Người Giàu ? | Cổng Trí Tuệ,tz_SPvX4xOo,12712,101
131,1.04,False,Cổng Trí Tuệ,11,False,928,False,3965,0.0211,False,False,False,False,False,True,False,False,72,17,258,22,,False,2026-03-26T14:09:17Z,làm giàu tư duy,38000,Hiểu Luật Chơi Của Tiền Bạc | Sách Tiền Làm Chủ Cuộc Chơi | Cổng Trí Tuệ,GpZ10WiGcUI,12772,97
135,1.88,False,Cổng Trí Tuệ,26,False,864,False,3457,0.0187,True,True,False,False,False,True,False,False,68,16,404,19,,False,2026-03-22T14:00:00Z,làm giàu tư duy,38000,Tự Do Tài Chính: Từng Bước Thoát Khỏi Áp Lực Tiền Bạc | Cổng Trí Tuệ,FUlaAhiaQc0,23027,171
137,0.33,False,Cổng Trí Tuệ,16,False,936,False,3207,0.0348,True,True,False,False,True,False,False,False,67,15,127,20,odd,False,2026-03-20T15:04:58Z,làm giàu tư duy,38000,"5 Quy Tắc Để Tiền Ở Lại Với Bạn Của ""Người Giàu Nhất Thành Babylon""",EbY2voqsgns,4108,30
182,0.22,False,Cổng Trí Tuệ,3,False,1555,False,3030,0.0342,False,True,False,False,False,False,False,True,75,17,88,15,,False,2026-02-03T14:00:00Z,làm giàu tư duy,38000,"Tâm Trí Tác Động Đến Tiền Bạc, Hạnh Phúc Và Thành Công Của Bạn Như Thế Nào?",VyUguT1owCQ,2663,15
190,1.23,False,Cổng Trí Tuệ,9,False,1224,False,4065,0.0179,False,True,False,False,False,False,False,True,68,14,262,24,,False,2026-01-26T14:00:00Z,làm giàu tư duy,38000,Bận Rộn Nhưng Không Phát Triển? Tối Giản Đúng Cách Để Tiến Nhanh Hơn,ahNLyscJ0_Q,15102,79
196,0.2,False,Cổng Trí Tuệ,6,False,311,False,2844,0.0279,True,True,False,False,True,False,False,False,51,12,61,27,even,False,2026-01-20T14:00:00Z,làm giàu tư duy,38000,Những Bài Học Từ Elon Musk: Tỷ Phú Tự Thân (Phần 2),dqwFTGy73HA,2403,12
208,0.74,False,Cổng Trí Tuệ,22,False,1255,False,3876,0.0273,True,True,False,False,True,True,False,False,63,18,226,24,even,False,2026-01-08T14:04:06Z,làm giàu tư duy,38000,Tỷ Phú Tự Thân: Bài Học Từ Những Tỷ Phú Đi Lên Từ Số 0 | Phần 1,VY0u-oRro3A,9077,44
212,0.38,False,Cổng Trí Tuệ,16,False,547,False,3765,0.027,False,True,False,False,False,False,False,True,45,10,110,26,,False,2026-01-04T13:01:49Z,làm giàu tư duy,38000,Vì Sao Người Thành Công Luôn Có Nền Tảng Này?,yPIK0mBgydI,4661,22
218,1.88,False,Cổng Trí Tuệ,30,False,922,False,4631,0.0217,True,True,False,False,False,False,False,False,45,12,470,26,,False,2025-12-29T13:01:07Z,làm giàu tư duy,38000,Giàu Có Là Một Quy Luật Có Thể Học Và Lặp Lại,X7nBqpIY_Qg,23043,106
227,0.34,False,Cổng Trí Tuệ,9,False,1045,False,2794,0.0237,False,True,False,False,False,False,False,True,37,10,90,26,,False,2025-12-20T13:01:13Z,làm giàu tư duy,38000,Làm Thế Nào Để Làm Chủ Được Cảm Xúc ?,_4vetOwznaw,4178,18
247,2.93,False,Cổng Trí Tuệ,24,False,954,False,3066,0.0185,True,False,False,False,False,False,False,False,84,18,640,25,,False,2025-11-30T14:01:38Z,làm giàu tư duy,38000,"Càng Đơn Giản, Dòng Tiền Càng Dương – Quy Luật Giàu Lên Âm Thầm Của Người Thông Minh",yG-Ifdr5HwA,35971,146
249,1.11,False,Cổng Trí Tuệ,39,False,648,False,3214,0.0245,False,True,False,False,False,False,False,True,34,10,294,19,,False,2025-11-28T13:02:19Z,làm giàu tư duy,38000,Làm Thế Nào Để Tiền Đủ Và Tâm An ?,aN8vhTrl8u8,13591,55
252,0.37,False,Cổng Trí Tuệ,10,False,1066,False,3815,0.0274,True,True,False,False,False,False,False,False,48,11,116,22,,False,2025-11-25T13:01:41Z,làm giàu tư duy,38000,Cách Làm Giàu Của Người Do Thái Từ Tư Duy Ngược ,oXFd4ifcNr8,4594,18
258,0.5,False,Cổng Trí Tuệ,9,False,1128,False,3005,0.0268,False,True,False,False,True,False,False,False,44,11,154,23,odd,False,2025-11-19T13:00:35Z,làm giàu tư duy,38000,Để Thành Công Bạn Cần 9 Năng Lực Cốt Lõi Này,FDe7XvWbmR0,6087,24
264,0.42,False,Cổng Trí Tuệ,15,False,987,False,2900,0.0265,False,True,False,False,False,False,False,False,35,8,122,25,,False,2025-11-13T13:01:13Z,làm giàu tư duy,38000,Im Lặng Hành Động Thành Công Tự Đến,X0zvE6nZIh4,5170,20
1,0.18,False,Ông Chú Tài Chính,0,False,681,False,1263,0.0336,True,True,False,False,False,False,False,True,62,12,31,1,,False,2026-08-04T12:00:34Z,tài chính cá nhân,37800,"Vì Sao Người Giàu Ngừng Phô Trương (Càng Giàu, Càng Thầm Lặng)",1Eiz5pSNRpE,922,922
1,1.08,False,Ông Chú Tài Chính,6,False,1286,False,1455,0.0206,False,True,False,False,True,False,False,False,73,17,108,1,odd,False,2026-08-03T12:00:14Z,tài chính cá nhân,37800,Quản Lý Tiền Bạc Tối Giản (Mọi Quy Tắc Bạn Cần Tóm Gọn Trong 1 Video Này),SrwPag9lo1M,5537,5537
2,0.9,False,Ông Chú Tài Chính,6,False,2101,False,1453,0.0296,False,True,False,False,False,False,False,False,65,14,131,19,,False,2026-08-02T05:00:09Z,tài chính cá nhân,37800,Những Thói Quen Xấu Bạn Được Dạy Từ Nhỏ Khiến Bạn Luôn Túng Thiếu,YCVAPrGIK2M,4632,2316
3,2.55,False,Ông Chú Tài Chính,9,False,1775,False,1134,0.0206,False,False,False,False,True,False,False,False,49,10,260,1,even,False,2026-08-01T05:00:06Z,tài chính cá nhân,37800,12 Khoản Chi Nhàm Chán Nhưng Sinh Lời Khủng Khiếp,bke43e091G8,13059,4353
4,0.42,False,Ông Chú Tài Chính,6,False,2026,False,1262,0.0295,True,True,False,False,True,False,False,True,65,15,58,1,even,False,2026-07-31T04:00:07Z,tài chính cá nhân,37800,Lương 10 Triệu Vẫn Nghỉ Hưu Giàu Hơn Sếp Lương 30 Triệu – Vì Sao?,mhp0fb5tASU,2171,543
5,1.37,False,Ông Chú Tài Chính,7,False,1955,False,1127,0.0184,True,False,False,False,True,True,False,False,85,19,122,12,even,False,2026-07-30T12:00:37Z,tài chính cá nhân,37800,"12 Thói Quen Tiền Bạc ""Chán Ngắt"" Giúp Người Giàu Âm Thầm Đổi Đời | Ông Chú Tài Chính",8AQolwmIuQI,6992,1398
5,0.34,False,Ông Chú Tài Chính,7,False,1372,False,1054,0.037,True,True,False,False,True,False,False,False,76,17,57,1,even,False,2026-07-30T05:13:20Z,tài chính cá nhân,37800,10 Thói Quen Của Người Làm Nên Chuyện (Muốn Đổi Đời Phải Có Đủ 10 Điều Này!),tJp6bBwbz9k,1731,346
6,0.52,False,Ông Chú Tài Chính,3,False,1898,False,1672,0.0011,False,True,False,False,True,False,False,False,50,13,,3,even,True,2026-07-29T12:00:10Z,tài chính cá nhân,37800,Có 2 Tỷ Trong Tay: Đây Là Lúc Bạn Dễ Mất Tiền Nhất,SxECPil4sXU,2680,447
8,1.45,False,Ông Chú Tài Chính,18,True,1747,False,1242,0.0024,True,True,False,False,True,False,False,False,55,13,,1,even,False,2026-07-27T05:01:15Z,tài chính cá nhân,37800,Sự Thật Về PHÔNG BẠT: 8 Dấu Hiệu BẠN GIÀU HƠN Bạn Tưởng,4LgFHefpdy4,7419,927
11,0.49,False,Ông Chú Tài Chính,4,False,2685,False,1536,0.0228,False,True,False,False,True,False,False,False,31,8,53,1,odd,False,2026-07-24T12:00:19Z,tài chính cá nhân,37800,Có 1 Tỷ Đầu Tiên Đừng Vội Tiêu!,JXhQ1QXpou0,2500,227
12,0.56,False,Ông Chú Tài Chính,2,False,1996,False,1623,0.0194,False,False,False,False,False,False,False,False,63,14,54,1,,False,2026-07-23T11:57:27Z,tài chính cá nhân,37800,Một Thói Quen Tiền Bạc Giúp Cuộc Sống Nhẹ Nhõm Hơn Ngay Lập Tức,iRsUnkQ0HPg,2892,241
12,0.23,False,Ông Chú Tài Chính,0,False,378,False,30,0.0076,False,True,False,False,False,False,False,False,88,11,9,1,,False,2026-07-23T01:48:34Z,tài chính cá nhân,37800,Những Quy Tắc Tối Giản Về Tiền Bạc #taichinhcanhan #ongchutaichinh #quanlytaichinhcanhan,lTpzS_RVxsk,1190,99
13,2.12,False,Ông Chú Tài Chính,9,True,2367,False,1981,0.0104,True,True,False,False,False,False,False,False,44,10,104,14,,False,2026-07-22T12:01:31Z,tài chính cá nhân,37800,Sự Giàu Có Thật Sự Thường Không Ai Nhìn Thấy,O8HkX09poKU,10847,834
14,0.28,False,Ông Chú Tài Chính,2,False,1864,False,907,0.0297,True,True,False,False,False,False,False,False,68,16,41,1,,False,2026-07-21T05:00:33Z,tài chính cá nhân,37800,Thứ Người Giàu Không Bao Giờ Mua Khi Nghỉ Hưu Để Giữ Được Sự Giàu Có,x22Ycy0Yr04,1447,103
15,3.24,False,Ông Chú Tài Chính,20,False,1956,False,2237,0.0117,True,True,False,False,False,False,False,False,59,12,175,16,,False,2026-07-20T12:00:07Z,tài chính cá nhân,37800,"Thói Quen Của Người Sắp Giàu, Càng Bình Thường Càng Đáng Sợ",MXjYImhKA4g,16620,1108
17,1.02,False,Ông Chú Tài Chính,5,False,1926,False,1581,0.0167,True,False,False,False,True,False,False,False,44,10,82,1,odd,False,2026-07-18T10:55:06Z,tài chính cá nhân,37800,7 Điều Người Giàu Không Bao Giờ Làm Với Tiền,Ra1oGRyvxMM,5214,307
18,0.73,False,Ông Chú Tài Chính,5,False,2300,False,1636,0.0188,False,True,False,False,True,False,False,True,44,11,65,3,odd,False,2026-07-17T05:00:26Z,tài chính cá nhân,37800,"Có Gần 1 Tỷ Rồi, Bạn Có Nên Ngừng Tiết Kiệm?",eDY6yjQq2pQ,3731,207
19,0.72,False,Ông Chú Tài Chính,11,False,2439,False,2152,0.0201,False,True,False,False,True,False,False,True,50,12,63,5,odd,False,2026-07-16T11:54:51Z,tài chính cá nhân,37800,"Thu Nhập Thấp, Làm Sao Tiết Kiệm Đủ 1 Năm Chi Phí?",MtR5hdTN7lI,3678,194
20,1.01,False,Ông Chú Tài Chính,2,False,2010,False,2176,0.0189,False,False,False,False,True,False,False,True,55,12,96,1,even,False,2026-07-15T10:59:30Z,tài chính cá nhân,37800,Kiếm Được Nhiều Tiền Hơn? Hãy Nâng Cấp 14 Thứ Này Trước,_H-T3to0Zi0,5178,259
21,1.4,False,Ông Chú Tài Chính,5,False,2051,False,1604,0.0156,False,True,False,False,False,False,False,False,53,11,107,1,,False,2026-07-14T03:23:20Z,tài chính cá nhân,37800,Những Thống Kê Tài Chính Gây Sốc Về Người Bình Thường,zq518Y0GxG8,7165,341
22,0.56,False,Ông Chú Tài Chính,2,False,2124,False,1475,0.026,False,True,False,False,False,False,False,False,62,15,72,1,,False,2026-07-13T00:00:25Z,tài chính cá nhân,37800,Tôi Đã Ngừng Lập Ngân Sách Và Quản Lý Tiền Tốt Hơn Bao Giờ Hết,nsKi340EsRE,2844,129
25,1.95,False,Ông Chú Tài Chính,7,True,1792,False,2135,0.0207,False,True,False,False,False,True,False,False,72,18,200,1,,False,2026-07-10T12:30:14Z,tài chính cá nhân,37800,Đừng Để Ai Biết Bạn Có Bao Nhiêu Tiền | Cái Giá Của Việc Tiết Lộ Tài Sản,z7GzPzKwKMM,9999,400
26,2.36,False,Ông Chú Tài Chính,28,False,1673,False,1014,0.0194,False,True,False,False,True,False,False,True,77,18,207,1,even,False,2026-07-09T12:00:16Z,tài chính cá nhân,37800,Cuộc Sống Của Bạn Sẽ Như Thế Nào Nếu Bạn Giữ Lại Được 20 Nghìn Đồng Mỗi Ngày?,G-8bs_dFAzI,12106,466
27,0.99,False,Ông Chú Tài Chính,5,False,2005,False,1514,0.0191,True,False,False,False,True,False,False,False,70,15,92,1,even,False,2026-07-08T12:00:21Z,tài chính cá nhân,37800,8 Thói Quen Tiền Bạc Kiểu Nhật Giúp Người Bình Thường Giàu Lên Âm Thầm,rHmXSHOTRgY,5066,188
28,2.14,False,Ông Chú Tài Chính,12,False,2169,False,2070,0.0168,True,True,False,False,True,False,False,False,65,16,173,1,even,False,2026-07-07T12:00:34Z,tài chính cá nhân,37800,10 Thói Quen Khắc Nghiệt Giúp Tôi Xây Dựng Sự Giàu Có Từ Con Số 0,epi1GhU_Cac,10984,392
29,1.63,False,Ông Chú Tài Chính,9,False,1778,False,1778,0.0163,True,True,False,False,False,False,False,False,42,10,127,1,,False,2026-07-06T12:00:18Z,tài chính cá nhân,37800,"Càng Cố Tỏ Ra Giàu, Bạn Càng Khó Giàu Thật",_wIcso-iheo,8331,287
30,1.15,False,Ông Chú Tài Chính,12,False,1354,False,1617,0.02,False,False,False,False,True,False,False,False,74,16,106,1,odd,True,2026-07-05T12:00:27Z,tài chính cá nhân,37800,Bạn Không Nghèo Như Mình Nghĩ (3 Dấu Hiệu Tài Chính Đang Ổn Hơn Bạn Tưởng),4kqZKgbFAZo,5911,197
32,0.55,False,Ông Chú Tài Chính,10,False,841,False,1220,0.0269,False,True,False,False,False,True,False,False,68,17,66,1,,True,2026-07-03T12:00:38Z,tài chính cá nhân,37800,Đừng Chờ Thị Trường Sập Mới Đầu Tư | Sai Lầm Khi Ôm Tiền Mặt Quá Lâu,O-x8e1u2RWM,2823,88
34,0.57,False,Ông Chú Tài Chính,4,False,1814,False,1605,0.0182,True,True,False,False,False,False,False,False,68,16,49,1,,False,2026-07-01T12:00:15Z,tài chính cá nhân,37800,Thói Quen Khiến Bạn Mãi Không Giàu: Để Tiền Nằm Im Và Rò Rỉ Mỗi Ngày,Xtv8glbf8R4,2907,86
35,2.56,False,Ông Chú Tài Chính,5,True,819,False,1325,0.0171,True,True,False,False,True,False,False,False,58,14,219,1,odd,False,2026-06-30T12:00:11Z,tài chính cá nhân,37800,5 Quy Luật Tiền Bạc Giúp Bạn Giàu Lên Mà Không Cần May Mắn,YH9wojf5pUw,13111,375
1,0.03,False,Linh Tinh Chuyện,52,False,648,False,21,0.0468,False,True,False,False,False,False,False,False,36,9,1106,0,,False,2026-08-04T13:00:36Z,tâm lý học,37600,Một chiếc video về đồ ăn là chính ~~,Gatzz2fBDaQ,24726,24726
1,0.39,False,Linh Tinh Chuyện,92,False,648,False,21,0.0313,False,False,False,False,True,False,False,False,41,11,9590,0,odd,False,2026-08-04T09:15:10Z,tâm lý học,37600,"Hóa ra tất cả là như vậy =)) cứ tưởng 9,5",9xjp96cnvJs,309035,309035
1,1.0,False,Linh Tinh Chuyện,714,False,648,False,21,0.0188,False,False,False,False,False,False,False,False,36,10,14341,0,,False,2026-08-04T05:00:21Z,tâm lý học,37600,Mỗi lần mà thấy mẹ tôi nấu cá kho @@,ISi8zuL22JM,799200,799200
1,0.61,False,Linh Tinh Chuyện,93,False,648,False,23,0.022,False,False,False,False,False,False,False,False,32,8,10602,0,,False,2026-08-04T00:00:37Z,tâm lý học,37600,Bùa này bùa gì đây mọi người O.O,a7E_4xFC7UM,486898,486898
1,0.42,False,Linh Tinh Chuyện,80,False,648,False,23,0.0206,False,False,False,False,False,False,False,False,36,9,6809,0,,False,2026-08-03T13:00:25Z,tâm lý học,37600,Trung bình ảnh dìm của các bé mèo :V,_U8gyA7X1-4,334035,334035
1,1.22,False,Linh Tinh Chuyện,109,False,648,False,18,0.0199,False,False,False,False,False,False,False,False,24,6,19293,0,,False,2026-08-03T09:15:07Z,tâm lý học,37600,Đúng là ba của con =)))),kAEDqzPpcH4,976465,976465
1,1.36,False,Linh Tinh Chuyện,114,False,648,False,21,0.0182,False,False,False,False,False,False,False,False,29,7,19659,0,,False,2026-08-03T05:00:21Z,tâm lý học,37600,Tâm lý học sinh Việt Nam =))),svvQke8PIWU,1083859,1083859
1,0.14,False,Linh Tinh Chuyện,40,False,648,False,22,0.0153,False,True,False,False,False,False,False,False,34,10,1672,0,,False,2026-08-03T00:00:35Z,tâm lý học,37600,Lý do cũng hợp lý chứ bộ nhỉ ae @@,7OA7jrGvrL4,111576,111576
2,2.64,False,Linh Tinh Chuyện,413,False,648,False,23,0.0185,False,False,False,False,False,False,False,False,34,9,38513,0,,False,2026-08-02T13:00:01Z,tâm lý học,37600,Mèo ở Việt Nam đẹp cute mà nhỉ =)),5hScUN8Cv6Q,2107312,1053656
2,0.2,False,Linh Tinh Chuyện,72,False,648,False,22,0.0203,False,False,False,False,False,False,False,False,34,8,3141,0,,False,2026-08-02T09:15:19Z,tâm lý học,37600,Nỗi khổ của những người bị cận :((,y2hO-oVy45o,158559,79280
2,0.77,False,Linh Tinh Chuyện,286,False,648,False,23,0.0207,False,False,False,False,True,False,False,False,41,9,12519,0,odd,False,2026-08-02T05:00:14Z,tâm lý học,37600,"Không lâu nữa thôi, mùa đông tới điiii :3",C4lG3mkGxm0,617271,308636
2,0.64,False,Linh Tinh Chuyện,89,False,648,False,21,0.0218,False,False,False,False,False,False,False,False,49,11,11099,0,,False,2026-08-02T00:00:16Z,tâm lý học,37600,Sàn cam không bao giờ làm chúng ta hết cười =)))),ReHAmWV8z_A,513888,256944
3,1.01,False,Linh Tinh Chuyện,2845,False,648,False,22,0.021,False,False,False,False,False,False,False,False,35,10,14074,0,,False,2026-08-01T09:15:35Z,tâm lý học,37600,Bạn sẽ làm gì nếu mà cấm hết mxh @@,Wth2aXzTBH0,805540,268513
3,1.0,False,Linh Tinh Chuyện,1413,False,648,False,21,0.0149,False,True,False,False,False,False,False,True,43,12,10468,0,,False,2026-08-01T05:00:06Z,tâm lý học,37600,Vị nào mới xứng đáng làm nhà vua hả ae ? :P,YF6xSfNmxaI,799460,266487
3,0.39,False,Linh Tinh Chuyện,40,False,648,False,22,0.0193,False,False,False,False,False,False,False,False,38,9,6057,0,,False,2026-08-01T00:00:26Z,tâm lý học,37600,Sếp nhiều mưu mẹo thật đấy sếp ạ :((((,a0PZPOLlyX0,315480,105160
4,0.07,False,Linh Tinh Chuyện,17,True,648,False,22,0.0223,False,True,False,False,False,False,False,False,39,10,1278,0,,False,2026-07-31T09:15:38Z,tâm lý học,37600,Tán gái thế này mà không đổ thì chệu :V,std9kZ6hCrA,58198,14550
4,1.34,False,Linh Tinh Chuyện,850,False,648,False,23,0.0156,False,True,False,False,False,False,False,False,38,9,15926,0,,False,2026-07-31T05:00:07Z,tâm lý học,37600,Tiêu chuẩn độ tuổi trên mạng xã hội :v,CbHvrVY1hs4,1072058,268014
4,0.23,False,Linh Tinh Chuyện,35,False,648,False,22,0.0255,False,True,False,False,False,False,False,False,30,8,4631,0,,True,2026-07-31T00:00:25Z,tâm lý học,37600,Tự thua không cần làm gì cả =V,9sQjwT3Fx3g,183029,45757
5,0.19,False,Linh Tinh Chuyện,60,False,648,False,22,0.0163,False,False,False,False,False,False,False,False,36,8,2375,0,,False,2026-07-30T09:15:35Z,tâm lý học,37600,Cuộc sống quanh ta toàn lừa dối =))),rVMa6sOXt5o,149062,29812
5,2.17,False,Linh Tinh Chuyện,368,False,648,False,22,0.0182,False,True,False,False,False,False,False,False,32,8,31230,0,,False,2026-07-30T05:00:02Z,tâm lý học,37600,Mẹ vợ gửi con rể tương lai =)))),iPXpRJQvEgY,1736736,347347
5,1.43,False,Linh Tinh Chuyện,199,False,648,False,21,0.0144,False,True,False,False,False,False,False,False,42,10,16219,0,,False,2026-07-30T00:00:01Z,tâm lý học,37600,Có gì đó sai sai khi luyện tiếng anh =)))),FYf24pjC0Pg,1142308,228462
6,1.28,False,Linh Tinh Chuyện,159,False,648,False,20,0.0203,False,False,False,False,False,False,False,False,46,11,20569,0,,False,2026-07-29T09:15:39Z,tâm lý học,37600,Cộng đồng mạng cmt thì lúc nào cũng bá đạo =)),1rwJJTd1uKE,1021404,170234
6,2.81,False,Linh Tinh Chuyện,1737,False,648,False,21,0.0186,False,False,False,False,True,False,False,False,32,10,40084,0,odd,False,2026-07-29T05:00:17Z,tâm lý học,37600,Lớp 5 mà làm thơ cỡ này á em O.O,ELTfTkqxECs,2242505,373751
6,1.62,False,Linh Tinh Chuyện,294,False,648,False,22,0.0178,False,False,False,False,True,False,False,False,34,8,22773,0,odd,False,2026-07-29T00:00:07Z,tâm lý học,37600,Top những thứ tớ thường bị trêu :3,OpzYwTLE1Xg,1294918,215820
7,2.98,False,Linh Tinh Chuyện,1400,False,648,False,21,0.0185,False,False,False,False,False,False,False,False,46,11,42723,0,,False,2026-07-28T09:15:34Z,tâm lý học,37600,Thu hết điện thoại bán hết điện thoại đi hả :V,vejQz3G1mNg,2384356,340622
7,0.26,False,Linh Tinh Chuyện,57,False,648,False,21,0.0173,False,False,False,False,False,False,False,False,41,10,3494,0,,False,2026-07-28T05:00:25Z,tâm lý học,37600,Chỉ là ví dụ thôi phải thật không đấy =)),cUWITtSTEmQ,205211,29316
7,2.48,False,Linh Tinh Chuyện,232,False,648,False,22,0.0119,False,False,False,False,True,False,False,False,47,13,23327,0,even,False,2026-07-28T00:00:09Z,tâm lý học,37600,Đi làm 22k 1 tiếng mà 1 tháng được tận 16 củ @@,6EsxrlCSt2A,1979671,282810
8,3.74,False,Linh Tinh Chuyện,810,False,648,False,23,0.0197,False,False,False,False,False,False,False,False,33,8,58007,0,,False,2026-07-27T09:15:27Z,tâm lý học,37600,Khi em tôi làm toán =))))) ra dại,dzfNKkxEpuQ,2986845,373356
8,0.36,False,Linh Tinh Chuyện,137,False,648,False,24,0.0216,False,False,False,False,False,False,False,False,32,8,6151,0,,False,2026-07-27T05:00:28Z,tâm lý học,37600,Top những thứ cần được hạ giá :#,Uhx7I97snDA,291004,36376
8,1.02,False,Linh Tinh Chuyện,44,False,648,False,21,0.0147,False,False,False,False,False,False,False,False,48,11,11981,0,,False,2026-07-27T00:00:23Z,tâm lý học,37600,Sàn cam lúc nào cũng làm chúng ta buồn cười =))),hwFtc8svq8Y,816790,102099
798,8.34,False,Reiss Explains,181,False,40,False,60,0.0314,False,False,False,False,False,False,False,False,40,5,6583,0,,False,2024-05-27T17:05:08Z,finance explained,37400,White Chocolate Isn't Actually Chocolate,D98eLo6cuFw,215148,270
848,0.86,False,Reiss Explains,23,False,28,False,60,0.0385,False,False,False,False,False,False,False,True,28,6,826,0,,False,2024-04-07T16:14:40Z,finance explained,37400,What is the Great Blue Hole?,G3zep28_cMQ,22059,26
946,1.49,False,Reiss Explains,36,False,1255,False,60,0.023,False,True,False,False,False,False,False,False,31,5,852,0,,False,2023-12-31T18:23:33Z,finance explained,37400,Sharks Teeth NEVER Stop Growing,4tp4721_u0g,38545,41
1207,265.8,False,Reiss Explains,2216,False,579,False,34,0.0457,False,False,False,False,False,False,False,True,45,7,311136,0,,False,2023-04-15T11:00:04Z,finance explained,37400,How Do Millionaires Actually Make Their Money,6o0Ir20RZVE,6854680,5679
1211,0.34,False,Reiss Explains,9,False,542,False,26,0.0498,False,False,False,False,False,False,False,False,41,8,428,0,,False,2023-04-11T11:00:33Z,finance explained,37400,Where Does the Term Sleep Tight Come From,_v9y1jgvZiM,8778,7
1214,2.53,False,Reiss Explains,74,False,822,False,37,0.0261,False,False,False,False,False,False,False,True,40,7,1631,3,,False,2023-04-08T11:00:03Z,finance explained,37400,What’s the Oldest Living Thing on Earth?,ar-vHfDYTYo,65362,54
1218,0.78,False,Reiss Explains,43,False,588,False,32,0.0421,False,False,False,False,False,False,False,True,51,11,802,0,,False,2023-04-04T11:46:04Z,finance explained,37400,Where Are You Most Likely to Get Bitten by a Shark?,x6FFXc9MuKM,20057,16
1231,1.0,False,Reiss Explains,25,False,40,False,22,0.0439,False,False,False,False,True,False,False,False,40,7,1107,14,even,False,2023-03-21T20:59:30Z,finance explained,37400,You'll Meet 100 Psychopaths in Your Life,pWmeww79_Bc,25789,21
1237,0.69,True,Reiss Explains,98,False,427,False,313,0.0336,False,False,False,False,False,False,False,False,34,7,500,19,,False,2023-03-15T17:41:40Z,finance explained,37400,Ice Baths Are Worse Than You Think,Y2_wD_u6R1Y,17791,14
1252,38.42,False,Reiss Explains,421,False,796,False,45,0.0536,False,False,False,False,False,False,False,False,29,5,52712,10,,False,2023-03-01T12:59:20Z,finance explained,37400,The Most Hated Internet Trend,7T2ZA1qLg0c,990890,791
1257,0.73,False,Reiss Explains,67,False,354,False,368,0.034,False,False,False,False,False,False,False,True,30,5,574,16,,False,2023-02-24T11:28:42Z,finance explained,37400,How Food Challenges Are Staged,bNxkRyILl8g,18848,15
1260,1.22,False,Reiss Explains,20,False,918,False,39,0.0455,False,False,False,True,False,False,False,True,28,6,1409,27,,False,2023-02-20T18:36:59Z,finance explained,37400,I Asked ChatGPT Why It Fails,sJjVZ0TFZWA,31441,25
1266,0.72,False,Reiss Explains,19,False,390,False,50,0.0564,False,False,False,False,True,False,False,True,28,6,1028,0,odd,False,2023-02-14T20:15:45Z,finance explained,37400,How a Cat Scammed 539 People,VzjvBZbnAmA,18572,15
1267,1.57,False,Reiss Explains,112,False,647,False,5,0.0639,False,False,False,False,True,False,False,False,40,8,2466,12,even,False,2023-02-13T18:51:17Z,finance explained,37400,I Spent 24 Hours Living Like Andrew Tate,zN8n19_t8-U,40371,32
1269,0.41,False,Reiss Explains,129,False,526,False,646,0.07,False,False,False,False,False,False,False,False,30,5,618,21,,False,2023-02-11T21:36:33Z,finance explained,37400,Exposing a Cat Influencer Scam,VnyErsAFrnQ,10664,8
1274,41.05,False,Reiss Explains,325,False,0,False,45,0.0584,False,False,False,False,False,False,False,True,43,7,61462,0,,False,2023-02-06T20:23:57Z,finance explained,37400,Why is Oddly Satisfying Content So Popular?,xGrSqW94lA8,1058721,831
1276,70.66,False,Reiss Explains,713,False,0,False,45,0.0849,False,False,False,False,True,False,False,False,37,6,153950,0,odd,False,2023-02-04T17:53:18Z,finance explained,37400,"MrBeast Loses Over $1,000,000 a Video",4wfsRpfGaZA,1822174,1428
1278,0.3,True,Reiss Explains,59,False,1389,False,556,0.0856,False,False,False,True,True,False,False,True,41,7,598,32,odd,False,2023-02-02T17:42:59Z,finance explained,37400,"How MrBeast Loses Over $1,000,000 a Video",8sOiAfSF44s,7673,6
1288,246.94,False,Reiss Explains,3045,False,1344,False,51,0.0677,False,False,False,False,False,False,False,True,50,8,428375,19,,False,2023-01-23T17:48:30Z,finance explained,37400,Why Banana Flavoured Foods Don't Taste Like Banana,F8U-0AUxb3M,6368317,4944
1291,0.6,False,Reiss Explains,34,False,884,False,30,0.0609,False,False,False,True,False,False,False,True,33,6,902,0,,False,2023-01-20T17:07:20Z,finance explained,37400,Does This Illusion Happen to You?,ET2WhPEKbAY,15371,12
1292,0.13,False,Reiss Explains,21,False,812,False,503,0.0827,False,False,False,True,False,False,False,True,45,8,258,22,,False,2023-01-19T18:10:16Z,finance explained,37400,Why People Hate Pepe the Frog (And Shouldn't),tjxiv6Iu_Xc,3372,3
1295,219.9,False,Reiss Explains,718,False,737,False,32,0.0545,False,False,False,True,True,False,False,False,64,13,308621,0,even,False,2023-01-17T11:55:20Z,finance explained,37400,"The ""Let Me Do This For You"" Borzoi Meme Explained in 30 Seconds",-nnpEOCxgIc,5670949,4379
1300,3.3,True,Reiss Explains,411,False,799,False,720,0.0383,False,False,False,True,False,False,False,True,56,10,2845,27,,False,2023-01-11T19:06:20Z,finance explained,37400,Manipulating Men for Millions - How Andrew Tate Got Rich,Kybte2BFKrw,85030,65
1350,0.25,False,Reiss Explains,18,False,818,False,528,0.0608,False,False,False,True,False,False,False,True,28,5,381,24,,False,2022-11-23T14:52:00Z,finance explained,37400,Will Elon Musk Kill Twitter?,oMAy6E2mntA,6565,5
1362,0.22,False,Reiss Explains,56,False,553,False,655,0.0909,False,False,False,False,True,False,False,True,50,9,465,21,odd,False,2022-11-10T17:54:16Z,finance explained,37400,How Kanye West Destroyed His Reputation in 1 Month,c3sZ_R1SewI,5734,4
3,0.2,False,Thuật Thương Nhân ,4,True,3775,False,1780,0.0447,True,True,False,False,False,True,False,False,92,18,37,26,,False,2026-08-01T12:45:02Z,tài chính cá nhân,36300,Tích Sản Thời Tiền Đắt: Bí Mật Người Giàu Không Nói Ra | Thuật Thương Nhân #tichsan #lamgiau,3h48u7U1nnw,917,306
4,1.34,False,Thuật Thương Nhân ,10,True,4174,False,2237,0.0312,False,False,False,False,True,True,False,False,97,20,184,23,even,False,2026-07-31T12:45:25Z,tài chính cá nhân,36300,Kinh Doanh Thời Tiền Đắt: 10 Quy Tắc Sống Còn Không Ai Nói Với Bạn | Thuật Thương Nhân #kinhdoanh,GtpkAA1H6FQ,6212,1553
6,0.24,False,Thuật Thương Nhân ,0,False,4039,False,2466,0.0349,False,True,False,False,False,True,False,False,99,17,39,22,,False,2026-07-29T12:45:17Z,tài chính cá nhân,36300,Bản Đồ Định Giá: Bán Đúng Giá Cho Đúng Người | Thuật Thương Nhân #tuduykinhdoanh #địnhgiá #kiêmtiền,8TcamozimiQ,1118,186
12,1.08,False,Thuật Thương Nhân ,5,False,3458,False,2909,0.0273,False,False,False,False,False,True,False,False,96,16,132,21,,False,2026-07-23T12:45:28Z,tài chính cá nhân,36300,Nghệ Thuật Đi Cùng Sói: Càng Đi Càng Mạnh | Thuật Thương Nhân #tuduykinhdoanh #kiêmtiền #lamgiau,CKw3apxFhDc,5014,418
15,0.47,False,Thuật Thương Nhân ,1,True,2878,False,2132,0.0313,False,True,False,False,False,True,False,False,98,18,67,23,,False,2026-07-20T12:45:12Z,tài chính cá nhân,36300,Khống Chế Doanh Thu: Nghịch Lý Thương Trường Ít Ai Nói Với Bạn | Thuật Thương Nhân #tuduykinhdoanh,ITUG61BYz7w,2173,145
18,1.01,False,Thuật Thương Nhân ,4,False,2380,False,2819,0.0297,False,True,False,False,False,True,False,False,91,15,135,23,,False,2026-07-17T12:45:04Z,tài chính cá nhân,36300,Đơn Giản: Triết Lý Sinh Tồn Trên Thương Trường | Thuật Thương Nhân #tuduykinhdoanh #lamgiau,tcYQ2Y8DZYw,4687,260
25,5.16,False,Thuật Thương Nhân ,29,False,3147,False,2117,0.0281,True,False,False,False,False,True,False,False,96,15,644,24,,False,2026-07-10T12:40:14Z,tài chính cá nhân,36300,Nghệ Thuật Chia Bánh: Càng Chia Càng Giàu | Thuật Thương Nhân #tưduykinhdoanh #kiếmtiền #lamgiau,7mZtfWNOdBU,23963,959
29,0.63,False,Thuật Thương Nhân ,3,False,3519,False,2765,0.0378,False,False,False,False,True,True,False,False,93,18,108,25,even,False,2026-07-06T12:45:09Z,tài chính cá nhân,36300,10 Kịch Bản Bán Hàng Thường Gặp: Nghệ Thuật Chốt Đơn Thực Chiến | Thuật Thương Nhân #kiếmtiền,DvkzDkmjiWA,2934,101
40,0.46,False,Thuật Thương Nhân ,0,False,3389,False,2135,0.0311,True,True,False,False,True,True,False,False,98,18,66,24,even,False,2026-06-25T12:45:22Z,tài chính cá nhân,36300,10 Từ Khóa Kiếm Tiền: Người Giàu Vận Dụng Trong Kinh Doanh | Thuật Thương Nhân #kinhdoanh #làmgiàu,1rrmzg3zVaI,2120,53
42,1.33,False,Thuật Thương Nhân ,6,True,3121,False,2435,0.0313,False,False,False,False,True,True,False,False,98,22,187,24,odd,False,2026-06-23T12:45:30Z,tài chính cá nhân,36300,1 - 2 - 3 - 4: Công Thức Kiếm Tiền Ít Ai Nói Với Bạn | Thuật Thương Nhân #tuduykinhdoanh #kiếmtiền,1UHWh99V8Ag,6169,147
47,0.54,False,Thuật Thương Nhân ,2,False,3260,False,3548,0.036,False,True,False,False,True,True,False,False,92,18,88,22,even,False,2026-06-18T12:45:10Z,tài chính cá nhân,36300,Bản Đồ Tỷ Lệ Vàng Chi Phí: Hành Trình 100 Đồng Doanh Thu | Thuật Thương Nhân #tưduykinhdoanh,Ke8p8q6ixvY,2501,53
49,1.19,False,Thuật Thương Nhân ,11,False,2945,False,2954,0.0386,False,True,False,False,False,True,False,False,100,18,202,23,,False,2026-06-16T12:45:31Z,tài chính cá nhân,36300,Bản Đồ Dòng Tiền Khách Hàng: Kiếm Tiền Ở Mọi Điểm Chạm | Thuật Thương Nhân #tuduykinhdoanh #dòngtiền,n5cKBhMl__A,5522,113
55,0.42,False,Thuật Thương Nhân ,0,False,3178,False,2406,0.0246,False,True,False,False,True,True,False,False,98,21,48,26,even,False,2026-06-10T12:45:27Z,tài chính cá nhân,36300,Bí Quyết Tích Sản Của Ông Bà Xưa : 10 Nguyên Tắc Tài Chính Truyền Đời | Thuật Thương Nhân #tichsan,VnFPlvQkxXM,1954,36
57,0.53,False,Thuật Thương Nhân ,5,False,2943,False,3581,0.0351,False,False,False,False,True,True,False,False,93,19,82,21,even,False,2026-06-08T12:32:31Z,tài chính cá nhân,36300,10 Chiến Lược Khuyến Mãi Thực Chiến Cho Kinh Doanh Nhỏ Khởi Nghiệp Ít Vốn | Thuật Thương Nhân,u1crdINwUQk,2481,44
59,0.35,False,Thuật Thương Nhân ,1,False,3058,False,1870,0.0229,True,True,False,False,True,True,False,False,98,22,36,22,even,False,2026-06-06T12:48:50Z,tài chính cá nhân,36300,Tài Chính Cá Nhân Kinh Điển: 8 Quy Tắc Người Giàu Luôn Áp Dụng Trước Khi Mở Ví | Thuật Thương Nhân,PQacFqCmhPc,1619,27
60,0.61,False,Thuật Thương Nhân ,10,False,3286,False,2539,0.0453,False,False,False,False,False,True,False,False,92,20,118,22,,False,2026-06-05T12:45:09Z,tài chính cá nhân,36300,Giá Trị Cộng Thêm : Chiến Lược Tăng Cạnh Tranh Cho Kinh Doanh Nhỏ Ít Vốn | Thuật Thương Nhân,B0c_nYM_3U0,2826,47
66,0.65,False,Thuật Thương Nhân ,2,True,3370,False,2587,0.0313,False,True,False,False,False,True,False,False,99,22,93,24,,False,2026-05-30T12:30:18Z,tài chính cá nhân,36300,Hiệu Ứng Tâm Lý Giá: Vũ Khí Bí Mật Điều Hướng Quyết Định Mua Hàng Theo Kịch Bản | Thuật Thương Nhân,wfTFGbRsZzQ,3031,46
73,1.13,False,Thuật Thương Nhân ,16,False,2292,False,3457,0.0366,False,False,False,False,True,True,False,False,96,18,176,23,even,False,2026-05-23T12:00:56Z,tài chính cá nhân,36300,Tài Chính Kinh Doanh Nhỏ: 10 Quy Tắc Đơn Giản Nhưng Sống Còn | Thuật Thương Nhân #tưduykinhdoanh,7MEA1EWJdts,5252,72
75,1.11,False,Thuật Thương Nhân ,12,False,3238,False,3531,0.0329,False,True,False,False,True,True,False,False,96,20,158,24,even,False,2026-05-21T12:45:08Z,tài chính cá nhân,36300,Đổi Ngôn Từ Doanh Thu Tăng Mạnh: 10 Chiến Lược Thực Chiến Cho Kinh Doanh Nhỏ | Thuật Thương Nhân,F593fNfKtIU,5161,69
78,1.46,False,Thuật Thương Nhân ,11,False,3164,False,3104,0.0256,False,True,False,False,False,True,False,False,98,19,163,23,,False,2026-05-18T12:35:40Z,tài chính cá nhân,36300,Kiếm Tiền Từ Sự Khẩn Cấp: Dòng Tiền Ít Cạnh Tranh Lợi Nhuận Cao | Thuật Thương Nhân #tưduykiếmtiền,HYhm5xrgGfE,6795,87
81,3.73,False,Thuật Thương Nhân ,27,False,4644,False,2836,0.0328,False,True,False,False,False,True,False,False,94,17,541,23,,False,2026-05-15T13:08:51Z,tài chính cá nhân,36300,Kiếm Tiền Từ Người Kiếm Tiền: Quy Luật Dòng Tiền Tối Thượng | Thuật Thương Nhân #tưduykiếmtiền,RtSerRpiOwk,17316,214
84,4.15,False,Thuật Thương Nhân ,21,False,3560,False,3672,0.0313,False,False,False,False,True,True,False,False,100,19,582,25,even,False,2026-05-12T12:48:13Z,tài chính cá nhân,36300,10 Chiến Lược Mồi Thực Chiến Cho Kinh Doanh Nhỏ Khởi Nghiệp Vốn Ít | Thuật Thương Nhân #kinhdoanhnho,tKybJ0BxL7Q,19281,230
86,1.5,False,Thuật Thương Nhân ,7,False,3116,False,3926,0.0314,False,False,False,False,True,True,False,False,100,19,212,24,even,False,2026-05-10T12:14:19Z,tài chính cá nhân,36300,Bán Nhanh Hơn Đối Thủ:10 Chiến Lược Sống Còn Cho Kinh Doanh Nhỏ Khởi Nghiệp Ít Vốn|Thuật Thương Nhân,CuUBtrFfhlU,6978,81
88,2.58,False,Thuật Thương Nhân ,36,False,3347,False,3660,0.0334,False,False,False,False,True,True,False,False,100,19,364,24,odd,False,2026-05-08T12:52:13Z,tài chính cá nhân,36300,Nhân Bản Doanh Thu:1 Sản phẩm–10 Cách Kiếm Tiền Cho Kinh Doanh Khởi Nghiệp Ít Vốn |Thuật Thương Nhân,trvy_Jstq6c,11971,136
90,0.99,False,Thuật Thương Nhân ,12,True,4284,False,3986,0.0312,True,True,False,False,False,True,False,False,100,23,131,24,,False,2026-05-06T12:30:00Z,tài chính cá nhân,36300,Ma Trận Cơ Hội Kết Hợp Kim Tự Tháp Thu Nhập: Bản Đồ Làm Giàu Không Ai Nói Với Bạn |Thuật Thương Nhân,18DQjo6fHbA,4584,51
94,5.85,False,Thuật Thương Nhân ,40,False,2650,False,3484,0.0285,False,False,False,False,True,True,False,False,99,20,734,25,even,False,2026-05-02T12:34:15Z,tài chính cá nhân,36300,Thu Hồi Vốn Nhanh: 10 Quy Tắc Sống Còn Trong Kinh Doanh Nhỏ Ít Vốn | Thuật Thương Nhân #khởi_nghiệp,DD4wGo-mE64,27156,289
102,1.74,False,Thuật Thương Nhân ,31,True,2472,False,2963,0.0372,False,False,False,False,True,True,False,False,94,22,270,23,even,False,2026-04-24T12:30:00Z,tài chính cá nhân,36300,Tăng Lợi Nhuận Cho Kinh Doanh Nhỏ Vốn Ít: 10 Quy Tắc Đơn Giản Ít Ai Nói Ra | Thuật Thương Nhân,TeXMW76Q-Js,8102,79
105,0.38,False,Thuật Thương Nhân ,0,False,2752,False,1934,0.0271,True,False,False,False,False,True,False,False,90,14,48,24,,True,2026-04-21T12:16:56Z,tài chính cá nhân,36300,Đòn Bẩy Vốn: Giàu Nhanh Hay... Mất Sạch | Thuật Thương Nhân #tuduytaichinh #taichinhcanhan,jPfZQBq3Y30,1771,17
110,0.99,False,Thuật Thương Nhân ,24,False,2576,False,4550,0.033,True,True,False,False,False,True,False,False,96,16,128,22,,False,2026-04-16T12:03:50Z,tài chính cá nhân,36300,Người Trong Muôn Nghề: Ai Cũng Có Thể Làm Giàu | Thuật Thương Nhân #tưduylàmgiàu #tuduythanhcong,EBnoE9BwJRM,4604,42
123,0.46,False,Thuật Thương Nhân ,1,False,2445,False,3195,0.024,True,True,False,False,True,True,False,False,100,19,50,23,even,False,2026-04-03T12:00:00Z,tài chính cá nhân,36300,10 Nguyên Lý Nhân Tính: Người Giàu Âm Thầm Vận Dụng Kiếm Tiền | Thuật Thương Nhân #làmgiàu #kiếmtiền,f0lkZiKBa6U,2125,17
3,0.83,False,Giải Trí Cùng Gấu Lười,7,False,0,False,154,0.0095,False,True,False,False,False,False,False,False,88,19,438,0,,False,2026-08-01T04:03:02Z,quản lý tiền,35100,Người quản lý ăn chặn tiền lương của nhân viên để mua xe cho bạn trai và cái kết.#shorts,BnRAksPmJCo,46905,15635
5,0.2,False,Giải Trí Cùng Gấu Lười,4,False,0,False,131,0.0155,False,False,False,False,False,False,False,False,69,13,174,0,,False,2026-07-30T10:11:27Z,quản lý tiền,35100,Quản lý mới kiêu ngạo khinh thường người nông thôn và cái kết.#shorts,-KL3a30H8tw,11460,2292
6,1.09,False,Giải Trí Cùng Gấu Lười,9,False,0,False,64,0.0174,False,True,False,False,False,False,False,False,74,16,1064,0,,False,2026-07-29T05:00:16Z,quản lý tiền,35100,"Dù có gia đình mới, tình cha vẫn không thể bỏ rơi con cái của mình.#shorts",FwNs3v17354,61809,10302
7,0.61,False,Giải Trí Cùng Gấu Lười,5,False,0,False,112,0.0106,False,False,False,False,False,False,False,False,82,17,360,0,,False,2026-07-28T04:00:22Z,quản lý tiền,35100,"Quản lý ngạo mạn cậy quyền thế, bắt nạt người nhà của nhân viên và cái kết.#shorts",jnu_pABp6QA,34479,4926
9,1.08,False,Giải Trí Cùng Gấu Lười,12,False,0,False,87,0.0104,False,True,False,False,False,False,False,False,91,20,625,0,,False,2026-07-26T10:00:17Z,quản lý tiền,35100,"Cô gái cậy thế có chồng mình làm quản lý, đi khắp nơi bắt nạt người khác và cái kết.#shorts",APG7GS3WiaA,61399,6822
9,2.27,False,Giải Trí Cùng Gấu Lười,147,False,0,False,136,0.0381,False,False,False,False,False,False,False,False,83,19,4745,0,,False,2026-07-26T05:12:19Z,quản lý tiền,35100,Con trai và con dâu đối xử tệ với ông nội trong bữa ăn hàng ngày và cái kết.#shorts,COaSdFdodxQ,128470,14274
10,17.77,False,Giải Trí Cùng Gấu Lười,117,False,0,False,136,0.0123,False,False,False,False,False,False,False,False,77,16,12251,0,,False,2026-07-25T10:00:05Z,quản lý tiền,35100,Cha dượng và bà nội bắt nạt cháu trai trong ngày sinh nhật và cái kết.#shorts,bhwgVq0mkCk,1007324,100732
10,1.15,False,Giải Trí Cùng Gấu Lười,26,False,0,False,140,0.0202,False,False,False,False,False,False,False,False,83,17,1292,0,,False,2026-07-25T04:00:23Z,quản lý tiền,35100,Người mẹ kế hết lòng vì gia đình nhưng lại bị con chồng và chồng coi thường.#shorts,WMOryh2lGuY,65335,6534
12,2.53,False,Giải Trí Cùng Gấu Lười,8,False,0,False,165,0.0081,False,True,False,False,False,False,False,False,92,20,1153,0,,False,2026-07-23T04:07:14Z,quản lý tiền,35100,"Cô gái ỷ thế mình có mối quan hệ, thường xuyên bắt nạt nhân viên cấp dưới và cái kết.#shorts",_BKJUmhbLyo,143207,11934
13,1.79,False,Giải Trí Cùng Gấu Lười,128,False,0,False,106,0.0411,False,True,False,False,False,False,False,False,90,19,4038,0,,False,2026-07-22T10:00:06Z,quản lý tiền,35100,"Vợ cậy thế có chồng làm sếp lớn, ngông cuồng bắt nạt nhầm nhầm chủ tịch và cái kết.#shorts",T34qnwn26FI,101446,7804
13,1.3,False,Giải Trí Cùng Gấu Lười,46,False,0,False,134,0.0281,False,False,False,False,False,False,False,False,84,18,2035,0,,False,2026-07-22T04:02:11Z,quản lý tiền,35100,Cháu gái lên tiếng bảo vệ ông nội trước hành động đối xử tệ bạc của người mẹ.#shorts,u1g8mnYSq2Y,73930,5687
14,7.08,False,Giải Trí Cùng Gấu Lười,7,False,0,False,95,0.0048,False,True,False,False,False,False,False,False,88,19,1904,0,,False,2026-07-21T04:00:05Z,quản lý tiền,35100,"Cô gái cậy thế có chồng là quản lý, ngông cuồng bắt nạt nhầm chủ tịch và cái kết.#shorts",g5-hSoD9JZ8,401455,28675
15,0.52,False,Giải Trí Cùng Gấu Lười,11,False,0,False,125,0.0158,False,False,False,False,False,False,False,False,81,19,454,0,,False,2026-07-20T10:00:20Z,quản lý tiền,35100,"Người vợ ra tay dạy dỗ chồng và con gái của anh ta, trước sự vô ơn của họ.#shorts",cWdKmEm4sSE,29431,1962
17,0.92,False,Giải Trí Cùng Gấu Lười,47,False,0,False,130,0.0355,False,False,False,False,False,False,False,False,96,21,1799,0,,False,2026-07-18T10:00:18Z,quản lý tiền,35100,Cháu gái lên tiếng bảo vệ ông trước hành động đối xử của mẹ và sự nhu nhược của người bố.#shorts,npthsFHw9kc,51946,3056
17,3.48,False,Giải Trí Cùng Gấu Lười,458,False,0,False,118,0.045,False,False,False,False,False,False,False,False,97,21,8427,0,,False,2026-07-18T04:00:35Z,quản lý tiền,35100,Người vợ thường xuyên bắt nạt con gái nuôi là ân nhân của chồng và cái kết đắng cho cô vợ.#shorts,MSn-hFMl0b0,197387,11611
19,0.72,False,Giải Trí Cùng Gấu Lười,5,False,0,False,134,0.0121,False,False,False,False,False,False,False,False,67,15,485,0,,False,2026-07-16T04:00:26Z,quản lý tiền,35100,Người vợ ra tay trừng trị hai cha con trước sự vô ơn của họ.#shorts,LMU0x5gTfi0,40579,2136
20,0.8,False,Giải Trí Cùng Gấu Lười,6,False,0,False,103,0.0111,False,True,False,False,False,False,False,False,97,22,495,0,,False,2026-07-15T04:00:35Z,quản lý tiền,35100,"Đừng để sự ích kỷ phá vỡ tình thân cha mẹ là gốc rễ của gia đình, các bạn thấy đúng không.#shorts",c1mJugGbWxk,45150,2258
21,0.7,False,Giải Trí Cùng Gấu Lười,4,False,0,False,128,0.0133,False,False,False,False,False,False,False,False,76,18,519,0,,False,2026-07-14T10:10:41Z,quản lý tiền,35100,Người chồng ra tay dạy dỗ em gái và cô vợ kế trước sự giả tạo của họ.#shorts,hoXS3wmWico,39440,1878
21,6.3,False,Giải Trí Cùng Gấu Lười,53,False,0,False,105,0.0127,False,False,False,False,False,False,False,False,91,21,4483,0,,False,2026-07-14T04:15:48Z,quản lý tiền,35100,Chồng đi công tác xa mẹ kế và chị gái bắt nạt con trai của chồng và cái cái cái kết.#shorts,MgIf9BaXf84,357135,17006
22,0.39,False,Giải Trí Cùng Gấu Lười,10,False,0,False,122,0.0208,False,False,False,False,False,False,False,False,87,20,446,0,,False,2026-07-13T11:00:24Z,quản lý tiền,35100,Người chồng ra tay dạy dỗ vợ mình về cách mà con cái đối xử tệ bạc với mẹ chồng.#shorts,TWCTWrT5kCE,21940,997
22,0.78,False,Giải Trí Cùng Gấu Lười,3,False,0,False,133,0.0085,False,False,False,False,False,False,False,False,98,22,375,0,,False,2026-07-13T04:00:13Z,quản lý tiền,35100,Bài học lớn phải trả của mẹ chồng và em trai chồng trước sự vô ơn của mình đối với con dâu.#shorts,Mp0156dKSPw,44236,2011
23,0.43,False,Giải Trí Cùng Gấu Lười,5,False,0,False,60,0.0213,False,False,False,False,False,False,False,False,95,20,519,0,,False,2026-07-12T10:00:00Z,quản lý tiền,35100,Cháu trai lên tiếng đòi lại công bằng cho ông nội trước sự đối xử bất kính của người mẹ.#shorts,Q0dPr813rrk,24631,1071
23,1.92,False,Giải Trí Cùng Gấu Lười,60,False,0,False,137,0.0196,False,True,False,False,False,False,False,False,98,23,2077,0,,False,2026-07-12T04:00:39Z,quản lý tiền,35100,Chồng lên tiếng bảo vệ vợ trước hành động đuổi cô ấy về nhà mẹ đẻ ở của mẹ chồng và em gái.#shorts,g3TOdH62rcY,108867,4733
24,3.3,False,Giải Trí Cùng Gấu Lười,108,False,0,False,117,0.0178,False,False,False,False,False,False,False,False,94,23,3224,0,,False,2026-07-11T10:00:14Z,quản lý tiền,35100,Người bố ra tay dạy dỗ con gái và con rể về cách mà con cái đối xử tệ bạc với mẹ chồng.#shorts,S4OYqBh1p1I,187210,7800
24,0.32,False,Giải Trí Cùng Gấu Lười,3,False,0,False,108,0.0145,False,True,False,False,False,False,True,True,96,21,260,0,,False,2026-07-11T04:00:17Z,quản lý tiền,35100,Theo bạn việc người mẹ dạy dỗ con cái để đòi lại công bằng cho con dâu có đúng hay không?#shorts,yNxpq_TLhnY,18189,758
25,0.6,False,Giải Trí Cùng Gấu Lười,11,False,0,False,131,0.0101,False,False,False,False,False,False,False,False,78,17,329,0,,False,2026-07-10T10:00:13Z,quản lý tiền,35100,Chồng đi vắng vợ và em gái cùng nhau bắt nạt người mẹ chồng và cái kết!#shorts,hHaiPd9mwXI,33795,1352
25,0.83,False,Giải Trí Cùng Gấu Lười,13,False,0,False,108,0.0094,False,True,False,False,False,False,False,False,96,20,428,0,,False,2026-07-10T04:00:39Z,quản lý tiền,35100,Gia đình chỉ hạnh phúc khi biết thấu hiểu nhau hãy chia sẻ để lan tỏa thông điệp này nhé.#shorts,d3VKkEMMODo,47078,1883
26,0.15,False,Giải Trí Cùng Gấu Lười,1,False,0,False,123,0.0161,False,False,False,False,False,False,True,True,92,20,138,0,,False,2026-07-09T10:00:22Z,quản lý tiền,35100,Theo các bạn hành động của em gái chồng và người mẹ có nên được tha thứ hay là không?#shorts,jLo6vKJX0Mc,8651,333
26,1.7,False,Giải Trí Cùng Gấu Lười,81,False,0,False,144,0.0238,False,True,False,False,False,False,True,False,97,21,2205,0,,False,2026-07-09T04:00:16Z,quản lý tiền,35100,"Cha mẹ nuôi ta khôn lớn, phải bảo vệ họ đến cùng đừng để ai coi thường hay làm tổn thương.#shotrs",FePRFIeJa7U,96065,3695
27,7.41,False,Giải Trí Cùng Gấu Lười,177,False,0,False,145,0.0161,False,False,False,False,False,False,False,False,100,21,6591,0,,False,2026-07-08T11:00:22Z,quản lý tiền,35100,"Nếu bạn tin rằng tình yêu và nhân phẩm quan trọng hơn tiền bạc, hãy bình luận ở bên dưới nhé.#shotrs",opYGKQHZpgo,419853,15550
195,0.21,False,The Quinnverse,16,False,338,False,922,0.0254,False,True,False,False,False,True,False,False,97,21,60,0,,False,2026-01-21T13:00:22Z,tâm lý học,34900,"DAILY VLOG: Thành ""khách"" khi về thăm nhà sau khi chuyển ra ở riêng | Hà Nội những ngày cuối năm!",CFEJhH4sxbE,2994,15
200,0.53,False,The Quinnverse,27,False,484,False,254,0.0152,False,True,False,True,True,False,False,False,98,19,86,0,even,False,2026-01-16T13:01:48Z,tâm lý học,34900,"INSTA360 ACE PRO 2 - Trải nghiệm của Content Creator, không phải cứ Action Cam là chất lượng ""...""",rBZ2u7uNdBw,7453,37
217,0.26,False,The Quinnverse,52,False,310,False,427,0.0812,False,True,False,False,False,False,False,False,59,13,244,0,,False,2025-12-30T14:18:14Z,tâm lý học,34900,Cho những đứa trẻ dành cả thanh xuân để chữa lành tuổi thơ.,wsfRjl3Gf4k,3646,17
245,1.2,False,The Quinnverse,55,False,346,False,446,0.0393,False,True,False,False,True,False,False,False,99,19,609,0,odd,False,2025-12-02T14:00:10Z,tâm lý học,34900,"DAILY VLOG: Cách freelancer 25 tuổi ""sống sót"" tại Sài Gòn, điển hình cuộc sống những ngày cuối năm",65WX0WImjUU,16875,69
265,0.8,False,The Quinnverse,60,False,410,False,664,0.044,False,True,False,False,False,True,False,True,100,20,431,0,,False,2025-11-12T13:01:00Z,tâm lý học,34900,DAILY VLOG: Thiết bị quay video không quan trọng đến thế | Dùng máy gì để quay được Cinematic Video?,W6BqFVd90r0,11159,42
406,3.94,False,The Quinnverse,303,False,414,False,532,0.0718,False,True,False,True,False,False,False,False,66,13,3659,0,,False,2025-06-24T13:00:32Z,tâm lý học,34900,"Nghệ thuật của sự ""bình thường"" - The art of being normal [ENGSUB]",FyUgmoc_5sE,55176,136
459,64.4,False,The Quinnverse,1566,False,583,False,614,0.062,False,True,False,True,False,False,False,False,62,12,54427,0,,False,2025-05-02T12:45:01Z,tâm lý học,34900,"Nếu bạn tham vọng nhưng lười biếng, hãy xem video này [ENGSUB]",7PbCGCHqV2Q,902745,1967
494,3.02,False,The Quinnverse,126,False,329,False,234,0.0492,False,False,False,True,False,False,False,False,29,8,1953,0,,True,2025-03-28T12:45:05Z,tâm lý học,34900,"Đi đi em, do dự trời tối mất.",Uxt_E8xdEz0,42273,86
504,0.74,False,The Quinnverse,77,False,329,False,318,0.0605,False,False,False,True,False,False,False,False,47,11,551,0,,False,2025-03-18T12:45:00Z,tâm lý học,34900,"Nhà không phải là một nơi, nhà là một cảm giác!",1qGRLsBvtr4,10386,21
513,1.4,False,The Quinnverse,108,False,329,False,190,0.0498,False,False,False,True,False,False,False,True,42,11,870,0,,False,2025-03-09T12:30:16Z,tâm lý học,34900,Làm thế nào mà tất cả chúng ta đều bị lừa?,L6tRtVel8M4,19641,38
1,0.72,False,Hanoi in my eyes,0,False,3681,False,4547,0.0141,False,True,False,True,True,True,False,False,96,19,42,0,even,False,2026-08-04T15:01:44Z,giá vàng phân tích,32500,"Trực tiếp Giá Vàng Sáng 4/8/2026 | Biến động mạnh, vàng 9999 SJC, Phú Quý, BTMC, BTMH, DOJI, PNJ",OYxzT8M1Z-U,2988,2988
1,1.09,False,Hanoi in my eyes,1,False,3681,False,2650,0.0165,False,True,False,True,True,True,False,False,95,19,74,0,even,False,2026-08-04T11:59:05Z,giá vàng phân tích,32500,"Trực tiếp Giá Vàng Sáng 4/8/2026 | Giá vàng mới nhất.  Vàng 9999, SJC, Phú Quý, BTMC, DOJI, PNJ",q_sjfVLSfcg,4543,4543
1,1.58,False,Hanoi in my eyes,0,False,3681,False,,0.0245,False,True,False,True,True,True,False,False,95,19,161,0,even,False,2026-08-04T11:16:03Z,giá vàng phân tích,32500,"Trực tiếp Giá Vàng Tối 4/8/2026 | Biến động rất mạnh.  Vàng 9999, SJC, Phú Quý, BTMC, DOJI, PNJ",93p3tCEC50U,6581,6581
1,2.82,False,Hanoi in my eyes,3,False,3681,False,2737,0.0138,False,True,False,True,True,True,False,False,92,18,159,0,even,False,2026-08-04T10:02:31Z,giá vàng phân tích,32500,"Trực tiếp Giá Vàng Sáng 4/8/2026 | Biến động mạnh.  Vàng 9999, SJC, Phú Quý, BTMC, DOJI, PNJ",T38xLcIdWZ4,11706,11706
1,0.4,False,Hanoi in my eyes,0,False,3683,False,1189,0.0182,False,True,False,True,True,True,False,False,92,19,30,0,even,False,2026-08-04T09:38:41Z,giá vàng phân tích,32500,"Trực tiếp Giá Vàng Tối 4/8/2026 | Quá bất ngờ, vàng 9999 SJC, Phú Quý, BTMC, BTMH, DOJI, PNJ",73N9AvStJjQ,1648,1648
1,0.44,False,Hanoi in my eyes,0,False,3681,False,6657,0.0263,False,True,False,True,True,True,False,False,96,19,48,0,even,False,2026-08-04T07:41:05Z,giá vàng phân tích,32500,"Trực tiếp Giá Vàng Chiều 4/8/2026 | Giá vàng mới nhất.  Vàng 9999, SJC, Phú Quý, BTMC, DOJI, PNJ",6iJ8DqowU3k,1826,1826
1,1.32,False,Hanoi in my eyes,8,False,4040,False,4516,0.0197,False,True,False,True,True,True,False,False,94,19,100,0,even,False,2026-08-04T08:08:54Z,giá vàng phân tích,32500,"Trực tiếp Giá Vàng Chiều 4/8/2026 | Tăng bất ngờ vàng 9999 SJC, Phú Quý, BTMC, BTMH, DOJI, PNJ",TAx58LOGP68,5494,5494
1,1.39,False,Hanoi in my eyes,0,False,3681,False,11549,0.0139,False,True,False,True,True,True,False,False,86,17,80,0,even,False,2026-08-04T09:18:14Z,giá vàng phân tích,32500,"Trực tiếp Giá Vàng Sáng 4/8/2026 | Đi xuống.  Vàng 9999, SJC, Phú Quý, BTMC, DOJI, PNJ",uKoS5gmtego,5759,5759
1,0.98,False,Hanoi in my eyes,0,False,4040,False,1439,0.0164,False,True,False,True,True,True,False,False,100,20,67,0,even,False,2026-08-04T07:20:23Z,giá vàng phân tích,32500,"Trực tiếp Giá Vàng Chiều 4/8/2026 | Giá vàng mới nhất, vàng 9999 SJC, Phú Quý, BTMC, BTMH, DOJI, PNJ",nZnE2o2Sjtg,4085,4085
1,0.83,False,Hanoi in my eyes,0,False,3681,False,11711,0.015,False,True,False,True,True,True,False,False,96,19,52,0,even,False,2026-08-04T04:22:57Z,giá vàng phân tích,32500,"Trực tiếp Giá Vàng Chiều 4/8/2026 | Cập nhật mới nhất.  Vàng 9999, SJC, Phú Quý, BTMC, DOJI, PNJ",EsW_tQJ0nk0,3466,3466
1,2.1,False,Hanoi in my eyes,0,False,3681,False,6485,0.011,False,True,False,True,True,True,False,False,99,20,96,0,even,False,2026-08-04T04:29:09Z,giá vàng phân tích,32500,"Trực tiếp Giá Vàng Trưa 4/8/2026 | Giá vàng mới nhất, vàng 9999 SJC, Phú Quý, BTMC, BTMH, DOJI, PNJ",_nQ0--dLiJA,8742,8742
1,0.98,False,Hanoi in my eyes,0,False,3681,False,10654,0.0174,False,True,False,True,True,True,False,False,95,19,71,0,even,False,2026-08-03T23:57:43Z,giá vàng phân tích,32500,"Trực tiếp Giá Vàng Sáng 4/8/2026 | Cập nhật mới nhất.  Vàng 9999, SJC, Phú Quý, BTMC, DOJI, PNJ",-dBivcRryJk,4076,4076
1,1.02,False,Hanoi in my eyes,0,False,2797,False,5727,0.0121,False,True,False,True,True,True,False,False,91,18,51,0,odd,False,2026-08-04T02:00:01Z,giá vàng phân tích,32500,"Trực tiếp Giá Vàng Tối 3/8/2026 | Biến động mạnh.  Vàng 9999, SJC, Phú Quý, BTMC, DOJI, PNJ",cUpYBey88A8,4228,4228
1,1.16,False,Hanoi in my eyes,0,False,3681,False,3436,0.0168,False,True,False,True,True,True,False,False,95,19,81,0,even,False,2026-08-03T23:14:15Z,giá vàng phân tích,32500,"Trực tiếp Giá Vàng Sáng 4/8/2026 | Biến động khó tin.  Vàng 9999, SJC, Phú Quý, BTMC, DOJI, PNJ",t2ZrxtJa5BY,4819,4819
1,2.73,False,Hanoi in my eyes,0,False,2797,False,9347,0.0124,False,True,False,True,True,True,False,False,96,19,140,0,odd,False,2026-08-03T22:09:42Z,giá vàng phân tích,32500,"Trực tiếp Giá Vàng Chiều 3/8/2026 | Giá vàng mới nhất.  Vàng 9999, SJC, Phú Quý, BTMC, DOJI, PNJ",8HAWP8bEwDs,11336,11336
1,0.73,False,Hanoi in my eyes,0,False,2903,False,2961,0.0155,False,True,False,True,True,True,False,False,97,19,47,0,odd,False,2026-08-03T20:33:40Z,giá vàng phân tích,32500,"Trực tiếp Giá Vàng Chiều 3/8/2026 | Tăng nhẹ nhàng, vàng 9999 SJC, Phú Quý, BTMC, BTMH, DOJI, PNJ",1Xomh5sD53w,3031,3031
1,3.65,False,Hanoi in my eyes,0,False,2797,False,14122,0.0106,False,True,False,True,True,True,False,False,95,19,161,0,odd,False,2026-08-03T19:52:33Z,giá vàng phân tích,32500,"Trực tiếp Giá Vàng Trưa 3/8/2026 | Giá vàng mới nhất.  Vàng 9999, SJC, Phú Quý, BTMC, DOJI, PNJ",j8Y5LX4FisA,15174,15174
1,1.3,False,Hanoi in my eyes,0,False,2797,False,7518,0.0138,False,True,False,True,True,True,False,False,95,19,75,0,odd,False,2026-08-03T15:55:15Z,giá vàng phân tích,32500,"Trực tiếp Giá Vàng Sáng 3/8/2026 | Giá vàng mới nhất.  Vàng 9999, SJC, Phú Quý, BTMC, DOJI, PNJ",MgZfc00gRsI,5424,5424
1,0.94,False,Hanoi in my eyes,0,False,3197,False,2918,0.0107,False,True,False,True,True,True,False,False,94,19,42,0,odd,False,2026-08-03T15:01:24Z,giá vàng phân tích,32500,"Trực tiếp Giá Vàng Sáng 3/8/2026 | Giá mới nhất, vàng 9999 SJC, Phú Quý, BTMC, BTMH, DOJI, PNJ",TGY6X6SDork,3925,3925
1,0.18,False,Hanoi in my eyes,0,False,3536,False,908,0.0144,False,True,False,True,True,True,False,False,95,19,11,0,odd,False,2026-08-03T11:27:22Z,giá vàng phân tích,32500,"Trực tiếp Giá Vàng Tối 3/8/2026 | Biến động mạnh, vàng 9999 SJC, Phú Quý, BTMC, BTMH, DOJI, PNJ",Ggx1IO32hGs,763,763
1,3.02,False,Hanoi in my eyes,0,False,2893,False,8893,0.0093,False,True,False,True,True,True,False,False,96,19,117,0,odd,False,2026-08-03T10:28:58Z,giá vàng phân tích,32500,"Trực tiếp Giá Vàng Sáng 3/8/2026 | Biến động rất mạnh,  Vàng 9999, SJC, Phú Quý, BTMC, DOJI, PNJ",undgOPJxaa0,12547,12547
1,0.89,False,Hanoi in my eyes,0,False,2893,False,7709,0.0103,False,True,False,True,True,True,False,False,97,19,38,0,odd,False,2026-08-03T07:25:11Z,giá vàng phân tích,32500,"Trực tiếp Giá Vàng Sáng 3/8/2026 | Biến động khó lường,  Vàng 9999, SJC, Phú Quý, BTMC, DOJI, PNJ",g1DkMTw5w_o,3684,3684
1,0.44,False,Hanoi in my eyes,0,False,3661,False,8142,0.0132,False,True,False,True,True,True,False,False,93,19,24,0,even,False,2026-08-03T03:42:11Z,giá vàng phân tích,32500,"Trực tiếp Giá Vàng Đêm 2/8/2026 | Lao dốc ngày mai,  Vàng 9999, SJC, Phú Quý, BTMC, DOJI, PNJ",UKal1mVphf8,1812,1812
1,0.5,False,Hanoi in my eyes,0,False,2797,False,1469,0.0174,False,True,False,True,True,True,False,False,96,19,36,0,odd,False,2026-08-03T01:25:09Z,giá vàng phân tích,32500,"Trực tiếp Giá Vàng Sáng 3/8/2026 | Biến động mạnh, vàng 9999 SJC, Phú Quý, BTMC, BTMH, DOJI, PNJ",EmtFkSeg-Cs,2070,2070
1,0.4,False,Hanoi in my eyes,0,False,3661,False,3757,0.0122,False,True,False,True,True,True,False,False,93,19,20,0,even,False,2026-08-03T01:14:40Z,giá vàng phân tích,32500,"Trực tiếp Giá Vàng Tối 2/8/2026 | Lao dốc tuần sau,  Vàng 9999, SJC, Phú Quý, BTMC, DOJI, PNJ",tywr5aK8lP8,1646,1646
1,2.63,False,Hanoi in my eyes,1,False,2797,False,7003,0.0132,False,True,False,True,True,True,False,False,91,18,143,0,odd,False,2026-08-03T01:13:27Z,giá vàng phân tích,32500,"Trực tiếp Giá Vàng Sáng 3/8/2026 | Biến động nhẹ.  Vàng 9999, SJC, Phú Quý, BTMC, DOJI, PNJ",5wSQXM5O1DI,10919,10919
1,0.15,False,Hanoi in my eyes,0,False,3661,False,2322,0.0143,False,True,False,True,True,True,False,False,94,19,9,0,even,False,2026-08-02T23:26:53Z,giá vàng phân tích,32500,"Trực tiếp Giá Vàng Tối 2/8/2026 | Cập nhật giá vàng,  Vàng 9999, SJC, Phú Quý, BTMC, DOJI, PNJ",u2OqeEtjtDM,629,629
1,1.63,False,Hanoi in my eyes,8,False,2893,False,3612,0.0163,False,True,False,True,True,True,False,False,94,19,102,0,odd,False,2026-08-02T23:02:00Z,giá vàng phân tích,32500,"Trực tiếp Giá Vàng Sáng 3/8/2026 | Giá vàng mới nhất  Vàng 9999, SJC, Phú Quý, BTMC, DOJI, PNJ",06_VJ4YGlqM,6755,6755
1,0.92,False,Hanoi in my eyes,0,False,3661,False,5208,0.0123,False,True,False,True,True,True,False,False,96,19,47,0,even,False,2026-08-02T22:43:37Z,giá vàng phân tích,32500,"Trực tiếp Giá Vàng Chiều 2/8/2026 | Giá vàng mới nhất,  Vàng 9999, SJC, Phú Quý, BTMC, DOJI, PNJ",zE7L0Gmm7uk,3819,3819
1,1.43,False,Hanoi in my eyes,0,False,3661,False,8651,0.0084,False,True,False,True,True,True,False,False,95,19,50,0,even,False,2026-08-02T21:13:31Z,giá vàng phân tích,32500,"Trực tiếp Giá Vàng Chiều 2/8/2026 | Lao dốc ngày mai,  Vàng 9999, SJC, Phú Quý, BTMC, DOJI, PNJ",11jjwUgAz60,5947,5947
110,7.24,False,Coach Pain - Topic,0,False,411,False,397,0.0225,False,False,False,False,False,False,False,False,36,4,735,3,,False,2026-04-16T10:05:06Z,motivation speech,31500,Lion Mentality (Motivational Speech),Qew0kloon2s,32738,298
112,5.15,False,Coach Pain - Topic,0,False,430,False,500,0.0242,False,False,False,False,False,False,False,False,47,5,564,3,,False,2026-04-14T10:04:20Z,motivation speech,31500,Chosen. Crushed. Crowned. (Motivational Speech),eNNFZ146mv0,23268,208
149,2.1,False,Coach Pain - Topic,0,False,420,False,540,0.0213,False,False,False,False,False,False,False,False,58,10,202,4,,False,2026-03-08T10:04:48Z,motivation speech,31500,I Didn't Come This Far to Be Average (Motivational Speech),jWwpuTtwCGM,9487,64
149,1.54,False,Coach Pain - Topic,0,False,396,False,596,0.0148,False,False,False,False,False,False,False,True,34,5,103,4,,False,2026-03-08T10:04:22Z,motivation speech,31500,Why Not You? (Motivational Speech),C-I2uRSQMfE,6939,47
149,5.42,False,Coach Pain - Topic,0,False,399,False,501,0.0215,False,False,False,False,False,False,False,False,37,5,527,4,,False,2026-03-08T10:04:05Z,motivation speech,31500,Move in Silence (Motivational Speech),B79CVOGIDzE,24514,165
149,1.86,False,Coach Pain - Topic,0,False,396,False,525,0.0181,False,False,False,False,False,False,False,False,34,5,152,4,,False,2026-03-08T10:04:04Z,motivation speech,31500,One Man Army (Motivational Speech),gC1kHsSCqB0,8405,56
149,0.35,False,Coach Pain - Topic,0,False,405,False,522,0.0221,False,False,False,False,False,False,False,False,43,6,35,4,,False,2026-03-08T10:04:01Z,motivation speech,31500,Leave the Past Behind (Motivational Speech),lWjimTacWJ8,1584,11
149,0.6,False,Coach Pain - Topic,0,False,403,False,96,0.0103,False,False,False,False,False,False,False,False,41,6,28,4,,False,2026-03-08T10:03:53Z,motivation speech,31500,The Power of Choice (Motivational Speech),85vf_1gCUNA,2710,18
149,0.9,False,Coach Pain - Topic,0,False,409,False,501,0.0238,False,False,False,False,False,False,False,False,47,5,97,4,,False,2026-03-08T10:03:47Z,motivation speech,31500,Chosen. Crushed. Crowned. (Motivational Speech),JIywSPscU40,4083,27
149,0.57,False,Coach Pain - Topic,0,False,395,False,583,0.0129,False,False,False,False,False,False,False,False,33,3,33,4,,False,2026-03-08T10:03:44Z,motivation speech,31500,Consistency (Motivational Speech),L2aMlXCy4OM,2556,17
149,0.19,False,Coach Pain - Topic,0,False,404,False,538,0.0161,False,False,False,False,False,False,False,False,42,7,14,4,,False,2026-03-08T10:03:44Z,motivation speech,31500,The Soul of the Game (Motivational Speech),QHHKxNmJT4s,872,6
149,16.49,False,Coach Pain - Topic,0,False,397,False,543,0.0288,False,False,False,False,False,False,False,False,35,5,2149,4,,False,2026-03-08T10:03:17Z,motivation speech,31500,Put God First (Motivational Speech),39ZVYyHxcuc,74548,500
149,2.97,False,Coach Pain - Topic,0,False,418,False,631,0.0267,False,False,False,False,False,False,False,False,56,8,358,4,,False,2026-03-08T10:03:07Z,motivation speech,31500,You'll Hear This When You're Ready (Motivational Speech),SzSGIsRWros,13411,90
149,0.72,False,Coach Pain - Topic,0,False,403,False,582,0.0117,False,False,False,False,False,False,False,False,41,5,38,4,,False,2026-03-08T10:02:43Z,motivation speech,31500,Again. Again. Gain. (Motivational Speech),9gWPjGSLLi0,3244,22
149,0.43,False,Coach Pain - Topic,0,False,398,False,136,0.0202,False,False,False,False,False,False,False,False,36,4,39,4,,False,2026-03-08T10:02:35Z,motivation speech,31500,Lion Mentality (Motivational Speech),baLATjz3DDM,1926,13
149,0.4,False,Coach Pain - Topic,0,False,396,False,521,0.0233,False,False,False,False,False,False,False,False,34,4,42,4,,False,2026-03-08T10:02:25Z,motivation speech,31500,Keep Pushing (Motivational Speech),itZzlmoz2oY,1802,12
149,0.25,False,Coach Pain - Topic,0,False,397,False,520,0.0263,False,False,False,False,False,False,False,False,35,5,30,4,,False,2026-03-08T10:02:10Z,motivation speech,31500,I Must Endure (Motivational Speech),wJpfpL9e_cg,1141,8
149,0.22,False,Coach Pain - Topic,0,False,393,False,534,0.0193,False,False,False,False,False,False,False,False,31,5,19,4,,False,2026-03-08T10:02:04Z,motivation speech,31500,Go All in (Motivational Speech),2wESx7swA74,983,7
149,0.47,False,Coach Pain - Topic,0,False,408,False,460,0.0146,False,False,False,False,True,False,False,False,46,7,31,4,even,False,2026-03-08T10:01:40Z,motivation speech,31500,Work Hard in Silence 2.0 (Motivational Speech),v0dJNC7762g,2129,14
149,0.58,False,Coach Pain - Topic,0,False,396,False,580,0.0247,False,False,False,False,False,False,False,False,34,4,65,4,,False,2026-03-08T10:01:39Z,motivation speech,31500,Grind Harder (Motivational Speech),M-O1fd7kR3g,2627,18
149,0.61,False,Coach Pain - Topic,0,False,394,False,486,0.0151,False,False,False,False,False,False,False,False,32,5,42,4,,False,2026-03-08T10:01:36Z,motivation speech,31500,I Will Win (Motivational Speech),AaTPMdy5luY,2778,19
173,4.46,False,Coach Pain - Topic,0,False,425,False,504,0.0214,False,False,False,False,False,False,False,False,49,7,432,3,,False,2026-02-12T10:01:50Z,motivation speech,31500,Welcome to the Failure Zone (Motivational Speech),pbAO_PfaHkU,20173,117
188,1.1,False,Coach Pain - Topic,0,False,416,False,504,0.0172,False,False,False,False,False,False,False,False,51,8,85,4,,False,2026-01-28T10:04:24Z,motivation speech,31500,Wake up and Rebuild Your Life (Motivational Speech),CAjp08pg6mM,4956,26
188,0.37,False,Coach Pain - Topic,0,False,399,False,619,0.0145,False,False,False,False,False,False,False,False,34,4,24,4,,False,2026-01-28T10:04:19Z,motivation speech,31500,Through Hell (Motivational Speech),DwPfo4MZ0uk,1654,9
188,1.91,False,Coach Pain - Topic,0,False,407,False,872,0.0202,False,False,False,False,False,False,False,False,42,6,174,4,,False,2026-01-28T10:04:00Z,motivation speech,31500,Make Every Day Count (Motivational Speech),7ROISCfNyUk,8616,46
188,4.02,False,Coach Pain - Topic,0,False,336,False,482,0.0139,False,False,False,False,False,False,False,False,31,4,252,4,,False,2026-01-28T10:03:42Z,motivation speech,31500,It's Hard (Motivational Speech),LyBGX1hUlm0,18179,97
188,0.61,False,Coach Pain - Topic,0,False,400,False,540,0.0128,False,False,False,False,False,False,False,False,35,4,35,4,,False,2026-01-28T10:03:33Z,motivation speech,31500,Kill Laziness (Motivational Speech),dbtt2ilS0qU,2739,15
188,1.3,False,Coach Pain - Topic,0,False,433,False,1096,0.0144,False,False,False,False,False,False,False,False,68,10,85,4,,False,2026-01-28T10:02:38Z,motivation speech,31500,"You Have One Life, Don't Settle for Mediocrity (Motivational Speech)",SkeB3HGWdGg,5897,31
188,7.02,False,Coach Pain - Topic,0,False,421,False,498,0.0172,False,False,False,False,False,False,False,False,56,8,544,4,,False,2026-01-28T10:01:56Z,motivation speech,31500,Kill That Weak Version of Yourself (Motivational Speech),irfuwyG4mww,31711,169
188,1.28,False,Coach Pain - Topic,0,False,408,False,526,0.0126,False,False,False,False,False,False,False,False,43,6,73,4,,False,2026-01-28T10:01:46Z,motivation speech,31500,Don't Waste Your Life (Motivational Speech),jnSNtrK5ba0,5793,31
240,11.06,False,Cổ Nhân Học,210,True,1538,False,6985,0.018,False,True,False,True,True,True,False,False,72,19,952,24,odd,False,2025-12-07T06:00:00Z,làm giàu tư duy,31400,Cổ Nhân Tiết Lộ – 3 Điềm Báo Thần Tài Sắp Gõ Cửa Nhà Bạn | Triết Lý Sống,0luGujLxyfo,64531,269
243,7.08,False,Cổ Nhân Học,111,True,1611,False,6834,0.0174,True,True,False,True,True,True,False,False,99,24,607,20,even,False,2025-12-04T06:00:01Z,làm giàu tư duy,31400,"CỔ NHÂN TIẾT LỘ – Khi Ông Trời Muốn Bạn Giàu, Ngài Sẽ Gửi 4 Tín Hiệu Không Thể Nhầm | Triết Lý Sống",-jbQUbVOEQY,41348,170
245,1.0,False,Cổ Nhân Học,25,True,1280,False,7504,0.0244,False,True,False,True,True,True,False,False,80,19,118,22,even,False,2025-12-02T06:51:41Z,làm giàu tư duy,31400,"CỔ NHÂN TIẾT LỘ – 6 kiểu người trời thương, làm gì cũng dễ thành | Triết Lý Sống",a5C7ps6cbfQ,5859,24
248,1.29,False,Cổ Nhân Học,40,True,1529,False,7456,0.0227,True,True,False,True,True,True,False,False,79,20,130,20,odd,False,2025-11-29T06:01:02Z,làm giàu tư duy,31400,CỔ NHÂN TIẾT LỘ – 9 Dấu Hiệu Một Người Sắp Giàu Vì Cách Họ Sống | Triết Lý Sống,xfUtjFh3o-A,7505,30
249,4.46,False,Cổ Nhân Học,46,True,1777,False,6967,0.0145,False,True,False,True,True,True,False,False,87,22,331,23,even,False,2025-11-28T14:00:30Z,làm giàu tư duy,31400,CỔ NHÂN TIẾT LỘ – 10 Dấu Hiệu Ông Trời Đang Âm Thầm Mở Cửa Tiền Cho Bạn | Triết Lý Sống,DsNNV-YDah8,26010,104
250,2.75,False,Cổ Nhân Học,53,True,1654,False,6875,0.0207,False,True,False,True,True,True,False,False,76,19,280,22,odd,False,2025-11-27T14:17:12Z,làm giàu tư duy,31400,CỔ NHÂN TIẾT LỘ – 7 Dấu Hiệu Một Người Sắp “Lên Đời” Tài Lộc | Triết Lý Sống,xAN6rOn2558,16052,64
250,8.02,False,Cổ Nhân Học,178,True,1442,False,7265,0.0203,False,True,False,True,True,True,False,False,68,18,771,23,odd,False,2025-11-27T06:49:42Z,làm giàu tư duy,31400,CỔ NHÂN TIẾT LỘ – 9 Biểu Hiện Ở Người Sắp Có Lộc Lớn | Triết Lý Sống,0DsjdnYbOz4,46788,187
251,2.79,False,Cổ Nhân Học,108,True,1552,False,7728,0.0239,False,True,False,True,True,True,False,False,68,18,282,21,even,False,2025-11-26T14:00:33Z,làm giàu tư duy,31400,CỔ NHÂN TIẾT LỘ – 12 Dấu Hiệu Tiền Sắp Đổ Về Nhà Bạn | Triết Lý Sống,Fi4gjkMZ7cA,16300,65
252,0.41,False,Cổ Nhân Học,15,True,1544,False,7506,0.023,True,True,False,True,False,True,False,False,69,16,40,10,,True,2025-11-25T14:01:05Z,làm giàu tư duy,31400,"Cổ Nhân Tiết Lộ – Muốn Giàu Sang, Phải Biết Giả Nghèo | Triết Lý Sống",ZIHbXT8I9jA,2394,10
252,1.0,False,Cổ Nhân Học,40,True,1095,False,7506,0.0284,True,True,False,True,True,False,False,False,51,13,126,20,odd,False,2025-11-25T06:00:45Z,làm giàu tư duy,31400,CỔ NHÂN TIẾT LỘ – 3 Dấu Hiệu Ông Trời Muốn Bạn Giàu,nQOViO50QaY,5847,23
252,1.62,False,Cổ Nhân Học,32,False,1570,False,7715,0.0187,True,True,False,True,True,False,False,False,49,12,144,25,odd,False,2025-11-24T15:37:07Z,làm giàu tư duy,31400,CỔ NHÂN DẠY – 5 Thói Quen Tạo Ra “Khí Người Giàu”,LtwKwObU7tg,9429,37
253,1.15,False,Cổ Nhân Học,38,True,1548,False,6942,0.024,True,True,False,True,True,True,False,False,66,17,124,19,odd,False,2025-11-24T06:00:13Z,làm giàu tư duy,31400,CỔ NHÂN TIẾT LỘ – 9 Dấu Hiệu Một Người Sắp Đổi Đời | Triết Lý Sống,I7UAjg1S1Lk,6737,27
254,0.86,False,Cổ Nhân Học,51,True,1376,False,7824,0.0343,False,True,False,True,True,True,False,False,75,19,122,19,even,False,2025-11-23T14:01:34Z,làm giàu tư duy,31400,CỔ NHÂN TIẾT LỘ – 10 DẤU HIỆU ÔNG TRỜI ĐANG CHO BẠN CỦA CẢI | Triết Lý Sống,u88OER_zlGE,5040,20
254,0.32,False,Cổ Nhân Học,9,False,1338,False,7373,0.021,False,True,False,True,False,True,False,False,81,19,30,23,,False,2025-11-23T06:00:21Z,làm giàu tư duy,31400,"CỔ NHÂN DẠY – Muốn Phát Tài, Đừng Làm Vui Lòng Hết Thảy Mọi Người | Triết Lý Sống",FvwfXAr3IXo,1853,7
255,1.25,False,Cổ Nhân Học,44,True,1476,False,8616,0.0217,False,True,False,True,True,True,False,False,61,16,115,21,odd,False,2025-11-22T14:01:24Z,làm giàu tư duy,31400,CỔ NHÂN TIẾT LỘ – 3 Việc Khiến Lộc Trời Đổ Về | Triết Lý Sống,p4tDXVeARw8,7314,29
255,0.75,False,Cổ Nhân Học,29,True,1250,False,6763,0.028,False,True,False,True,True,True,False,False,83,21,94,24,odd,False,2025-11-22T06:48:27Z,làm giàu tư duy,31400,CỔ NHÂN TIẾT LỘ – Khi Lộc Đến 3 Dấu Hiệu Xuất Hiện Rõ Trong Đời Bạn | Triết Lý Sống,0ThQOxHjJTA,4393,17
256,0.44,False,Cổ Nhân Học,13,True,1550,False,8247,0.0187,True,True,False,True,False,True,False,False,74,18,35,17,,False,2025-11-21T14:00:09Z,làm giàu tư duy,31400,CỔ NHÂN TIẾT LỘ – Người Khôn Không Giao Du Bừa Bãi Để Giàu | Triết Lý Sống,5U5iGmWryGI,2570,10
256,5.29,False,Cổ Nhân Học,27,False,1461,False,8107,0.0097,True,True,False,True,False,True,False,False,58,14,272,14,,False,2025-11-21T06:00:48Z,làm giàu tư duy,31400,"CỔ NHÂN DẠY – Càng Biết Ẩn Mình, Càng Giàu | Triết Lý Sống",h5yDfPLc88w,30898,121
257,0.89,False,Cổ Nhân Học,24,False,1541,False,7739,0.0216,False,True,False,True,True,True,False,False,82,20,88,25,even,False,2025-11-20T15:03:21Z,làm giàu tư duy,31400,"CỔ NHÂN DẠY – Khi Trời Muốn Ban Phúc, Sẽ Gửi Trước 10 Tín Hiệu Này | Triết Lý Sống",a9qsVBSeKoU,5197,20
257,0.18,False,Cổ Nhân Học,7,True,1375,False,8250,0.0334,False,True,False,True,True,True,False,False,74,18,28,22,odd,False,2025-11-20T06:00:31Z,làm giàu tư duy,31400,CỔ NHÂN TIẾT LỘ – 3 Việc Khiến Trời Ban Phúc Dày Không Ngờ | Triết Lý Sống,LoTDzRDXl2Q,1049,4
258,0.39,False,Cổ Nhân Học,13,False,1398,False,8121,0.0274,False,True,False,True,True,True,False,False,71,19,50,23,odd,False,2025-11-19T14:01:33Z,làm giàu tư duy,31400,"CỔ NHÂN DẠY – Người Có 7 Dấu Hiệu Này, Lộc Sẽ Tự Tìm Về | Triết Lý Sống",oQ-dpHohdxc,2301,9
258,0.07,False,Cổ Nhân Học,1,False,1526,False,8721,0.0153,False,True,False,True,False,False,False,False,81,20,5,29,,False,2025-11-19T06:00:56Z,làm giàu tư duy,31400,"CỔ NHÂN DẠY – Phúc Dày Không Ở Số Phận, Mà Ở Cách Một Người Đối Diện Với Cuộc Đời",xRnuivS0z8M,391,2
259,0.21,False,Cổ Nhân Học,6,True,1397,False,8149,0.0226,False,True,False,True,True,True,False,False,86,21,22,21,odd,False,2025-11-18T14:01:13Z,làm giàu tư duy,31400,"CỔ NHÂN TIẾT LỘ – 5 Biểu Hiện Ở Người Có “Phúc Dày”, Làm Gì Cũng Thuận | Triết Lý Sống",grr_lihQSWI,1239,5
259,0.18,False,Cổ Nhân Học,3,True,1429,False,8805,0.0329,False,True,False,True,True,True,False,False,80,20,31,24,even,False,2025-11-18T06:00:49Z,làm giàu tư duy,31400,CỔ NHÂN TIẾT LỘ – 10 Dấu Hiệu Báo Hiệu Phúc Sẽ Đến Trong Năm Tới | Triết Lý Sống,tD13Q9Zw3Gw,1032,4
260,1.9,False,Cổ Nhân Học,111,True,1438,False,8566,0.0291,True,True,False,True,True,True,False,False,88,22,212,21,odd,False,2025-11-17T14:10:42Z,làm giàu tư duy,31400,"CỔ NHÂN TIẾT LỘ – Khi Ông Trời Muốn Bạn Giàu, Ngài Sẽ Gửi 3 Tín Hiệu Này | Triết Lý Sống",-zXMnWHHG4o,11103,43
260,0.89,False,Cổ Nhân Học,26,True,1405,False,8086,0.0209,True,True,False,True,True,True,False,False,80,20,83,18,odd,False,2025-11-17T06:00:12Z,làm giàu tư duy,31400,CỔ NHÂN TIẾT LỘ – 7 Dấu Hiệu Trong Nhà Báo Hiệu Gia Đạo Sắp Giàu | Triết Lý Sống,Db8UR7cBxXs,5217,20
261,2.65,False,Cổ Nhân Học,45,True,1500,False,8365,0.0187,False,True,False,True,True,True,False,False,88,22,244,22,even,False,2025-11-16T14:01:14Z,làm giàu tư duy,31400,CỔ NHÂN TIẾT LỘ – 4 Thay Đổi Trong Đời Sống Báo Hiệu Tiền Sẽ Đến Bất Ngờ | Triết Lý Sống,jtjOAZjzCPM,15493,59
261,0.27,False,Cổ Nhân Học,6,True,1525,False,8487,0.0217,True,True,False,True,False,True,True,False,69,16,28,26,,False,2025-11-16T06:00:42Z,làm giàu tư duy,31400,"CỔ NHÂN TIẾT LỘ – Càng Không So Sánh, Càng Giàu Nhanh | Triết Lý Sống",hM4uzu-L14c,1566,6
262,0.26,False,Cổ Nhân Học,14,False,1562,False,9014,0.0373,False,True,False,True,True,True,False,False,78,18,42,23,odd,False,2025-11-15T14:00:27Z,làm giàu tư duy,31400,CỔ NHÂN DẠY – 3 Cách Dùng Tiền Khiến Tiền Sinh Sôi Không Ngừng | Triết Lý Sống,JaE6cTkHcyA,1502,6
262,1.0,False,Cổ Nhân Học,19,True,1537,False,8652,0.0221,True,True,False,True,True,True,False,False,80,20,110,9,odd,False,2025-11-15T06:00:03Z,làm giàu tư duy,31400,CỔ NHÂN TIẾT LỘ – 5 Biểu Hiện Ở Người Có “Khí” Thu Hút Giàu Sang | Triết Lý Sống,1AIH11gCUBs,5826,22
1,0.05,False,fearless mindful,0,True,627,False,39,0.0164,False,True,True,False,False,False,False,False,61,9,11,29,,False,2026-08-04T10:21:09Z,motivation speech,31100,DEEPIKA & RANVEER REVEAL WHAT MAKES THEIR RELATIONSHIP WORK❤️,T-09gKgiHKM,669,669
1,0.87,False,fearless mindful,1,False,157,False,75,0.0124,False,True,True,False,False,False,False,True,51,8,130,29,,False,2026-08-03T10:06:10Z,motivation speech,31100,HOW GENELIA LEARNED TO EMBRACE A DIFFERENT CULTURE🔥,kpcNamHNDA0,10596,10596
3,0.31,False,fearless mindful,2,False,666,False,30,0.013,False,True,True,False,False,False,False,False,68,11,48,29,,False,2026-08-01T09:32:18Z,motivation speech,31100,WHAT DEEPIKA PADUKONE SAYS ABOUT MARRIAGE & MOTHERHOOD IS POWERFUL 🔥,Gpx6GX7xL9M,3835,1278
4,0.81,False,fearless mindful,1,True,221,False,29,0.0115,False,True,True,False,False,False,False,False,63,10,113,31,,False,2026-07-31T09:36:18Z,motivation speech,31100,GENELIA D' SOUZA REVEALS THE SECRET TO SOLVING LIFE'S PROBLEMS💯,p4623_aigQ0,9948,2487
5,0.98,False,fearless mindful,0,False,647,False,46,0.0094,False,True,True,False,False,False,False,False,51,9,112,34,,False,2026-07-30T09:36:40Z,motivation speech,31100,KRITI SANON EXPOSED A PROBLEM WE ALL STRUGGLE WITH😳,NgOIIgdbJFA,11905,2381
6,0.58,False,fearless mindful,1,False,683,False,47,0.0203,False,True,True,False,False,False,False,True,59,10,142,29,,False,2026-07-29T10:18:22Z,motivation speech,31100,WHY RASHMIKA MANDANNA'S MOVIE MADE HER SISTER AND FANS CRY😭,A8OvkiNXERA,7035,1172
7,3.24,False,fearless mindful,2,False,621,False,42,0.0082,False,True,True,False,False,False,False,False,52,9,322,31,,False,2026-07-28T09:58:12Z,motivation speech,31100,GENELIA WENT FROM NON VEG TO LOVING VEGETARIAN FOOD😳,LKBUvykc4k4,39609,5658
8,5.14,False,fearless mindful,4,True,615,False,34,0.0059,False,True,True,False,False,False,False,False,55,8,369,26,,False,2026-07-27T09:55:43Z,motivation speech,31100,THE BEHIND THE SCENES TRUTH RASHMIKA FINALLY REVEALED🎬👀,AIy7dBUZgVY,62781,7848
10,1.71,False,fearless mindful,2,False,742,False,18,0.0085,False,True,True,False,False,False,False,False,68,9,175,37,,False,2026-07-25T09:05:16Z,motivation speech,31100,AISHWARYA RAI'S TIMELESS MESSAGE CHARACTER IS EARNED NOT ANNOUNCED❤️,4QkfOTdSVC0,20931,2093
11,0.36,False,fearless mindful,1,False,706,False,42,0.0122,False,True,True,False,False,False,False,False,70,10,53,25,,False,2026-07-24T08:54:31Z,motivation speech,31100,KRITI SANON'S POWERFUL MESSAGE ON CHILD MARRIAGE EVERYONE SHOULD HEAR🔥,4kzbI89-QPY,4435,403
12,0.26,False,fearless mindful,2,False,650,False,52,0.0184,False,True,True,False,False,False,False,False,54,8,57,34,,False,2026-07-23T09:36:14Z,motivation speech,31100,WHAT MAKES SHRUTI HAASAN DIFFERENT FROM EVERYONE ELSE🔥,gyJ2s5qh3zc,3207,267
13,0.41,False,fearless mindful,1,False,804,False,64,0.0181,False,True,True,False,False,False,False,False,52,9,90,22,,False,2026-07-22T09:50:02Z,motivation speech,31100,KRITI SANON OPENS UP ABOUT LIVING WITH HER PARENTS❤️,0pOiZCicbr0,5020,386
15,1.14,False,fearless mindful,0,False,695,False,33,0.0267,False,True,True,False,False,False,False,False,57,8,373,15,,False,2026-07-20T09:17:10Z,motivation speech,31100,RASHMIKA MANDANNA STOP LETTING OTHERS CONTROL YOUR LIFE💯🔥,cn5kccV19KM,13969,931
18,7.1,False,fearless mindful,4,False,784,False,23,0.0075,False,True,True,False,True,False,False,False,70,13,644,16,even,False,2026-07-17T08:58:17Z,motivation speech,31100,RASHMIKA MANDANNA OPENS UP ABOUT HER 16 YEAR AGE GAP WITH HER SISTER❤️,BoTapUrS5Gc,86710,4817
19,0.79,False,fearless mindful,1,False,645,False,17,0.0153,False,True,True,False,False,False,False,True,66,10,147,17,,False,2026-07-16T09:46:13Z,motivation speech,31100,KRITI SANON EXPLAINS WHY YOU MUST VALUE YOURSELF IN RELATIONSHIPS💯,naudCt50t5Y,9658,508
20,0.87,False,fearless mindful,3,False,209,False,49,0.0271,False,True,True,False,False,True,False,False,70,10,286,17,,False,2026-07-15T10:33:03Z,motivation speech,31100,THE  RELATIONSHIP ADVICE EVERYONE NEEDS TO HEAR❤️💯 | RASHMIKA MANDANNA,oMDKCBq1Aas,10661,533
21,21.38,False,fearless mindful,57,False,755,False,34,0.007,False,True,True,False,False,False,False,False,62,10,1761,21,,False,2026-07-14T09:41:15Z,motivation speech,31100,KIARA ADVANI SHARES POWERFUL ADVICE ON SELF LOVE & MOTHERHOOD🤍,PrpK0t0v66M,261021,12430
22,1.02,False,fearless mindful,2,False,216,False,27,0.0193,False,True,True,False,False,False,False,True,52,7,239,16,,False,2026-07-13T09:53:15Z,motivation speech,31100,STOP PEOPLE PLEASING RASHMIKA MANDANNA EXPLAINS WHY💯,gNVwbd4fEEc,12513,569
23,2.39,False,fearless mindful,1,False,609,False,37,0.0039,False,True,True,False,False,False,False,False,33,7,112,22,,False,2026-07-12T13:19:05Z,motivation speech,31100,KRITI SANON WAS TOLD NOT TO COME😳,ZZObpIpdctU,29203,1270
24,0.84,False,fearless mindful,0,False,207,False,38,0.026,False,True,True,False,False,True,False,False,63,11,267,32,,False,2026-07-11T09:56:16Z,motivation speech,31100,THE GREEN FLAG THAT MADE PRIYANKA TRUST NICK | PRIYANKA CHOPRA💚,S6V5KhT_Zks,10257,427
25,2.23,False,fearless mindful,0,True,566,False,28,0.0037,False,True,True,False,False,False,False,False,52,7,102,16,,False,2026-07-10T09:05:25Z,motivation speech,31100,RASHMIKA MANDANNA REVEALS HER EASY SKINCARE ROUTINE💯,vEcU-78kTp0,27274,1091
26,1.44,False,fearless mindful,10,False,630,False,44,0.0102,False,True,True,False,False,False,False,False,61,8,169,16,,False,2026-07-09T09:01:09Z,motivation speech,31100,AISHWARYA RAI FINALLY RESPONDED FANS WEREN'T EXPECTING THIS😳🔥,b0xEbrNRK9E,17628,678
27,2.68,False,fearless mindful,0,True,872,False,8,0.0031,False,True,True,False,False,False,False,False,64,10,102,16,,False,2026-07-08T09:39:51Z,motivation speech,31100,RASHMIKA MANDANNA REVEALS THE REAL VALUE  OF TIME AND ATTENTION🔥,TAJmtluspaU,32683,1210
28,1.7,False,fearless mindful,0,True,642,False,44,0.0269,False,True,True,False,False,False,False,True,57,9,556,34,,False,2026-07-07T10:08:07Z,motivation speech,31100,PRIYANKA CHOPRA REVEALS HOW HER FATHER CHANGED HER LIFE❤️,Eu-4sHmXlFY,20697,739
29,1.53,False,fearless mindful,2,False,508,False,43,0.0083,False,True,True,False,False,False,False,True,44,9,152,34,,False,2026-07-06T09:36:11Z,motivation speech,31100,KATRINA KAIF THIS IS WHY EVERYONE LIKE HER 👀,vnh5dsuehWM,18656,643
31,0.84,False,fearless mindful,2,False,157,False,66,0.0281,False,True,False,False,False,True,False,True,89,13,285,13,,False,2026-07-04T09:35:07Z,motivation speech,31100,WHY PRIYANKA CHOPRA I WAS EMBARRASSED OF BEING INDIAN | #priyanka #priyankachopra #shorts,W3xQIi3r3N8,10216,330
32,0.68,False,fearless mindful,0,False,157,False,33,0.0048,False,True,True,False,False,False,False,False,41,8,40,27,,False,2026-07-03T09:21:24Z,motivation speech,31100,ALIA BHATT OPENS UP ABOUT HER DAUGHTER ❤️,rX7filvqsNQ,8255,258
33,2.86,False,fearless mindful,0,True,546,False,14,0.0082,False,True,True,False,False,False,False,True,53,8,287,16,,False,2026-07-02T09:28:13Z,motivation speech,31100,RASHMIKA MANDANNA REVEALS HOW VIJAY HELPED HER HEAL❤️,XCSwBG-e8VI,34956,1059
34,1.08,False,fearless mindful,1,False,585,False,42,0.0042,False,True,True,False,False,False,False,True,37,7,54,31,,False,2026-07-01T11:56:21Z,motivation speech,31100,ALIA BHATT WHY RANBIR WEARING A MASK😳,lZ_IV9wrSJI,13217,389
35,0.51,False,fearless mindful,0,False,525,False,36,0.0203,False,True,True,False,False,False,False,False,49,8,126,33,,False,2026-06-30T09:26:10Z,motivation speech,31100,YOU WON'T BELEIVE WHAT MADE KATRINA KAIF AWKWARD😳,u58Bt0f65c0,6205,177
292,0.1,False,Dude Bruh,0,False,0,False,6,0.0041,False,False,False,False,False,False,False,False,12,3,1,0,,False,2025-10-16T00:00:26Z,how money works,30700,That is wild,MU0lxw74KzY,246,1
292,1.01,False,Dude Bruh,0,False,0,False,6,0.0087,False,False,False,False,True,False,False,False,6,2,21,0,odd,False,2025-10-15T23:01:00Z,how money works,30700,67 cow,i3-S07owVbA,2425,8
292,1.42,False,Dude Bruh,1,False,0,False,6,0.0208,False,False,False,False,False,False,False,False,15,4,70,0,,False,2025-10-15T22:00:27Z,how money works,30700,Bear in da town,AdckXyBa08w,3420,12
292,1.41,False,Dude Bruh,0,False,0,False,6,0.0071,False,False,False,False,False,False,False,False,21,4,24,0,,False,2025-10-15T21:00:10Z,how money works,30700,Don’t click the sound,5Sb44WngEEc,3377,12
292,0.93,False,Dude Bruh,2,False,0,False,6,0.0071,False,False,False,False,False,False,False,False,23,5,14,0,,False,2025-10-15T20:00:20Z,how money works,30700,Don’t click link in bio,QtUD2NUxHgc,2240,8
292,2.1,False,Dude Bruh,0,False,0,False,6,0.0056,False,False,False,False,False,False,False,False,19,3,28,0,,False,2025-10-15T19:00:01Z,how money works,30700,Is song appropriate,-ijWYjVYwyI,5038,17
292,3.48,False,Dude Bruh,0,False,0,False,6,0.004,False,False,False,False,False,False,False,False,20,4,33,0,,False,2025-10-15T18:01:03Z,how money works,30700,Don’t click the link,h2C4V-7OMy8,8352,29
293,0.81,False,Dude Bruh,1,False,0,False,10,0.0051,False,False,False,False,False,False,False,False,9,2,9,0,,False,2025-10-14T19:00:35Z,how money works,30700,This hurt,TPxBVrqBBVA,1950,7
293,13.53,False,Dude Bruh,6,False,0,False,10,0.004,False,False,False,False,False,False,False,False,11,3,123,0,,False,2025-10-14T18:00:55Z,how money works,30700,Pot of gold,rcbVKu3ct-Q,32502,111
294,0.43,False,Dude Bruh,0,False,0,False,10,0.0029,False,False,False,False,False,False,False,False,25,5,3,0,,False,2025-10-13T23:00:28Z,how money works,30700,These ai videos are crazy,T55Im30CbQk,1033,4
294,0.87,False,Dude Bruh,0,False,0,False,10,0.0067,False,False,False,False,False,False,False,False,32,8,14,0,,False,2025-10-13T22:00:45Z,how money works,30700,I don’t know if that baby is his,ZxzHNm7PnXM,2097,7
294,0.96,False,Dude Bruh,0,False,0,False,9,0.0057,False,False,False,False,False,False,False,False,14,3,13,0,,False,2025-10-13T21:00:17Z,how money works,30700,Mac and cheese,JAzlMrU18_Y,2300,8
294,0.46,False,Dude Bruh,0,False,0,False,10,0.0099,False,False,False,False,False,False,False,False,29,7,11,0,,False,2025-10-13T20:00:04Z,how money works,30700,Jake Paul in a dress is crazy,6nHnZFFZKwA,1107,4
294,0.67,False,Dude Bruh,0,False,0,False,10,0.0117,False,False,False,False,False,False,False,False,23,4,19,0,,False,2025-10-13T19:00:41Z,how money works,30700,Logan Paul tryna escape,ilurn1qXjqE,1618,6
294,1.13,False,Dude Bruh,0,False,0,False,11,0.0063,False,False,False,False,True,False,False,False,29,7,17,0,even,False,2025-10-13T18:00:42Z,how money works,30700,Sora 2 is getting out of hand,fLPSaOsKewk,2717,9
313,1.41,False,Dude Bruh,4,False,0,False,6,0.0059,False,False,False,False,False,False,False,False,22,4,16,0,,False,2025-09-24T20:00:32Z,how money works,30700,Don’t check thee sound,RvdrfSK2DvY,3392,11
313,0.09,False,Dude Bruh,0,False,0,False,6,0.0088,False,False,False,False,False,False,False,False,8,2,2,0,,False,2025-09-24T19:00:45Z,how money works,30700,Get paid,juhyvsgiiMg,227,1
313,1.49,False,Dude Bruh,0,False,0,False,6,0.0028,False,False,False,False,False,False,False,False,11,3,10,0,,False,2025-09-24T18:00:35Z,how money works,30700,I love Alan,U7R2_i8O1GM,3571,11
314,11.73,False,Dude Bruh,16,False,0,False,6,0.0057,False,False,False,False,False,False,False,False,11,3,145,0,,False,2025-09-24T00:00:55Z,how money works,30700,Ima be rich,eIbwZLY_RyQ,28187,90
314,0.64,False,Dude Bruh,1,False,0,False,6,0.0183,False,False,False,False,False,False,False,False,28,6,27,0,,False,2025-09-23T23:00:30Z,how money works,30700,No way they allow this sound,FiWztkhS_DU,1528,5
314,1.31,False,Dude Bruh,1,False,0,False,6,0.0013,False,False,False,False,False,False,False,False,10,3,3,0,,False,2025-09-23T22:00:43Z,how money works,30700,Where am I,Y9VaKEUYcFo,3142,10
314,0.7,False,Dude Bruh,0,False,0,False,6,0.0137,False,False,False,False,False,False,False,False,21,4,23,0,,False,2025-09-23T21:00:54Z,how money works,30700,Don’t check the sound,lorrsGihQA0,1679,5
314,0.88,False,Dude Bruh,0,False,0,False,6,0.0042,False,False,False,False,False,False,False,False,23,5,9,0,,False,2025-09-23T20:00:25Z,how money works,30700,Who else sick right now,XA5QHnwMmPc,2124,7
314,1.82,False,Dude Bruh,2,False,0,False,6,0.0048,False,False,False,False,False,False,False,True,7,1,19,0,,False,2025-09-23T19:00:55Z,how money works,30700,Cooked?,vHrYW86vDgI,4384,14
314,0.83,False,Dude Bruh,2,False,0,False,6,0.01,False,False,False,False,False,False,False,False,19,5,18,0,,False,2025-09-23T18:01:00Z,how money works,30700,I don’t even see it,vPT2maPT0tA,1991,6
315,0.99,False,Dude Bruh,0,False,0,False,6,0.0088,False,False,False,False,False,False,False,False,21,4,21,0,,False,2025-09-23T00:00:00Z,how money works,30700,I wouldn’t live there,0JW7sPGc1QU,2381,8
315,2.33,False,Dude Bruh,1,False,0,False,6,0.0025,False,False,False,False,False,False,False,False,5,1,13,0,,False,2025-09-22T23:00:35Z,how money works,30700,Pause,Oq9m7fLQcgE,5589,18
315,0.94,False,Dude Bruh,0,False,0,False,6,0.0111,False,False,False,False,False,False,False,False,16,3,25,0,,False,2025-09-22T22:00:37Z,how money works,30700,She got problems,PMFc7-eEn8M,2255,7
315,1.62,False,Dude Bruh,0,False,0,False,6,0.0049,False,False,False,False,False,False,False,False,17,3,19,0,,False,2025-09-22T21:00:39Z,how money works,30700,Download nomo now,VjJ6cSyUtOM,3882,12
315,1.39,False,Dude Bruh,1,False,0,False,6,0.0126,False,False,False,False,False,False,False,False,18,4,41,0,,False,2025-09-22T20:00:04Z,how money works,30700,Bro is not winning,5MiQrzcqpw0,3339,11
4,0.18,False,ProGenius Group,0,False,681,False,106,0.0372,False,False,False,False,False,False,False,False,55,9,7,0,,False,2026-07-30T23:55:57Z,finance explained,30300,"The cheapest product often wins by removing, not adding",-kYnGXdjvEU,188,47
7,0.07,False,ProGenius Group,0,False,497,False,94,0.0,False,False,False,False,False,False,False,False,52,7,0,0,,False,2026-07-28T07:57:54Z,finance explained,30300,Everyone else screened résumés. He backed potential.,hGH5WMzWOCQ,74,11
7,0.1,False,ProGenius Group,0,False,553,False,94,0.0093,False,False,False,False,False,False,False,False,66,9,1,0,,False,2026-07-28T05:46:11Z,finance explained,30300,The biggest opportunities don't always come from better execution.,xZ3Nxj_hpro,108,15
14,3.44,False,ProGenius Group,0,False,1530,False,60,0.0053,False,False,False,True,False,False,False,False,45,9,19,4,,False,2026-07-21T03:48:11Z,finance explained,30300,Just Because It's Our Time Doesn't Make It Yo,PVrZR6gjRrI,3558,254
14,0.35,False,ProGenius Group,0,False,482,False,106,0.0246,False,False,False,False,False,False,False,False,43,7,9,0,,False,2026-07-21T03:34:26Z,finance explained,30300,The product didn’t fail. The marketing did.,DEK4bLvydfw,366,26
15,0.29,False,ProGenius Group,0,False,501,False,97,0.0166,False,False,False,False,False,False,False,False,57,10,5,0,,False,2026-07-19T19:00:09Z,finance explained,30300,They didn't build a brand first. They built demand first.,aqj9wGY5pS0,301,20
17,0.42,False,ProGenius Group,1,False,481,False,80,0.0159,False,False,False,False,False,False,False,False,73,11,6,0,,False,2026-07-18T05:55:52Z,finance explained,30300,The biggest opportunity wasn't selling more. It was making buying easier.,Xt29y3vJc3g,439,26
20,0.38,False,ProGenius Group,0,False,537,False,77,0.0103,False,True,False,False,False,False,False,False,73,12,4,0,,False,2026-07-15T09:09:54Z,finance explained,30300,HYROX didn’t invent the workout. It gave ordinary training a finish line.,TTdmxtr395U,390,20
21,27.08,False,ProGenius Group,7,False,1600,False,35,0.0125,False,False,False,True,False,False,False,False,45,7,343,4,,False,2026-07-14T04:17:24Z,finance explained,30300,Ferris Bueller’s Absence Became the Most Beli,2tevEVldOAg,27990,1333
22,0.99,False,ProGenius Group,3,False,547,False,104,0.0535,False,False,False,False,False,False,False,False,56,9,52,0,,False,2026-07-13T11:07:37Z,finance explained,30300,He didn’t invent better tools. He removed the middlemen.,ieukDoGsHsE,1028,47
24,40.47,False,ProGenius Group,80,False,1724,False,56,0.0351,False,False,False,True,False,True,False,False,78,13,1390,4,,False,2026-07-11T06:26:57Z,finance explained,30300,Professor Rejects the Textbook Explanation of the Vietnam War | Back to School,bMUUGwGya68,41822,1743
33,0.25,False,ProGenius Group,0,False,444,False,105,0.0077,False,False,False,False,True,False,False,False,12,3,2,0,even,False,2026-07-02T00:32:38Z,finance explained,30300,"July 2, 2026",3oFU03i2-1o,260,8
36,0.36,False,ProGenius Group,0,False,1015,False,105,0.0239,False,False,False,False,False,False,False,False,68,9,9,0,,False,2026-06-29T07:25:12Z,finance explained,30300,Your biggest frustration might be your biggest business opportunity.,f3d-GztfY20,377,10
40,30.05,False,ProGenius Group,13,False,2183,False,61,0.0169,False,False,False,True,False,False,False,True,28,5,511,4,,False,2026-06-25T03:55:11Z,finance explained,30300,Why Most Business Plans Fail,sC0rlqF7fI0,31061,777
41,0.62,False,ProGenius Group,0,False,1219,False,87,0.0266,False,False,False,False,False,False,False,True,69,10,17,0,,False,2026-06-24T06:36:37Z,finance explained,30300,He collected garbage. Then taught entrepreneurs how to create wealth.,12Nab7fMI0g,640,16
43,1.01,False,ProGenius Group,1,False,1241,False,84,0.0346,False,False,False,False,False,False,False,False,78,13,35,0,,False,2026-06-22T07:31:46Z,finance explained,30300,She turned unimaginable pain into one of the most powerful sales careers ever.,jnLnr4nmVPo,1039,24
47,27.59,False,ProGenius Group,7,False,2009,False,60,0.0068,False,False,False,True,False,False,False,False,55,11,187,4,,False,2026-06-18T10:28:16Z,finance explained,30300,They Fired Him. Then Paid Him Millions To Get Him Back.,JMGts0uK4VI,28515,607
48,1.14,False,ProGenius Group,0,False,1142,False,92,0.0559,False,False,False,False,False,False,False,False,54,11,66,0,,False,2026-06-17T14:29:00Z,finance explained,30300,He bought a steam shovel before he even had a company.,IoR9ShZBU2c,1181,25
49,1.3,False,ProGenius Group,3,False,1188,False,77,0.0349,False,False,False,False,False,False,False,False,51,8,44,0,,False,2026-06-15T23:02:58Z,finance explained,30300,Losing Everything Was The Best Thing That Happened.,wxHPvdNuHZg,1348,28
50,1.3,False,ProGenius Group,0,False,1304,False,80,0.0468,False,False,False,False,True,False,False,False,73,14,63,0,odd,False,2026-06-15T07:49:01Z,finance explained,30300,"A rotten potato saved a life. Decades later, it built a $5 billion brand.",tXUMSCqESnI,1347,27
52,0.72,False,ProGenius Group,0,False,1034,False,100,0.023,False,False,False,False,True,False,False,False,57,10,17,0,odd,False,2026-06-13T08:12:38Z,finance explained,30300,She spent 15 years fixing a problem the industry ignored.,3162cDOb2q4,740,14
53,0.11,False,ProGenius Group,0,False,1123,False,59,0.0183,False,False,False,False,False,False,False,False,71,12,2,0,,False,2026-06-11T23:06:13Z,finance explained,30300,"At forty-two, he started over. At forty-nine, he sold for nine figures.",TzSLpkTkalI,109,2
54,1.11,False,ProGenius Group,6,False,1233,False,102,0.0691,False,False,False,False,True,False,False,False,61,13,73,0,odd,False,2026-06-11T11:53:53Z,finance explained,30300,He sold worms as a kid. He sold his company for £1.47 billion,cfFJ593j0ks,1143,21
56,1.31,False,ProGenius Group,6,False,1139,False,81,0.0281,False,False,False,False,False,False,False,False,41,8,32,0,,False,2026-06-09T09:37:42Z,finance explained,30300,Simon Squibb used to sleep In a stairwell,-U6zbX2HQH4,1350,24
57,0.06,False,ProGenius Group,0,False,1116,False,79,0.0167,False,False,False,False,False,False,False,False,58,9,1,0,,False,2026-06-08T08:46:35Z,finance explained,30300,She Turned Her Wedding Into A Multimillion Dollar Business,rP31fXOaPps,60,1
61,0.91,False,ProGenius Group,0,False,2112,False,91,0.0212,False,False,False,True,True,False,False,False,40,7,20,4,even,False,2026-06-03T20:13:51Z,finance explained,30300,The Ugliest Idea Made Him  $100 million.,fRd9pbh2Rf4,944,15
64,1.11,False,ProGenius Group,0,False,2006,False,94,0.0295,False,False,False,True,True,False,False,False,56,12,34,4,even,False,2026-06-01T06:00:11Z,finance explained,30300,She Mixed A Drink In Her Kitchen. It Sold For $2 Billion,l9eXa2DLYRg,1152,18
65,1.03,False,ProGenius Group,0,False,2353,False,130,0.0367,False,False,False,True,False,False,False,False,36,6,39,4,,False,2026-05-31T06:30:08Z,finance explained,30300,The Ugliest Website Won the Internet,ySDiMVT9uEc,1062,16
66,1.08,False,ProGenius Group,0,False,2351,False,87,0.0278,False,False,False,True,True,False,False,False,48,8,31,4,even,False,2026-05-30T06:00:01Z,finance explained,30300,She Built A $160M Brand From Kitchen Experiments,M07c1qPEDUw,1116,17
67,1.28,False,ProGenius Group,2,False,2492,False,74,0.0234,False,False,False,True,False,False,False,False,46,7,29,4,,False,2026-05-29T14:23:20Z,finance explained,30300,The Cartel That Decide Products Shouldn't Last,ulwEQFlC1B4,1325,20
203,4.23,True,Kỷ Luật Để Thành Công,104,False,2564,False,3298,0.03,False,True,False,True,False,True,False,False,90,17,582,26,,False,2026-01-12T22:00:11Z,quản lý tiền,29900,Đổi Đời Không Cần May Mắn: Bạn Phải Dám CẮT ĐỨT | Động Lực Từ Jim Rohn,4lWvhI6uxTg,22901,113
205,2.03,True,Kỷ Luật Để Thành Công,66,False,2368,False,2729,0.0405,False,True,False,True,True,True,False,False,98,24,380,24,odd,True,2026-01-10T22:00:21Z,quản lý tiền,29900,"Chậm 1 Năm, Mất 10 Năm: 3 Thời Điểm ""SỐNG CÒN"" Bạn PHẢI Đầu Tư Cho Bản Thân | Động Lực Từ Jim Rohn",N37d6GDStfc,11003,54
207,3.23,True,Kỷ Luật Để Thành Công,63,False,2561,False,2994,0.0291,False,True,False,False,True,True,False,False,93,23,447,24,odd,False,2026-01-08T22:00:34Z,quản lý tiền,29900,5 Bước ÉP Bản Thân PHẢI Hành Động Dù Bạn Không Có Động Lực | Jim Rohn - Kỷ Luật Để Thành Công,MTOkK9uLKFI,17497,85
209,0.66,True,Kỷ Luật Để Thành Công,27,False,2088,False,3261,0.0388,False,True,False,False,True,False,False,False,91,21,112,25,odd,False,2026-01-06T22:00:54Z,quản lý tiền,29900,"Tôi Thử Dậy 5 Giờ Sáng Trong 7 Ngày: Kết Quả Khiến Tôi Phải ""HỐI HẬN""! Động Lực Từ Jim Rohn",lXowj0z5HYk,3584,17
210,1.06,True,Kỷ Luật Để Thành Công,27,False,2266,False,3166,0.0349,False,True,False,False,True,True,False,False,88,22,174,25,odd,False,2026-01-05T22:01:08Z,quản lý tiền,29900,ĐÚNG 1 THÓI QUEN SẮT ĐÁ: Kẻ Thất Bại Cũng Có Thể LẬT NGƯỢC THẾ CỜ | Động Lực Từ Jim Rohn,vN2LPnwBFOE,5752,27
211,2.89,True,Kỷ Luật Để Thành Công,144,False,2144,False,3116,0.0409,False,True,False,False,False,True,False,True,80,19,497,26,,False,2026-01-04T22:00:34Z,quản lý tiền,29900,Bạn Đang Phí Tuổi Trẻ Cho Một Phiên Bản RẺ TIỀN Của Mình? | Động Lực Từ Jim Rohn,UB2WimzUfwc,15681,74
212,1.22,True,Kỷ Luật Để Thành Công,50,False,2421,False,3468,0.0395,False,True,False,False,False,True,False,False,78,19,212,24,,False,2026-01-03T22:00:46Z,quản lý tiền,29900,NGỪNG THAN VÃN! Bạn Không Đủ TƯ CÁCH ĐỂ MỆT | Jim Rohn - Kỷ Luật Để Thành Công,gIxiLz_gXQk,6627,31
213,0.93,True,Kỷ Luật Để Thành Công,20,False,2195,False,2043,0.0341,False,True,False,False,True,False,False,False,100,24,151,26,odd,False,2026-01-02T22:01:02Z,quản lý tiền,29900,5 Câu Bạn PHẢI NÓI Với Chính Mình Mỗi Sáng: Bí Quyết Kỷ Luật Để Thành Công & Bứt Phá 2026 - Jim Rohn,sKsxHkGyVt8,5019,24
214,1.28,True,Kỷ Luật Để Thành Công,45,False,2226,False,2761,0.0374,False,True,False,False,False,True,False,False,94,20,214,25,,False,2026-01-01T22:00:42Z,quản lý tiền,29900,CÔNG THỨC Trở Thành Người GIỎI NHẤT Trong Bất Kỳ Lĩnh Vực Nào (KHÔNG CẦN THIÊN TÀI) | Jim Rohn,e_5l6NIKbAQ,6927,32
215,1.17,True,Kỷ Luật Để Thành Công,33,False,2200,False,2773,0.0396,False,True,False,False,False,False,False,False,67,16,218,23,,False,2025-12-31T22:00:28Z,quản lý tiền,29900,Bạn Đang LÃNG PHÍ CUỘC ĐỜI Quý Nhất Của Mình - Động Lực Từ Jim Rohn,UY6LooCE_bg,6334,29
216,0.87,True,Kỷ Luật Để Thành Công,81,False,2360,False,2418,0.0592,False,True,False,False,True,False,False,False,100,25,198,25,even,False,2025-12-30T22:01:02Z,quản lý tiền,29900,NĂM 2026: 6 Cam Kết Kỷ Luật Bạn PHẢI ĐẶT RA Cho Chính Mình Để BỨT PHÁ THẬT SỰ - Động Lực Từ Jim Rohn,iBZcFtqJ7NI,4713,22
218,0.99,True,Kỷ Luật Để Thành Công,59,False,2176,False,3363,0.0465,False,True,False,False,True,True,False,False,80,19,190,28,odd,False,2025-12-28T22:00:22Z,quản lý tiền,29900,"5 GIỜ SÁNG Khi Người Khác Ngủ, Bạn Đang TĂNG CẤP CUỘC ĐỜI | Động Lực Từ Jim Rohn",RsEgd3-36dI,5353,25
226,2.2,True,Kỷ Luật Để Thành Công,68,False,1930,False,3370,0.035,False,True,False,False,False,True,False,False,76,19,348,25,,True,2025-12-20T22:00:55Z,quản lý tiền,29900,Bạn Nghèo Không Phải Vì Số Phận - Mà Vì Bạn THIẾU GAN | Động Lực Từ Jim Rohn,vkRIFl6Sbhg,11898,53
228,1.01,True,Kỷ Luật Để Thành Công,30,True,2188,False,3727,0.0405,False,True,False,False,False,False,False,False,95,22,192,24,,False,2025-12-18T22:00:42Z,quản lý tiền,29900,Cú Tát Sự Thật: Bạn Sẽ Mãi TẦM THƯỜNG Nếu Không Kỷ Luật (Đau Nhưng Thấm) - Động Lực Từ Jim Rohn,ZSN_rCh4bpw,5481,24
232,0.59,True,Kỷ Luật Để Thành Công,18,False,2047,False,2751,0.036,False,True,False,False,True,False,False,False,95,21,98,23,even,False,2025-12-14T22:00:41Z,quản lý tiền,29900,Thức Dậy Đúng Cách: 20 PHÚT ĐẦU NGÀY Quyết Định Cả Tương Lai (Bỏ Ngay Thói Quen Này! - Jim Rohn,b8vHfHHJ2WA,3220,14
236,0.6,True,Kỷ Luật Để Thành Công,42,False,2226,False,2832,0.064,False,True,False,False,False,False,False,False,87,22,165,24,,False,2025-12-10T22:00:21Z,quản lý tiền,29900,"Xóa Sổ ""Con Người Cũ"" NGAY LẬP TỨC - Hoặc Bạn Sẽ HỐI HẬN CẢ ĐỜI! - Động Lực Từ Jim Rohn",KE628ATSBWA,3232,14
239,2.1,True,Kỷ Luật Để Thành Công,230,False,2386,False,3206,0.0617,False,True,False,False,True,True,False,False,86,21,472,26,even,False,2025-12-07T22:00:54Z,quản lý tiền,29900,"TỈNH NGỘ ĐI! Đừng Để Tuổi Già Của Bạn Chìm Trong 2 Chữ ""GIÁ NHƯ | Động Lực Từ Jim Rohn",o_oYU_mENPQ,11375,48
241,1.85,False,Kỷ Luật Để Thành Công,6,False,369,False,58,0.0291,False,True,False,False,True,True,False,False,99,24,286,24,odd,False,2025-12-06T13:30:50Z,quản lý tiền,29900,"5 PHÚT MỖI NGÀY ĐỂ SỐNG TỐT HƠN | Jim Rohn - Bí Quyết Giúp Bạn Phát Triển Bản Thân, Duy Trì Kỷ Luật",_3bKZMjMD34,10038,42
243,2.39,False,Kỷ Luật Để Thành Công,7,False,365,False,54,0.0249,True,True,False,False,False,True,False,False,82,20,315,22,,False,2025-12-04T13:30:30Z,quản lý tiền,29900,TƯ DUY GIÚP BẠN VƯỢT QUA MỌI THỬ THÁCH | Jim Rohn - Bí Quyết Thành Công Và Giàu Có,IHJznfs3pFo,12945,53
248,0.4,False,Kỷ Luật Để Thành Công,2,False,350,False,57,0.0235,True,True,False,False,False,True,False,False,82,19,49,23,,False,2025-11-29T14:00:26Z,quản lý tiền,29900,NGHỆ THUẬT DẪN DẮT NGƯỜI KHÁC | Jim Rohn - Bí Quyết Giúp Bạn Thành Công Và Giàu Có,HPTF6229n5M,2169,9
249,1.23,False,Kỷ Luật Để Thành Công,3,False,367,False,57,0.028,False,True,False,False,False,True,False,False,85,20,184,22,,False,2025-11-28T13:00:25Z,quản lý tiền,29900,LỢI ÍCH CỦA VIỆC ĐẶT CÂU HỎI CHO CHÍNH MÌNH - Jim Rohn | Bí Quyết Giúp Bạn Thành Công,6riqxMGuj5g,6686,27
250,0.65,False,Kỷ Luật Để Thành Công,2,False,372,False,53,0.0325,False,True,False,False,False,False,False,False,38,9,113,24,,False,2025-11-27T13:00:36Z,quản lý tiền,29900,CÁCH GIỮ TINH THẦN LẠC QUAN - Jim Rohn,G-ecO3_gXiw,3540,14
251,1.08,False,Kỷ Luật Để Thành Công,2,False,353,False,55,0.029,False,True,False,False,True,False,False,False,57,14,168,23,odd,False,2025-11-26T13:01:40Z,quản lý tiền,29900,3 CÁCH TẠO THÓI QUEN TỐT - Jim Rohn - Bí Quyết Thành Công,mY7NIgPkasM,5870,23
252,0.77,False,Kỷ Luật Để Thành Công,2,False,350,False,55,0.0324,False,True,False,False,False,True,False,False,85,17,133,24,,False,2025-11-25T13:01:25Z,quản lý tiền,29900,TẠI SAO BẠN NÊN LUÔN CHUẨN BỊ | Jim Rohn - Bí Quyết Giúp Bạn Thành Công,jti6orUXDdM,4163,17
253,0.41,False,Kỷ Luật Để Thành Công,2,False,339,False,53,0.0356,False,True,False,False,False,True,False,False,55,13,77,22,,False,2025-11-24T13:00:18Z,quản lý tiền,29900,JIM ROHN: SỨC MẠNH CỦA SỰ CHỦ ĐỘNG | BÀI HỌC THÀNH CÔNG,9xV_cVJOKK0,2222,9
255,0.56,False,Kỷ Luật Để Thành Công,2,False,355,False,55,0.0285,True,True,False,False,False,False,False,False,80,18,85,23,,False,2025-11-22T13:01:10Z,quản lý tiền,29900,Jim Rohn: NGHỆ THUẬT ĐƯA RA QUYẾT ĐỊNH - Bí Quyết Giúp Bạn Thành Công Và Giàu Có,WZDuifN8lP8,3052,12
256,0.94,False,Kỷ Luật Để Thành Công,3,False,365,False,57,0.0241,False,True,False,False,False,False,False,False,79,18,119,23,,False,2025-11-21T14:46:39Z,quản lý tiền,29900,Jim Rohn: CÁCH TÌM RA ĐIỂM MẠNH CỦA BẠN – Bí Quyết Giúp Bạn Thành Công Bền Vững,bP4TeIqKYKw,5065,20
258,0.83,False,Kỷ Luật Để Thành Công,3,False,332,False,56,0.0323,False,True,False,False,False,False,False,False,32,8,142,24,,False,2025-11-19T13:02:54Z,quản lý tiền,29900,Jim Rohn: TƯ DUY GIÚP BẠN BỀN BỈ,nkDLjKyp6RY,4493,17
259,0.63,False,Kỷ Luật Để Thành Công,2,False,341,False,53,0.0263,False,True,False,False,False,False,False,False,35,8,87,23,,False,2025-11-18T13:01:51Z,quản lý tiền,29900,Jim Rohn: SỐNG VỚI NIỀM TIN MẠNH MẼ,u2-H1ci94Bs,3389,13
260,0.49,False,Kỷ Luật Để Thành Công,4,False,339,False,55,0.0336,False,True,False,False,False,True,False,False,68,16,85,24,,False,2025-11-17T13:01:00Z,quản lý tiền,29900,NGHỆ THUẬT TỰ CHỦ | Jim Rohn - Bí Quyết Giúp Bạn Thành Công Bền Vững,UfM3o1EpcB4,2646,10
7,0.27,False,Tâm Thức Trí,0,False,1679,False,1304,0.0261,False,False,False,False,False,False,False,False,57,13,7,0,,False,2026-07-28T11:45:06Z,quản lý tiền,29700,"Chỉ Một Phát Biểu, Vàng – Bạc – Bitcoin Đồng Loạt Lao Dốc",hVQRwxBnEx8,268,38
20,1.99,False,Tâm Thức Trí,2,False,1163,False,498,0.0254,False,True,False,False,False,False,False,False,50,12,48,23,,False,2026-07-15T12:00:14Z,quản lý tiền,29700,Đừng Bao Giờ Nói Cho Ai Biết Bạn Có Bao Nhiêu Tiền,laZIeDqEObg,1965,98
22,0.64,False,Tâm Thức Trí,2,False,1387,False,1081,0.03,False,True,False,False,True,False,False,False,63,14,17,13,even,False,2026-07-13T11:30:36Z,quản lý tiền,29700,"KHỦNG HOẢNG 2026 - 2029 ĐÃ BẮT ĐẦU: Kẻ Khóc Ròng, Người Hốt Bạc",xReKDni_TyA,634,29
23,4.2,False,Tâm Thức Trí,24,False,1293,False,697,0.0323,False,True,False,False,False,False,False,True,70,15,110,28,,False,2026-07-12T11:30:15Z,quản lý tiền,29700,"""Nằm Thẳng"": Vì Sao Người Trẻ Không Muốn Mua Nhà, Kết Hôn Và Sinh Con?",K7Cns9XkiRs,4155,181
27,0.6,False,Tâm Thức Trí,1,False,1750,False,685,0.0289,True,True,False,False,False,False,False,False,80,19,16,0,,True,2026-07-08T12:00:22Z,quản lý tiền,29700,Hàng Loạt Chủ Nhà Đang Từ Giàu Sang Rơi Vào Nguy Cơ Vỡ Nợ Khi Luật Chơi Thay Đổi,nLt0jfnQgxo,589,22
33,1.01,False,Tâm Thức Trí,12,False,1481,False,1779,0.0341,False,True,False,False,False,False,False,True,71,15,22,27,,False,2026-07-02T12:00:06Z,quản lý tiền,29700,"Điều Gì Đang Đẩy Người Bán Hàng Shopee, TikTok Shop Đến Bờ Vực Phá Sản?",M28AX0Oi0gA,996,30
48,1.15,False,Tâm Thức Trí,6,False,1128,False,1197,0.0405,False,True,False,False,True,False,False,False,39,9,40,27,even,True,2026-06-17T13:15:24Z,quản lý tiền,29700,10 Cách Nhanh Nhất Để Trở Nên Nghèo Đói,XGe3h2UL0jw,1135,24
56,18.99,False,Tâm Thức Trí,31,False,1588,False,1677,0.0119,False,True,False,False,False,False,False,True,91,22,192,23,,True,2026-06-09T13:00:06Z,quản lý tiền,29700,Điều Gì Đang Xảy Ra Với Thị Trường Ô Tô Việt Nam? Vì Sao Hàng Loạt Chủ Xe Chấp Nhận Bán Lỗ?,DV5V4VxNQhI,18788,336
60,4.08,False,Tâm Thức Trí,3,False,1627,False,1135,0.0193,False,False,False,False,False,False,False,False,61,12,75,14,,False,2026-06-05T12:00:06Z,quản lý tiền,29700,Gia Tộc Rothschild: Những Người Tạo Ra Luật Chơi Của Tiền Bạc,uLYtqP3DlM0,4037,67
74,17.83,False,Tâm Thức Trí,16,False,1640,False,2114,0.0163,True,True,False,False,True,False,False,False,69,16,272,14,odd,False,2026-05-22T12:00:05Z,quản lý tiền,29700,Công Thức X25: Cách Quản Lý Tiền Bạc Giúp Bạn Sớm Đạt TỰ DO TÀI CHÍNH,1fy6JUUtFzQ,17639,238
80,11.24,False,Tâm Thức Trí,7,False,1827,False,1088,0.0154,True,True,False,False,False,False,False,True,65,14,164,5,,True,2026-05-16T12:00:06Z,quản lý tiền,29700,"Vì Sao Lạm Phát Khiến Người Giàu Càng Giàu Hơn, Còn Bạn Nghèo Đi?",4z0yV1QBkG0,11121,139
85,7.87,False,Tâm Thức Trí,15,True,1894,False,907,0.0149,False,True,False,False,False,False,False,False,51,12,101,15,,False,2026-05-11T12:00:06Z,quản lý tiền,29700,Bí Mật: Cách Các Chính Phủ Âm Thầm Lấy Tiền Của Dân,qt0FDDJdV6U,7784,92
87,7.41,False,Tâm Thức Trí,21,False,1375,False,1065,0.0121,False,True,False,False,False,False,False,True,43,10,68,13,,False,2026-05-09T11:45:06Z,quản lý tiền,29700,Vì Sao Người Trẻ Ngày Nay Không Thể Mua Nhà,BgvjMjbtCGY,7336,84
91,2.41,False,Tâm Thức Trí,4,False,1314,False,1411,0.0277,False,True,False,False,False,False,False,True,46,11,62,14,,False,2026-05-05T12:01:02Z,quản lý tiền,29700,Ngân Hàng Tạo Ra Tiền Từ Hư Không Như Thế Nào?,Sf8TEp_bv2k,2386,26
95,0.63,False,Tâm Thức Trí,3,False,1257,False,1824,0.0305,False,True,False,False,False,False,False,True,58,13,16,34,,True,2026-05-01T12:30:11Z,quản lý tiền,29700,"Nếu Một Ngày Người Việt Không Còn Tết, Bạn Sẽ Mất Điều Gì?",9hJXjynKHTg,622,7
99,9.46,False,Tâm Thức Trí,17,False,1244,False,2094,0.016,True,True,False,False,False,False,False,True,60,12,133,14,,True,2026-04-27T13:45:06Z,quản lý tiền,29700,Vì Sao Đánh Thuế Người Giàu Lại Khiến Người Nghèo Nghèo Hơn?,OZFbadPlxzc,9357,95
101,4.88,False,Tâm Thức Trí,87,False,1701,False,2993,0.0477,False,True,False,False,False,False,False,True,33,9,143,14,,False,2026-04-25T14:00:03Z,quản lý tiền,29700,Vì Sao Gen Z Từ Bỏ Việc Sinh Con?,0dtd7NmRs4M,4824,48
104,3.36,False,Tâm Thức Trí,2,False,1234,False,2823,0.0169,False,True,False,False,False,False,False,False,52,14,54,14,,False,2026-04-22T12:00:06Z,quản lý tiền,29700,Sự SỤP ĐỔ của đế chế BÁN LẺ: Từ Đỉnh Cao Đến Lụi Tàn,Pq9kP5IvJvA,3320,32
106,3.61,False,Tâm Thức Trí,22,False,1477,False,2461,0.028,False,True,False,False,False,False,False,True,48,11,78,14,,False,2026-04-20T12:00:06Z,quản lý tiền,29700,Lạm Phát Bằng Cấp: Thạc Sĩ Cũng Phải Chạy Xe Ôm?,nv226vTWjNY,3571,34
110,0.6,False,Tâm Thức Trí,0,False,1287,False,1276,0.0254,False,True,False,False,False,False,False,True,46,12,15,14,,False,2026-04-16T12:30:08Z,quản lý tiền,29700,Vì Sao Bạn Không Nhớ Mình Đã Từng Là Một Em Bé,5njtwWK4tiQ,590,5
111,0.71,False,Tâm Thức Trí,1,False,1412,False,2227,0.0243,False,True,False,False,False,False,False,True,74,16,16,14,,False,2026-04-15T12:00:04Z,quản lý tiền,29700,Nguyên Lý Peter: Vì Sao Từ Chối Thăng Chức Có Thể Là Quyết Định Khôn Ngoan,1s4Bnx8qdWo,701,6
112,0.44,False,Tâm Thức Trí,0,False,1185,False,1052,0.0297,False,True,False,False,False,True,False,False,85,20,13,14,,False,2026-04-14T13:01:16Z,quản lý tiền,29700,Hãy Xây Dựng Một Trí Óc Mạnh Mẽ Đến Mức Khiến Người Khác Phải Khiếp Sợ | Tâm Thức Trí,emE8L6ijxhY,437,4
114,0.63,False,Tâm Thức Trí,1,False,933,False,899,0.0275,False,True,False,False,True,True,False,False,80,20,16,14,odd,False,2026-04-12T11:00:06Z,quản lý tiền,29700,7 Điều Tôi Đã Làm Để Không Còn Cảm Thấy Kiệt Sức Sau Giờ Làm Việc | Tâm Thức Trí,91cdICHsaeI,619,5
119,0.53,False,Tâm Thức Trí,4,False,1382,False,1538,0.0461,False,False,False,False,True,True,False,False,38,10,20,14,odd,False,2026-04-07T11:01:36Z,quản lý tiền,29700,Sức Mạnh Của 5 Giờ Sáng | Tâm Thức Trí,yM-KYSyuUNE,521,4
121,0.7,False,Tâm Thức Trí,1,False,785,False,1337,0.0262,False,True,False,False,False,True,False,True,82,19,17,14,,False,2026-04-05T11:01:16Z,quản lý tiền,29700,Vì Sao Tranh Luận Với Kẻ Ngốc Là Điều Người Thông Minh Cần Tránh Xa | Tâm Thức Trí,pQh74sPnsBE,688,6
122,0.99,False,Tâm Thức Trí,1,False,868,False,2193,0.0285,False,True,False,False,False,True,False,False,78,18,27,14,,False,2026-04-04T12:12:06Z,quản lý tiền,29700,"Đừng Bao Giờ Phản Ứng, Đừng Bao Giờ Giải Thích, Chỉ Cần Phớt Lờ | Tâm Thức Trí",8b3dpYVvo4k,983,8
127,0.27,False,Tâm Thức Trí,3,False,1588,False,1036,0.0406,False,True,False,False,False,True,False,False,34,10,8,14,,False,2026-03-30T11:00:30Z,quản lý tiền,29700,Tâm Lý Của Thế Hệ X | Tâm Thức Trí,T_unbdiooxo,271,2
130,0.55,False,Tâm Thức Trí,1,False,1107,False,1701,0.0385,False,True,False,False,False,False,False,True,77,16,20,26,,False,2026-03-27T11:30:04Z,quản lý tiền,29700,TẠI SAO NHỮNG NGƯỜI LAO ĐỘNG CHĂM CHỈ NHẤT LẠI THƯỜNG KIẾM ĐƯỢC ÍT TIỀN NHẤT?,8CRKNKD4KjY,546,4
132,0.71,False,Tâm Thức Trí,3,False,655,False,1426,0.0413,False,True,False,False,False,False,False,True,59,14,26,25,,False,2026-03-25T12:01:01Z,quản lý tiền,29700,VÌ SAO XÃ HỘI LUÔN SẢN SINH RA NHỮNG KẺ NGỐC NẮM QUYỀN LỰC?,WtcvKObkx0U,703,5
144,0.47,False,Tâm Thức Trí,2,False,0,False,1226,0.0432,False,True,False,False,False,True,False,False,53,13,18,14,,False,2026-03-13T11:00:00Z,quản lý tiền,29700,Tâm Lý Của Những Người Thích Sự Cô Độc | Tâm Thức Trí,-lHIm3CpBiI,463,3
39,0.16,False,BooTube,2,False,449,False,12,0.0152,False,False,False,False,False,False,False,False,63,9,111,40,,False,2026-06-26T04:06:02Z,truyện ma có thật,29500,truyện ma:  Bóng Người Trên Cánh Đồng #truyenma #truyenmakinhdi,eIWMTlkAqEI,7426,190
90,0.37,False,BooTube,2,False,310,False,29,0.0128,False,True,False,False,False,False,False,False,33,8,221,40,,False,2026-05-06T09:45:52Z,truyện ma có thật,29500,“Truyện ma : TRỐN TÌM CÙNG MA ĐÓI,8tuMEOq8QmA,17480,194
110,0.3,False,BooTube,8,False,456,False,21,0.0146,False,False,False,False,False,False,False,False,25,5,200,40,,False,2026-04-16T01:10:11Z,truyện ma có thật,29500,ma hành lang  #ma #phimma,-eZTBoLrrQg,14224,129
377,1.59,False,BooTube,4,False,344,False,10,0.006,False,True,False,False,False,False,False,False,34,8,440,40,,False,2025-07-23T06:19:26Z,truyện ma có thật,29500,“Truyện ma : CHIẾC VÒI NƯỚC MA QUỶ,YYHxtde7Wu4,74376,197
378,0.0,False,BooTube,0,False,740,False,2072,0.0,False,False,False,False,False,False,False,False,67,13,0,10,,True,2025-07-22T14:17:48Z,truyện ma có thật,29500,"chuyện audio: ""Thà Mất Anh, Còn Hơn Mất Mặt"",  chuyện ngôn tình hay",eARymjDWJE0,203,1
379,0.0,False,BooTube,1,False,415,False,4558,0.005,False,False,False,False,True,False,False,False,59,13,0,10,odd,False,2025-07-20T15:34:02Z,truyện ma có thật,29500,"chuyện audio: bởi vì yêu em, phần 1 ,  chuyện ngôn tình hay",QPwJ7W1ceJY,201,1
381,1.94,False,BooTube,10,False,564,False,13,0.0065,False,True,False,False,False,False,False,False,51,13,586,40,,False,2025-07-19T14:25:06Z,truyện ma có thật,29500,“Truyện ma : WC BỊ BỎ HOANG VÀ NHỮNG BÍ ẨN PHÍA SAU,TIYFy_OEl0Y,91028,239
384,1.26,False,BooTube,8,True,528,False,13,0.0078,False,True,False,False,False,False,False,False,32,8,450,40,,False,2025-07-16T05:21:55Z,truyện ma có thật,29500,“Truyện ma : BÍ MẬT TRÊN BÀN THỜ,Eg_5q3j9jzM,59072,154
384,1.75,False,BooTube,3,False,571,False,13,0.0052,False,True,False,False,False,False,False,False,34,8,426,40,,False,2025-07-16T01:09:20Z,truyện ma có thật,29500,“Truyện ma : KHUÔN MẶT DƯỚI LỚP ĐÁ,2omGpYFp9iE,82018,214
385,1.65,False,BooTube,4,False,483,False,10,0.0048,False,True,False,False,False,False,False,False,28,7,363,40,,False,2025-07-15T13:51:15Z,truyện ma có thật,29500,“Truyện ma : GIẤC MƠ MA QUÁI,TlMELT0pc1U,77150,200
385,1.21,False,BooTube,4,False,465,False,9,0.0052,False,True,False,False,False,False,False,False,32,7,293,40,,False,2025-07-15T08:16:24Z,truyện ma có thật,29500,“Truyện ma : XÁC TRONG BỆNH VIỆN,XrfxiiejT_4,56825,148
385,0.95,False,BooTube,3,False,535,False,13,0.0059,False,True,False,False,False,False,False,False,31,7,258,40,,False,2025-07-15T08:02:25Z,truyện ma có thật,29500,“Truyện ma : TIẾNG RU TRONG GIÓ,hmxxqFW2-Fo,44398,115
385,1.04,False,BooTube,4,False,558,False,13,0.0049,False,True,False,False,False,False,False,True,45,11,235,40,,False,2025-07-15T01:29:23Z,truyện ma có thật,29500,“Truyện ma :  BẠN CÓ TIN CÂY ĐA CÓ CHỦ KHÔNG?,nOTgV-lrVSc,48914,127
386,1.07,False,BooTube,2,False,551,False,13,0.0056,False,True,False,False,False,False,False,False,58,13,277,40,,False,2025-07-14T08:01:08Z,truyện ma có thật,29500,“Truyện ma :  Tiếng Nấc Trong Chậu Rửa VÀ TIẾNG NẤC NG GIÓ,wXmCJZ0Nz34,50098,130
386,1.01,False,BooTube,3,False,564,False,14,0.0062,False,True,False,False,False,False,False,False,43,10,290,40,,False,2025-07-14T05:00:35Z,truyện ma có thật,29500,“Truyện ma : Con Búp Bê Trong Máy Giặt QUÁI,UpP7tVdKyAg,47075,122
386,0.97,False,BooTube,2,False,550,False,13,0.0046,False,True,False,False,False,False,False,False,92,21,208,40,,False,2025-07-14T03:16:00Z,truyện ma có thật,29500,“Truyện ma : Cống Rút Nước Dưới Hồ Gọi Tên Tôi VÀ CÁNH TAY TRẮNG BỆCH VƯƠN LÊN TỪ  DƯỚI NƯỚC,sbCMHjztaCs,45442,118
386,1.18,False,BooTube,4,False,583,False,12,0.0044,False,True,False,False,False,False,False,False,52,12,238,40,,False,2025-07-14T00:24:56Z,truyện ma có thật,29500,"“Truyện ma : CON MẮT TRONG Ổ  ,   chuyện ma có thật,",lSZH-d8d3_s,55176,143
387,0.99,False,BooTube,1,False,569,False,14,0.0044,False,True,False,False,False,False,False,False,67,15,205,40,,False,2025-07-13T14:02:16Z,truyện ma có thật,29500,"“Truyện ma : Nước Sủi Bọt… Và Một Chiếc Răng ,   chuyện ma có thật,",_5CtYvMDDxU,46545,120
387,1.21,False,BooTube,1,False,519,False,12,0.0041,False,False,False,False,False,False,False,False,84,19,231,40,,False,2025-07-13T10:09:49Z,truyện ma có thật,29500,"“Truyện ma : Bàn Chải Đánh Răng Ướt Mỗi Sáng dù tôi chưa dùng ,   chuyện ma có thật,",_d4lQlD4TaA,56750,147
387,1.21,False,BooTube,2,False,547,False,12,0.0038,False,True,False,False,False,False,False,False,55,11,212,40,,False,2025-07-13T05:36:11Z,truyện ma có thật,29500,"“Truyện ma:  Tiếng Gõ Từ Vòi Nước,   chuyện ma có thật,",9Vx4iVrRSR4,56445,146
387,0.72,False,BooTube,3,False,475,False,12,0.0047,False,True,False,False,False,False,False,False,54,11,156,40,,False,2025-07-13T01:21:50Z,truyện ma có thật,29500,"“Truyện ma:  CHIẾC KHĂN CỦA QUỶ ,   chuyện ma có thật,",ra4qUpfGSho,33775,87
388,0.71,False,BooTube,2,False,581,False,13,0.0046,False,True,False,False,False,False,False,False,66,14,150,40,,False,2025-07-12T10:00:13Z,truyện ma có thật,29500,"“Truyện ma:  Mùi Hôi Từ Ống Cống Không Tắt  ,   chuyện ma có thật,",8uavzMe0IRE,33053,85
388,0.69,False,BooTube,4,False,479,False,10,0.0046,False,True,False,False,False,False,False,False,56,11,145,40,,False,2025-07-12T02:59:22Z,truyện ma có thật,29500,"“Truyện ma: BÓNG ĐEN TRONG NGHĨA  ,   chuyện ma có thật,",oRk4FSN3ILM,32387,83
388,0.83,False,BooTube,8,False,622,False,10,0.0046,False,True,False,False,False,False,False,False,52,12,169,40,,False,2025-07-12T02:53:36Z,truyện ma có thật,29500,"“Truyện ma: BÓNG ĐEN ĐÓ LÀ GÌ ,   chuyện ma có thật,",8Wh0Awn0G84,38846,100
389,0.6,False,BooTube,9,False,477,False,8,0.0058,False,True,False,False,False,False,False,False,51,11,152,40,,False,2025-07-11T13:30:08Z,truyện ma có thật,29500,"“Truyện ma: CON MA KHÁCH SẠN ,   chuyện ma có thật,",782YVYZQ5BE,27885,72
389,1.14,False,BooTube,2,False,476,False,10,0.0039,False,True,False,False,False,False,False,False,53,11,206,40,,False,2025-07-11T04:00:43Z,truyện ma có thật,29500,"“Truyện ma: BÓNG MA BÊN GIƯỜNG ,   chuyện ma có thật,",V4KoympcIQA,53547,138
389,1.17,False,BooTube,3,False,523,False,10,0.0036,False,True,False,False,False,False,False,False,51,11,194,40,,False,2025-07-11T00:33:29Z,truyện ma có thật,29500,"“Truyện ma: THAI NHI MA QUÁI ,   chuyện ma có thật,",ek7Gfzwk_sQ,54671,141
390,1.02,False,BooTube,2,False,511,False,11,0.0041,False,True,False,False,False,False,False,False,46,10,194,40,,False,2025-07-10T08:31:59Z,truyện ma có thật,29500,"“Truyện ma: CHIẾC MŨ MA ,   chuyện ma có thật,",NOZocsLPzbc,47734,122
390,0.49,False,BooTube,0,False,463,False,10,0.0046,False,True,False,False,False,False,False,False,41,9,106,40,,False,2025-07-09T23:46:15Z,truyện ma có thật,29500,"“Truyện ma: TÊN MA ,   chuyện ma có thật,",7Myn3SrwcQg,23036,59
390,0.53,False,BooTube,2,False,482,False,10,0.0053,False,True,False,False,False,False,False,False,61,14,130,40,,False,2025-07-09T23:42:57Z,truyện ma có thật,29500,"“Truyện ma: CÁNH TAY SAU LƯNG ĐÓ LÀ AI ,   chuyện ma có thật,",O89Y_DUoKmA,24808,64
744,8.16,False,Limitless Real Factzz,15,False,0,False,26,0.0226,False,False,False,False,False,False,False,False,38,7,393,0,,False,2024-07-21T12:57:52Z,psychology facts,28900,Man can get addicted to a woman#shorts,9R4Oip5Advc,18088,24
744,4.79,False,Limitless Real Factzz,6,False,0,False,16,0.0156,False,False,False,False,False,False,False,False,32,6,160,0,,False,2024-07-21T12:56:43Z,psychology facts,28900,If a girl says I'm hungry#shorts,DjaWFLMcEfM,10615,14
744,3.15,False,Limitless Real Factzz,1,False,0,False,23,0.0179,False,False,False,False,False,False,False,False,40,6,124,0,,False,2024-07-21T12:56:30Z,psychology facts,28900,I know we're not together anymore#shorts,nhs58XanY1o,6974,9
744,2.62,False,Limitless Real Factzz,0,False,0,False,19,0.0198,False,False,False,False,False,False,False,False,40,5,115,0,,False,2024-07-21T12:52:44Z,psychology facts,28900,A relationship can be challenging#shorts,aMK7_D_MaL0,5802,8
744,2.22,False,Limitless Real Factzz,8,False,0,False,18,0.0191,False,False,False,False,False,False,False,False,31,7,86,0,,False,2024-07-21T12:52:32Z,psychology facts,28900,If I ask you to name all#shorts,LjkQg1HrdSo,4920,7
747,1.9,False,Limitless Real Factzz,0,False,0,False,19,0.0167,False,False,False,False,False,False,False,False,34,7,70,0,,False,2024-07-18T12:00:19Z,psychology facts,28900,If you both fight a lot and#shorts,NIX0YcIDyys,4203,6
747,1.67,False,Limitless Real Factzz,0,False,0,False,15,0.0248,False,False,False,False,False,False,False,False,44,8,92,0,,False,2024-07-18T11:59:25Z,psychology facts,28900,The best thing that you could ever do#shorts,vrXuR5edDqQ,3709,5
747,1.51,False,Limitless Real Factzz,0,False,0,False,15,0.021,False,False,False,False,False,False,False,False,32,4,70,0,,False,2024-07-18T11:58:11Z,psychology facts,28900,A perfect relationship is#shorts,ZAf91CI78Qg,3340,4
747,1.79,False,Limitless Real Factzz,1,False,0,False,15,0.024,False,False,False,False,False,False,False,False,37,7,94,0,,False,2024-07-18T11:57:40Z,psychology facts,28900,A man can love a million women#shorts,q9K3i7Tf2Cc,3965,5
747,1.3,False,Limitless Real Factzz,1,False,0,False,19,0.0187,False,False,False,False,False,False,False,False,47,9,53,0,,False,2024-07-18T11:56:41Z,psychology facts,28900,One of the best feelings in the world is#shorts,S517WGCyYhw,2893,4
748,1.06,False,Limitless Real Factzz,5,False,0,False,35,0.0242,False,False,False,False,False,False,False,True,54,10,52,0,,False,2024-07-17T12:08:00Z,psychology facts,28900,When one of these lines do you relate the most?#shorts,5keWLuNx-Vg,2359,3
748,1.63,False,Limitless Real Factzz,0,False,0,False,15,0.0246,False,False,False,False,False,False,False,False,66,10,89,0,,False,2024-07-17T12:05:10Z,psychology facts,28900,"Psychology says, when someone can't seem to leave your mind#shorts",JzIf1-sn1R4,3614,5
748,1.62,False,Limitless Real Factzz,4,False,0,False,16,0.0389,False,False,False,False,False,False,False,False,44,7,136,0,,False,2024-07-17T12:04:18Z,psychology facts,28900,People who can't control their laugh #shorts,xnXnbrusyEY,3601,5
748,0.86,False,Limitless Real Factzz,0,False,0,False,34,0.0179,False,False,False,False,True,False,False,False,59,9,34,0,even,False,2024-07-17T12:03:59Z,psychology facts,28900,6 Signs your partner has an Anxious Attachment Style#shorts,gSBMzenPXq8,1897,3
748,1.26,False,Limitless Real Factzz,2,False,0,False,15,0.0186,False,False,False,False,True,False,False,False,57,10,50,0,odd,False,2024-07-17T12:02:23Z,psychology facts,28900,"Psychology says, it takes 15 months and 27 days to#shorts",z2_cL5wfAlo,2798,4
749,0.99,False,Limitless Real Factzz,1,False,0,False,15,0.0265,False,False,False,False,False,False,False,False,31,5,57,0,,False,2024-07-16T11:57:52Z,psychology facts,28900,Some people were born to#shorts,1fGTab0OAVE,2190,3
749,0.85,False,Limitless Real Factzz,1,False,0,False,15,0.0202,False,False,False,False,False,False,False,False,23,2,37,0,,False,2024-07-16T11:56:48Z,psychology facts,28900,Psychology Facts#shorts,Sx7a_k684Ro,1877,3
749,1.01,False,Limitless Real Factzz,1,False,0,False,15,0.0294,False,False,False,False,False,False,False,False,38,6,65,0,,False,2024-07-16T11:56:32Z,psychology facts,28900,People who love the black color#shorts,jrrzElZPooM,2244,3
749,0.77,False,Limitless Real Factzz,0,False,0,False,15,0.0274,False,False,False,False,False,False,False,False,46,8,47,0,,False,2024-07-16T11:55:33Z,psychology facts,28900,The worst feelings is when you find out#shorts,-HDljjcVYBA,1716,2
749,0.75,False,Limitless Real Factzz,1,False,0,False,15,0.0341,False,False,False,False,False,False,False,False,44,7,56,0,,False,2024-07-16T11:55:04Z,psychology facts,28900,People will notice the change in your#shorts,Gj2PtKkyjLg,1670,2
750,0.78,False,Limitless Real Factzz,3,False,0,False,15,0.0291,False,False,False,False,False,False,False,False,50,10,47,0,,False,2024-07-15T11:54:04Z,psychology facts,28900,Most of the time is not the person you miss#shorts,fOkHuyiEvNk,1719,2
750,0.74,False,Limitless Real Factzz,2,False,0,False,15,0.0244,False,False,False,False,False,False,False,False,54,10,38,0,,False,2024-07-15T11:52:58Z,psychology facts,28900,When a girl loves a guy he becomes her strength#shorts,Usu80BGPa7Q,1636,2
750,0.56,False,Limitless Real Factzz,0,False,0,False,16,0.017,False,False,False,False,False,False,False,False,27,5,21,0,,False,2024-07-15T11:52:04Z,psychology facts,28900,I hate the fact that#shorts,WFsh1awgQdk,1238,2
750,0.83,False,Limitless Real Factzz,1,True,0,False,14,0.0158,False,False,False,False,False,False,False,False,33,5,28,0,,False,2024-07-15T11:50:51Z,psychology facts,28900,Guys secretly love it when#shorts,iqRwhS_RGSM,1831,2
750,0.82,False,Limitless Real Factzz,1,False,0,False,15,0.0285,False,False,False,False,False,False,False,False,38,6,51,0,,False,2024-07-15T11:50:19Z,psychology facts,28900,If you believe someone is lying#shorts,iXK_YmhK83M,1827,2
751,0.67,False,Limitless Real Factzz,1,False,0,False,11,0.0216,False,False,False,False,False,False,False,False,41,6,31,0,,False,2024-07-14T13:25:19Z,psychology facts,28900,When you give importance to people#shorts,M6AkxZVB7bU,1481,2
751,0.67,False,Limitless Real Factzz,1,False,0,False,11,0.0156,False,False,False,False,False,False,False,False,42,9,22,0,,False,2024-07-14T13:24:39Z,psychology facts,28900,You know a guy wants to be with you#shorts,VsTkTl4Q-7w,1475,2
751,0.64,False,Limitless Real Factzz,0,False,0,False,11,0.0105,False,False,False,False,False,False,False,False,38,6,15,0,,False,2024-07-14T13:23:35Z,psychology facts,28900,Men are most attracted to women#shorts,qcB7Tw6bCag,1426,2
751,0.4,False,Limitless Real Factzz,0,False,0,False,11,0.0067,False,False,False,False,False,False,False,False,38,7,6,0,,False,2024-07-14T13:22:39Z,psychology facts,28900,Man is going to waste your time#shorts,W4Lx1JCd-gg,889,1
751,0.35,False,Limitless Real Factzz,0,False,0,False,10,0.0116,False,False,False,False,False,False,False,False,30,5,9,0,,False,2024-07-14T13:20:40Z,psychology facts,28900,Man doesn't need a girl#shorts,6Dlx09fViSs,774,1
353,0.33,False,Domino Life ,0,False,202,False,24,0.0094,False,True,False,False,False,False,False,False,29,8,7,13,,False,2025-08-16T06:26:08Z,làm giàu tư duy,28800,"Kỷ sở bất dục, vật thi ư nhân",ppoDqDkK1v8,746,2
1213,2.2,False,Domino Life ,2,False,286,False,318,0.0159,True,True,False,True,False,False,False,False,69,17,77,14,,True,2023-04-09T12:18:32Z,làm giàu tư duy,28800,Đừng Để Con Sau Này Mất Cơ Hội Làm Giàu Vì Không Nỗ Lực Khi Còn Nghèo,pPS780txioA,4966,4
1214,1.53,False,Domino Life ,2,False,222,False,674,0.0227,False,True,False,True,True,False,False,False,41,10,76,17,even,False,2023-04-08T14:25:08Z,làm giàu tư duy,28800,4 Đức Hạnh Bậc Nhất Của Chủ Nghĩa Khắc Kỷ,bE9eb02xizI,3438,3
1217,1.38,False,Domino Life ,2,False,313,False,1208,0.0148,False,True,False,True,True,True,True,False,92,21,44,19,even,False,2023-04-05T12:00:15Z,làm giàu tư duy,28800,38 Tâm Thư Vua Dầu Mỏ Rockefeller Gửi Con Trai Sách Nói Hay Nhất 2023 Tóm Tắt Sách | Part 10,EaK5g1TKQf0,3113,3
1217,0.77,False,Domino Life ,0,False,312,False,1063,0.0121,False,True,False,True,True,True,True,False,91,21,21,19,even,False,2023-04-04T23:00:05Z,làm giàu tư duy,28800,38 Tâm Thư Vua Dầu Mỏ Rockefeller Gửi Con Trai Sách Nói Hay Nhất 2023 Tóm Tắt Sách | Part 9,B4Xp1th1m5k,1736,1
1218,0.52,False,Domino Life ,1,False,312,False,837,0.0164,False,True,False,True,True,True,True,False,91,21,18,19,even,False,2023-04-04T12:00:12Z,làm giàu tư duy,28800,38 Tâm Thư Vua Dầu Mỏ Rockefeller Gửi Con Trai Sách Nói Hay Nhất 2023 Tóm Tắt Sách | Part 8,EE7DqaMpB2A,1162,1
1218,0.57,False,Domino Life ,2,False,312,False,884,0.017,False,True,False,True,True,True,True,False,91,21,20,19,even,False,2023-04-03T23:00:30Z,làm giàu tư duy,28800,38 Tâm Thư Vua Dầu Mỏ Rockefeller Gửi Con Trai Sách Nói Hay Nhất 2023 Tóm Tắt Sách | Part 7,v4GrMu8Blt8,1295,1
1219,0.61,False,Domino Life ,2,False,313,False,1259,0.0167,False,True,False,True,True,True,True,False,91,21,21,19,even,False,2023-04-03T12:00:18Z,làm giàu tư duy,28800,38 Tâm Thư Vua Dầu Mỏ Rockefeller Gửi Con Trai Sách Nói Hay Nhất 2023 Tóm Tắt Sách | Part 6,WuI-_277FhQ,1378,1
1219,0.64,False,Domino Life ,3,False,313,False,1234,0.0131,False,True,False,True,True,True,True,False,91,21,16,19,even,False,2023-04-02T23:00:18Z,làm giàu tư duy,28800,38 Tâm Thư Vua Dầu Mỏ Rockefeller Gửi Con Trai Sách Nói Hay Nhất 2023 Tóm Tắt Sách | Part 5,yEyNkP2xggw,1451,1
1220,0.71,False,Domino Life ,0,False,313,False,1080,0.0144,False,True,False,True,True,True,True,False,94,22,23,19,even,False,2023-04-02T12:00:19Z,làm giàu tư duy,28800,38 Tâm Thư Vua Dầu Mỏ Rockefeller Gửi Con Trai  | Sách Nói Hay Nhất 2023 Tóm Tắt Sách | Part 4,W6fn_prFK6I,1592,1
1220,0.81,False,Domino Life ,3,False,313,False,1056,0.0169,False,True,False,True,True,True,True,False,91,21,28,19,even,False,2023-04-01T23:00:25Z,làm giàu tư duy,28800,38 Tâm Thư Vua Dầu Mỏ Rockefeller Gửi Con Trai Sách Nói Hay Nhất 2023 Tóm Tắt Sách | Part 3,nIakxSQ1IU4,1836,2
1221,1.11,False,Domino Life ,2,False,315,False,897,0.0124,False,True,False,True,True,True,True,False,91,21,29,17,even,False,2023-04-01T12:00:08Z,làm giàu tư duy,28800,38 Tâm Thư Vua Dầu Mỏ Rockefeller Gửi Con Trai Sách Nói Hay Nhất 2023 Tóm Tắt Sách | Part 2,CHg0N7uYceA,2505,2
1221,4.71,False,Domino Life ,2,False,324,False,1370,0.0139,False,True,False,True,True,True,True,False,94,22,146,18,even,False,2023-04-01T03:05:33Z,làm giàu tư duy,28800,38 Tâm Thư Vua Dầu Mỏ Rockefeller Gửi Con Trai | Sách Nói Hay Nhất 2023 |Tóm Tắt Sách | Part 1,F-zTyxb0XPQ,10612,9
1233,0.75,False,Domino Life ,5,False,242,False,343,0.0356,True,True,False,True,True,True,False,False,42,11,55,15,odd,False,2023-03-20T11:57:42Z,làm giàu tư duy,28800,SỬA MÌNH ĐỂ GIÀU CÓ 2023 | TƯ DUY LÀM GIÀU,Yj1QUQqFpf8,1686,1
1258,0.89,False,Domino Life ,1,False,212,False,6848,0.025,False,True,False,True,False,False,False,False,68,17,49,20,,False,2023-02-23T13:59:38Z,làm giàu tư duy,28800,Nỗ Lực Liên Tục - Không Có Gì Đáng Giá Lại Dễ Dàng - Truyền Cảm Hứng,8magZbFT0uw,2003,2
1258,3.06,False,Domino Life ,10,False,216,False,3629,0.0228,False,True,False,True,True,False,False,False,72,17,147,20,even,False,2023-02-23T01:19:49Z,làm giàu tư duy,28800,Khắc Ghi 10 Phẩm Chất Cần Có Để Thành Công - Nhất Định Phải Bồi Đắp 2023,g9vI4GxmhD4,6898,5
1260,0.37,False,Domino Life ,0,False,195,False,6065,0.0144,False,False,False,True,True,False,False,False,51,12,12,20,odd,False,2023-02-21T14:59:17Z,làm giàu tư duy,28800,Vua Xe Hơi Henry Ford - Bài Học Tâm Huyết Nhất 2023,x6--1Qp5n7A,835,1
1261,53.75,False,Domino Life ,29,False,210,False,6461,0.0169,False,False,False,True,True,True,False,False,85,19,2017,19,even,False,2023-02-20T14:14:04Z,làm giàu tư duy,28800,Đẩy Giới Hạn - Vượt Ngưỡng - Bình Thường Đến Phi Thường | 200 Câu Nói Truyền Cảm Hứng,ZkHtIDr2dGs,121155,96
1261,2.16,False,Domino Life ,1,False,209,False,2704,0.0136,False,True,False,True,True,False,False,False,65,15,65,19,odd,False,2023-02-19T22:54:08Z,làm giàu tư duy,28800,Nếu Đang Bế Tắc Hãy Nghe 15 Điều Này Để Phát Triển Nhanh Hơn 2023,E5NhsRkJhh8,4863,4
1261,2.29,False,Domino Life ,3,False,197,False,4168,0.0172,False,True,False,True,True,False,False,False,55,13,86,19,odd,False,2023-02-19T22:09:38Z,làm giàu tư duy,28800,Cầm Lên Được - Hạ Xuống Được Mới Có Thể Thành Công 2023,H1GXedN3Y9A,5164,4
1262,0.71,False,Domino Life ,3,False,202,False,6583,0.0281,False,False,False,True,True,False,False,False,58,12,42,19,odd,False,2023-02-18T18:44:11Z,làm giàu tư duy,28800,Napoleon Hill - Bài Học Chọn Lọc Truyền Cảm Hứng Sống 2023,P5pBH0kF0Kg,1600,1
1264,4.1,False,Domino Life ,2,False,213,False,9220,0.0144,False,True,False,True,False,True,False,False,69,15,131,19,,False,2023-02-17T09:10:47Z,làm giàu tư duy,28800,ĐẮC NHÂN TÂM  | Nghệ Thuật Thuyết Phục - Thu Phục Lòng Người Vạn Năng,zLYleMPOGDA,9245,7
1264,0.45,False,Domino Life ,1,False,207,False,8760,0.0371,False,True,False,True,True,False,False,False,63,14,37,19,odd,False,2023-02-17T02:38:35Z,làm giàu tư duy,28800,TUYÊN THỆ THÀNH CÔNG 2023 - NGƯỜI BÁN HÀNG VĨ ĐẠI NHẤT THẾ GIỚI,Q6-rYEE-5xE,1024,1
1264,0.35,False,Domino Life ,1,False,200,False,6300,0.0391,False,True,False,True,True,False,False,False,56,13,30,18,even,False,2023-02-17T00:06:07Z,làm giàu tư duy,28800,JIM ROHN - 100 BÀI THÀNH CÔNG  - THẦY CỦA NHỮNG BẬC THẦY,-meSKlWDEyI,792,1
1264,3.35,False,Domino Life ,3,False,229,False,7071,0.0143,False,True,False,True,False,False,False,False,84,18,105,18,,False,2023-02-16T16:46:03Z,làm giàu tư duy,28800,Nếu Bạn Đang Lập Nghiệp Nhất Định Phải Học Những Bài Học Truyền Cảm Hứng Từ Vua Thép,EIiDa3ZhiIw,7545,6
1265,0.51,False,Domino Life ,3,False,230,False,2663,0.0544,False,True,False,True,True,True,False,False,81,18,59,16,odd,False,2023-02-16T01:28:42Z,làm giàu tư duy,28800,Ngày Sẽ Quyết Định Thay Đổi Cuộc Đời Bạn Năm 2023 | Truyền Cảm Hứng | Domino Life,PZd424Jwqes,1140,1
1266,6.59,False,Domino Life ,4,False,199,False,11622,0.0151,False,True,False,True,True,False,False,False,72,17,221,16,even,False,2023-02-15T12:01:21Z,làm giàu tư duy,28800,Lắng Nghe 200 Bài Học Sâu Sắc Nhất Để Sống Khôn Ngoan - Mạnh Mẽ Hơn 2023,LeqAN-1V6O4,14865,12
1266,83.31,False,Domino Life ,42,False,263,False,8150,0.0097,False,False,False,True,True,True,False,False,60,14,1787,16,even,False,2023-02-15T08:34:05Z,làm giàu tư duy,28800,100 Trí Tuệ Do Thái | Quy Tắc Ngầm Kinh Doanh Kiếm Tiền 2023,CfqGm469q80,187791,148
1357,3.42,False,Domino Life ,15,False,285,False,701,0.032,False,True,False,True,True,True,False,False,61,13,232,18,even,False,2022-11-16T11:43:47Z,làm giàu tư duy,28800,TRƯỚC 40 TUỔI PHẢI BIẾT YÊU TIỀN - ĐỪNG ẢO TƯỞNG | DOMINOLIFE,YPGLiR6GNOQ,7717,6
1359,3.22,False,Domino Life ,21,False,280,False,483,0.044,False,True,False,True,False,True,False,False,57,13,298,17,,False,2022-11-14T11:48:26Z,làm giàu tư duy,28800,QUY LUẬT MẠNH NHẤT VŨ TRỤ CHI PHỐI VẬN MỆNH | DOMINO LIFE,ndWQDWTUqTM,7250,5
1,0.41,False,Kế Toán Lê Ánh Official,0,False,0,False,38,0.0143,False,False,False,False,False,False,False,False,51,11,2,0,,False,2026-08-03T09:08:58Z,kinh tế giải thích,28200,Những kiến thức kế toán người mới bắt buộc phải nắm,sq_0Ukof_w0,140,140
1,0.78,False,Kế Toán Lê Ánh Official,0,False,0,False,60,0.0112,False,False,False,False,True,False,False,False,60,13,3,0,odd,False,2026-08-03T09:01:33Z,kinh tế giải thích,28200,05 phương pháp tính giá thành mà kế toán nhất định phải biết,ksMLM6IxU_0,269,269
1,1.17,False,Kế Toán Lê Ánh Official,0,False,0,False,41,0.0074,False,True,False,False,True,False,False,False,58,12,3,0,even,False,2026-08-03T08:55:48Z,kinh tế giải thích,28200,Hướng dẫn hạch toán sau khi quyết toán thuế TNCN BCTC 2026,tTBLTloajqo,403,403
4,0.49,False,Kế Toán Lê Ánh Official,0,False,921,False,54,0.006,False,False,False,True,False,False,False,False,50,12,1,11,,False,2026-07-31T09:13:07Z,kinh tế giải thích,28200,Doanh nghiệp cần lưu ý gì khi chọn kỳ kê khai thuế,zxOZvY6YCUk,168,42
5,1.01,False,Kế Toán Lê Ánh Official,0,False,921,False,41,0.0115,False,True,False,True,False,False,False,False,62,15,4,11,,False,2026-07-30T15:09:06Z,kinh tế giải thích,28200,NGUYÊN TẮC XỬ LÝ HÓA ĐƠN ĐIỆN TỬ BỊ SAI SÓT  CẬP NHẬT MỚI NHẤT,Rz7Oc7epVDA,348,70
5,0.85,False,Kế Toán Lê Ánh Official,0,False,921,False,36,0.0068,False,True,False,True,False,False,False,False,46,10,2,11,,False,2026-07-30T15:07:03Z,kinh tế giải thích,28200,Cơ Quan Thuế Thường Kiểm Tra Gì Khi Quyết Toán,q2zLRr3aS-I,294,59
5,0.69,False,Kế Toán Lê Ánh Official,0,False,921,False,30,0.0126,False,True,False,True,False,False,False,False,52,11,3,11,,False,2026-07-30T15:04:38Z,kinh tế giải thích,28200,CÁC CỔNG TRA CỨU CHÍNH THỨC DOANH NGHIỆP NÊN LƯU LẠI,H5dPcd2DDHw,238,48
6,0.25,False,Kế Toán Lê Ánh Official,0,False,921,False,41,0.0341,False,True,False,True,False,False,False,False,54,12,3,11,,False,2026-07-29T04:04:04Z,kinh tế giải thích,28200,BÚT TOÁN KẾT CHUYỂN CUỐI KỲ KẾ TOÁN NHẤT ĐỊNH PHẢI NHỚ,QhLM6JmHw00,88,15
6,1.48,False,Kế Toán Lê Ánh Official,0,False,921,False,41,0.0039,False,True,False,True,False,False,False,False,58,12,2,11,,False,2026-07-29T04:02:16Z,kinh tế giải thích,28200,"LAO ĐỘNG THỬ VIỆC TIỀN LƯƠNG, BHXH, THUẾ TNCN BẠN CẦN BIẾT",5fpjPx7SH54,510,85
7,0.56,False,Kế Toán Lê Ánh Official,0,False,4490,False,1730,0.0625,False,True,False,True,True,True,False,False,88,15,12,15,odd,False,2026-07-28T08:47:13Z,kinh tế giải thích,28200,Thời Điểm Lập Hóa Đơn Từ 01/7/2026 | Nghị Định 254/2026/NĐ-CP và Thông Tư 91/2026/TT-BTC,o3itt9FQSik,192,27
7,1.31,False,Kế Toán Lê Ánh Official,0,False,0,False,56,0.0088,False,False,False,False,True,False,False,False,79,17,4,0,odd,False,2026-07-28T08:36:26Z,kinh tế giải thích,28200,"Hướng dẫn kê khai hoá đơn điều chỉnh thay thế tại chỉ tiêu 37, 38 từ 01/07/2026",QCaHY32_aB4,453,65
7,0.17,False,Kế Toán Lê Ánh Official,0,False,0,False,49,0.0678,False,False,False,False,False,False,False,False,46,10,4,0,,False,2026-07-28T07:29:34Z,kinh tế giải thích,28200,Hướng dẫn xác định nhóm ngành khi kê khai thuế,E5mjD_EP6bY,59,8
11,2.61,False,Kế Toán Lê Ánh Official,11,False,3246,False,2443,0.0498,False,True,False,True,True,True,False,False,85,19,34,20,even,False,2026-07-24T02:07:52Z,kinh tế giải thích,28200,Hướng Dẫn Lập Hóa Đơn Điều Chỉnh/Thay Thế Mới Nhất (Áp Dụng Từ 2026) | Kế Toán Lê Ánh,kjK8PPO7qAE,903,82
14,1.44,False,Kế Toán Lê Ánh Official,0,False,0,False,30,0.006,False,True,False,False,True,False,False,False,64,14,3,0,odd,False,2026-07-20T17:04:13Z,kinh tế giải thích,28200,Kế toán doanh nghiệp xuất khẩu cần lưu ý về tỷ giá từ 01/07/2026,U0Hm5j12RC4,498,36
14,5.56,False,Kế Toán Lê Ánh Official,0,False,0,False,26,0.0062,False,True,False,False,True,False,False,False,84,18,12,0,odd,False,2026-07-20T17:00:25Z,kinh tế giải thích,28200,Hộ kinh doanh doanh thu dưới 1 tỷ/năm lưu ý về việc thông báo doanh thu/tờ khai thuế,VDmxX0PXHBE,1921,137
14,3.0,False,Kế Toán Lê Ánh Official,0,False,0,False,48,0.0058,False,True,False,False,False,False,False,False,83,18,6,0,,False,2026-07-20T16:53:29Z,kinh tế giải thích,28200,"Hướng dẫn HKD thông báo số tài khoản ngân hàng, số hiệu ví điện tử trên Etax Mobile",-Ov6eNYf1oM,1035,74
21,2.18,False,Kế Toán Lê Ánh Official,0,False,0,False,44,0.0133,False,True,False,False,True,False,False,False,63,13,10,0,odd,False,2026-07-14T03:58:38Z,kinh tế giải thích,28200,Hướng dẫn HKD nhóm 1 điền các chỉ tiêu trên tờ khai 01/TKN-CNKD,zvpzLNxfKVI,753,36
21,0.68,False,Kế Toán Lê Ánh Official,0,False,0,False,49,0.0085,False,True,False,False,True,False,False,False,76,17,2,0,odd,False,2026-07-14T03:48:52Z,kinh tế giải thích,28200,Hướng dẫn nộp tờ khai cho thuê BĐS mẫu 01/TCKT bên đi thuê khai thay chủ nhà,X4a6dst3bJQ,235,11
21,1.79,False,Kế Toán Lê Ánh Official,0,False,0,False,39,0.0016,False,False,False,False,True,False,False,False,59,14,1,0,even,False,2026-07-14T01:53:01Z,kinh tế giải thích,28200,Gia hạn ưu đãi thuế xăng dầu đến 30/9 hộ kinh doanh cần nắm,IKJqZ32h1vw,619,29
25,0.99,False,Kế Toán Lê Ánh Official,0,False,921,False,43,0.0175,False,True,False,True,False,False,False,False,53,11,6,11,,False,2026-07-10T02:52:08Z,kinh tế giải thích,28200,BỘ MẪU VĂN BẢN KẾ TOÁN THƯỜNG DÙNG TRONG DOANH NGHIỆP,a8r9rUFBDds,343,14
26,0.95,False,Kế Toán Lê Ánh Official,0,False,921,False,37,0.0122,False,True,False,True,True,False,False,False,44,10,4,11,even,False,2026-07-09T07:03:02Z,kinh tế giải thích,28200,10 Tình Huống Phỏng Vấn Kế Toán Thuế  Dễ Gặp,ctBPIc5TyPU,328,13
28,1.42,False,Kế Toán Lê Ánh Official,0,False,0,False,62,0.0122,False,True,False,False,True,False,False,False,79,17,6,0,even,False,2026-07-07T07:31:28Z,kinh tế giải thích,28200,Kế toán doanh nghiệp lưu ý khi nộp tờ khai quý II/2026 và tờ khai tháng 06/2026,J-n10E7lXnk,491,18
28,0.83,False,Kế Toán Lê Ánh Official,0,False,0,False,79,0.0105,False,True,False,False,True,False,False,False,63,14,3,0,even,False,2026-07-07T02:03:53Z,kinh tế giải thích,28200,"Hướng dẫn HKD, CNKD nộp tờ khai thuế Q2 trên trang dịch vụ công",oLpASK_UtXY,287,10
28,2.47,False,Kế Toán Lê Ánh Official,0,False,0,False,51,0.0,False,True,False,False,True,False,False,False,59,13,0,0,odd,False,2026-07-07T01:57:47Z,kinh tế giải thích,28200,"Phụ cấp ăn ca vượt quá 1,2 triệu/tháng sẽ bị tính thuế TNCN",oP17n_V9ri8,852,30
32,1.77,False,Kế Toán Lê Ánh Official,0,False,1085,False,46,0.0082,False,True,False,True,True,False,False,False,61,11,5,11,odd,False,2026-07-03T07:47:23Z,kinh tế giải thích,28200,Hướng Dẫn Mới Nhất Về Thuế TNCN Theo Nghị Định 253/2026/NĐ-CP,hlkzIsNWdNc,613,19
32,0.38,False,Kế Toán Lê Ánh Official,0,False,2358,False,1879,0.0985,False,True,False,True,False,True,False,False,82,20,13,19,,False,2026-07-03T01:58:49Z,kinh tế giải thích,28200,XÁC ĐỊNH ĐIỂM HÒA VỐN TRONG KẾ TOÁN QUẢN TRỊ | Cách tính dễ hiểu kèm ví dụ thực tế,fuvI2xf3jd8,132,4
34,2.78,False,Kế Toán Lê Ánh Official,0,False,921,False,23,0.0042,False,True,False,True,True,False,False,False,31,6,4,11,even,False,2026-07-01T07:15:02Z,kinh tế giải thích,28200,NGHỊ ĐỊNH 1932026 của Chính phủ,gd0vVxKcnvs,959,28
35,0.68,False,Kế Toán Lê Ánh Official,0,False,921,False,25,0.0214,False,True,False,True,False,False,False,False,38,9,5,11,,True,2026-06-30T04:24:45Z,kinh tế giải thích,28200,NHỮNG TÀI KHOẢN KẾ TOÁN DỄ RỦI RO THUẾ,kNcE7VgnY2I,234,7
36,2.15,False,Kế Toán Lê Ánh Official,0,False,0,False,23,0.004,False,True,False,False,False,False,False,False,58,14,3,0,,False,2026-06-29T06:49:29Z,kinh tế giải thích,28200,Các doanh nghiệp lưu ý kỹ về vấn đề hưởng ưu đãi thuế TNDN,fw8agD9h7_c,742,21
36,0.78,False,Kế Toán Lê Ánh Official,0,False,0,False,33,0.0111,False,True,False,False,False,False,False,False,51,12,3,0,,False,2026-06-29T06:33:48Z,kinh tế giải thích,28200,Hệ số K trong hoá đơn điện tử doanh nghiệp cần biết,yERBGTe7cIM,271,8
1,0.33,False,Cỏ Khong Ngu,22,False,2031,False,1189,0.0249,False,True,False,True,True,False,False,False,76,17,76,17,odd,False,2026-08-03T11:45:18Z,bất động sản việt nam,28200,"7 Level Để Trở Thành Cục Trưởng Cục Thuế - Lương Bao Nhiêu, Bao Nhiêu Cám Dỗ",Pmp-_eFKWbc,3936,3936
4,0.92,False,Cỏ Khong Ngu,33,False,2039,False,899,0.0219,False,True,False,True,True,False,False,False,64,14,210,15,odd,False,2026-07-31T11:45:16Z,bất động sản việt nam,28200,7 Level Để Trở Thành Điệp Viên Tình Báo Huyền Thoại Phạm Xuân Ẩn,bMNJFK1zQRY,11079,2770
6,0.38,False,Cỏ Khong Ngu,16,False,2076,False,1037,0.0266,False,True,False,True,False,False,False,False,63,14,107,15,,False,2026-07-29T12:45:32Z,bất động sản việt nam,28200,Tất cả các Chức Vụ trong Doanh Nghiệp Nhà Nước mà Bạn Cần Biết!,3iQl6bjmCNY,4624,771
8,0.36,False,Cỏ Khong Ngu,33,False,2015,False,1096,0.0406,False,False,False,True,False,False,False,True,53,12,145,18,,False,2026-07-27T12:30:28Z,bất động sản việt nam,28200,Hiểu Tường Tận: Giám Định Viên Pháp Y là như thế nào?,Iej6_sOMMZ0,4388,548
11,0.79,False,Cỏ Khong Ngu,21,False,2019,False,1028,0.0176,False,True,False,True,False,False,False,True,49,11,146,14,,False,2026-07-24T11:45:06Z,bất động sản việt nam,28200,Mailisa Đã Làm Giả Nguồn Gốc Mỹ Phẩm Như Thế Nào?,w5otMFYPkRk,9494,863
13,0.63,False,Cỏ Khong Ngu,38,False,2093,False,1209,0.0235,False,True,False,True,False,False,False,False,47,10,140,14,,False,2026-07-22T11:45:16Z,bất động sản việt nam,28200,POV: Bạn Là Điều Dưỡng Viện Tâm Thần Trung Ương,rGakyN3BR1U,7573,583
15,0.61,False,Cỏ Khong Ngu,45,False,2018,False,1020,0.0237,False,True,False,True,True,False,False,False,42,10,130,15,even,False,2026-07-20T11:45:40Z,bất động sản việt nam,28200,6 level đẻ lên làm TỔNG KIỂM TOÁN NHÀ NƯỚC,wWHfxkJ_BRs,7370,491
18,1.46,False,Cỏ Khong Ngu,65,False,1917,False,1647,0.0153,False,True,False,True,False,False,False,True,67,16,205,15,,False,2026-07-17T11:45:27Z,bất động sản việt nam,28200,Giải Mã Ông Phạm Nhật Vượng: Đổ Cả Sự Nghiệp Vào Xe Điện - Có Đáng?,rXezuJx_EjA,17643,980
20,10.06,False,Cỏ Khong Ngu,254,False,1967,False,1508,0.0214,False,True,False,True,False,False,False,False,46,11,2344,16,,False,2026-07-15T11:45:07Z,bất động sản việt nam,28200,POV: Bạn Là Con Đại Gia Gian Lận Điểm Thi THPT,DB_Ka62MNw8,121261,6063
22,0.61,False,Cỏ Khong Ngu,41,False,2094,False,1239,0.0228,False,True,False,True,True,False,False,True,70,18,126,18,odd,False,2026-07-13T11:45:03Z,bất động sản việt nam,28200,"Giải mã FPT: Cựu CEO Bị Bắt, Cổ Phiếu Rơi 45% - Tất Cả Bắt Đầu Từ Đâu?",pv2pla-K2Kg,7322,333
25,0.48,False,Cỏ Khong Ngu,36,False,2050,False,1451,0.0233,False,True,False,True,True,False,False,False,61,14,98,18,odd,False,2026-07-10T11:30:05Z,bất động sản việt nam,28200,9 level leo lên CHỦ TỊCH NVIDIA - Ông Vua Ngành Chip Toàn Cầu,Jt7EzavU7Z0,5758,230
27,2.11,False,Cỏ Khong Ngu,64,False,2032,False,1382,0.0216,False,True,False,True,True,False,False,False,56,13,486,20,odd,False,2026-07-08T11:30:14Z,bất động sản việt nam,28200,7 level để làm DIỄN VIÊN NỔI TIẾNG và góc khuất phía sau,tIMimmmpKtU,25434,942
29,1.0,False,Cỏ Khong Ngu,51,False,1829,False,1222,0.0237,False,True,False,True,True,False,False,False,47,11,234,15,odd,False,2026-07-06T11:30:22Z,bất động sản việt nam,28200,9 level để leo lên ghế Tổng Thanh Tra Chính Phủ,QHNNvRPrc_k,12044,415
32,1.15,False,Cỏ Khong Ngu,98,False,1879,False,1115,0.0282,False,True,False,True,True,False,False,False,43,11,294,15,odd,False,2026-07-03T12:00:25Z,bất động sản việt nam,28200,9 cấp bậc để đến đỉnh cao BỘ ĐỘI BIÊN PHÒNG,kGkFRBXEB_k,13904,434
35,5.9,False,Cỏ Khong Ngu,130,True,1843,False,1455,0.0215,False,True,False,True,True,False,False,False,67,14,1400,19,odd,False,2026-06-30T12:00:36Z,bất động sản việt nam,28200,Tiếp viên KARAOKE: 5 LEVEL không ai nói cho bạn biết trước khi làm!,8Mrr0OBki5M,71145,2033
39,1.51,False,Cỏ Khong Ngu,66,False,1762,False,1176,0.0249,False,True,False,True,True,False,False,False,53,12,386,15,even,False,2026-06-26T12:00:00Z,bất động sản việt nam,28200,8 Level để leo đỉnh Phòng không - Không quân Việt Nam,f9WpmZ3hfxI,18154,465
42,0.66,False,Cỏ Khong Ngu,30,False,1868,False,1313,0.0239,False,True,False,True,True,False,False,True,52,14,161,15,odd,False,2026-06-23T12:00:04Z,bất động sản việt nam,28200,5 level - 4 tầng lừa đảo của HỢP ĐỒNG KỲ NGHỈ là gì?,-oc1ZeOqIqs,7977,190
46,0.65,False,Cỏ Khong Ngu,84,False,1859,False,1272,0.0468,False,True,False,True,False,False,False,True,68,16,282,15,,False,2026-06-19T12:00:25Z,bất động sản việt nam,28200,"Làm thế nào để có những ""Steve Jobs Việt Nam""? và đây là câu trả lời",dTJQGpxvMfo,7825,170
49,3.06,False,Cỏ Khong Ngu,134,False,1752,False,1401,0.0255,False,True,False,True,True,False,False,False,47,11,807,15,odd,False,2026-06-16T12:00:19Z,bất động sản việt nam,28200,7 level để bạn leo lên ghế THỦ TƯỚNG CHÍNH PHỦ!,n8H3rWbDWD8,36852,752
53,0.81,False,Cỏ Khong Ngu,45,False,1746,False,1015,0.0227,False,True,False,True,True,False,False,False,68,16,176,15,even,False,2026-06-12T12:00:26Z,bất động sản việt nam,28200,6 Level để leo lên ghế CHỦ TỊCH FIFA và quyền sinh sát các đội bóng!,AmKxF2O-BF8,9757,184
56,1.55,False,Cỏ Khong Ngu,73,False,1645,False,912,0.0208,False,True,False,True,True,False,False,False,62,14,316,14,odd,False,2026-06-09T12:00:12Z,bất động sản việt nam,28200,5 level để làm THỐNG ĐỐC NGÂN HÀNG   Học Giỏi Thôi Là Chưa Đủ!,dI5yn8rCaQE,18717,334
60,2.64,False,Cỏ Khong Ngu,155,False,1787,False,1247,0.0288,False,True,False,True,True,False,False,False,62,15,764,14,odd,False,2026-06-05T12:00:15Z,bất động sản việt nam,28200,5 level để trở thành ĐÔ ĐỐC HẢI QUÂN và trận hải chiến Gạc Ma!,Salysev4tfU,31884,531
63,4.43,False,Cỏ Khong Ngu,114,False,1898,False,1511,0.0169,False,True,False,True,True,False,False,False,75,17,789,14,even,False,2026-06-02T12:00:37Z,bất động sản việt nam,28200,4 level để làm NHÂN VIÊN NGÂN HÀNG và cách hoạt động thật sự của NGÂN HÀNG!,MtLIj9T1NHQ,53442,848
67,0.98,False,Cỏ Khong Ngu,64,False,1797,False,921,0.0311,False,True,False,True,True,False,False,False,42,11,303,18,odd,False,2026-05-29T12:00:24Z,bất động sản việt nam,28200,7 level để trở thành CA SĨ TOP 1 VIỆT NAM!,bQ54Jn2vrPk,11796,176
70,1.55,False,Cỏ Khong Ngu,102,False,1693,False,1016,0.0275,False,True,False,True,True,False,False,False,56,12,413,17,odd,False,2026-05-26T12:01:02Z,bất động sản việt nam,28200,9 level để làm THUYỀN TRƯỞNG và Góc khuất nghề thủy thủ!,sRtt9vGGjM4,18702,267
71,0.15,False,Cỏ Khong Ngu,4,False,1471,False,50,0.016,False,True,False,True,False,False,False,False,43,10,25,0,,False,2026-05-25T10:46:14Z,bất động sản việt nam,28200,TOP SALE BẤT ĐỘNG SẢN và góc khuất đen tối!,PhioAdIChcc,1815,26
74,1.0,False,Cỏ Khong Ngu,58,False,1774,False,940,0.0311,False,True,False,True,True,False,False,False,59,15,317,17,odd,False,2026-05-22T11:45:06Z,bất động sản việt nam,28200,7 level để làm LÍNH CỨU HỎA và cách xử lý khi gặp hỏa hoạn!,q8cIGJvqNNU,12068,163
77,2.96,False,Cỏ Khong Ngu,125,False,1727,False,963,0.0245,False,True,False,True,True,False,False,True,68,17,750,16,even,False,2026-05-19T11:45:01Z,bất động sản việt nam,28200,VIỆN KIỂM SÁT là làm gì? -  6 level để leo lên Viện Kiểm Sát Tối Cao,R5cI1tniCFE,35695,464
81,8.93,True,Cỏ Khong Ngu,238,False,1832,False,1448,0.0217,False,True,False,True,True,False,False,False,58,14,2099,17,odd,False,2026-05-15T11:45:06Z,bất động sản việt nam,28200,5 level để làm TOP SALE BẤT ĐỘNG SẢN và góc khuất đen tối!,T5N7RFkMxLc,107704,1330
84,2.82,True,Cỏ Khong Ngu,121,True,1866,False,1330,0.0249,False,True,False,True,True,False,False,False,71,17,724,16,even,False,2026-05-12T12:00:42Z,bất động sản việt nam,28200,6 level leo lên ghế CHỦ TỊCH TẬP ĐOÀN XÂY DỰNG và bí mật ít người biết!,Qljsgg47vqM,33951,404
4,1.11,False,Giá Vàng Việt Nam,5,False,1294,False,88,0.0264,False,True,False,True,False,False,True,True,91,14,86,17,,False,2026-07-31T10:30:29Z,giá vàng phân tích,27300,Q&A: Có nên mua vàng tư nhân hay không? #giavangvietnam #phanhieuky #vangtunhan #vang #gold,Wr0CkmrhaBY,3451,863
4,0.98,False,Giá Vàng Việt Nam,1,False,1294,False,100,0.0316,False,False,False,True,False,False,False,True,97,16,96,20,,True,2026-07-31T05:05:59Z,giá vàng phân tích,27300,Rủi ro thanh khoản giữa vàng thương hiệu và vàng tư nhân? #giavangvietnam #phanhieuky #vang #gold,XoPp9GLqOG4,3069,767
5,0.99,False,Giá Vàng Việt Nam,4,False,1294,False,73,0.0312,False,True,False,True,False,False,False,True,78,12,92,16,,False,2026-07-30T10:30:26Z,giá vàng phân tích,27300,Đồng đô đang mạnh lên cần làm gì? #giavangvietnam #phanhieuky #dxy #cashisking,Uc9l6FRm6kI,3078,616
5,1.02,False,Giá Vàng Việt Nam,1,False,1294,False,61,0.0349,False,False,False,True,True,False,False,False,96,13,110,18,even,False,2026-07-30T06:23:44Z,giá vàng phân tích,27300,Tham khảo nhận định bạc trong Membership 28/7 #giavangvietnam #phanhieuky #bac #dautubac #silver,Fc9FIwDMeLA,3181,636
6,1.15,False,Giá Vàng Việt Nam,7,False,1294,False,103,0.0437,False,False,False,True,False,False,False,False,95,14,150,21,,True,2026-07-29T10:30:22Z,giá vàng phân tích,27300,Rủi ro thanh Khoản là cái bạn cần cẩn trọng. #giavangvietnam #phanhieuky #ruirothanhkhoan #vang,L-eCkpgcZZ4,3595,599
6,1.45,False,Giá Vàng Việt Nam,5,False,1294,False,91,0.0304,False,False,False,True,False,False,False,False,83,12,132,20,,False,2026-07-29T05:20:50Z,giá vàng phân tích,27300,Vùng cảm xúc của vàng hiện tại. #giavangvietnam #phanhieuky #vang #gold #muabanvang,FGWifM1Wbw4,4513,752
8,0.66,False,Giá Vàng Việt Nam,8,False,1361,False,544,0.0729,False,False,False,True,False,False,False,True,36,8,142,21,,False,2026-07-27T11:06:27Z,giá vàng phân tích,27300,Định giá vàng và chiến lược mua bán?,nNi8WnpQNYM,2057,257
8,1.01,False,Giá Vàng Việt Nam,5,False,1294,False,106,0.0345,False,False,False,True,True,False,False,False,94,15,104,17,even,False,2026-07-27T05:00:34Z,giá vàng phân tích,27300,4 Yếu tố quan trọng trong công thức mua vàng. #giavangvietnam #phanhieuky #muavang #vang #gold,X-DQuGv6NLk,3163,395
9,1.14,True,Giá Vàng Việt Nam,25,False,1374,False,680,0.0786,False,True,False,True,False,False,False,True,31,8,254,19,,False,2026-07-26T11:25:08Z,giá vàng phân tích,27300,Giờ có phải là lúc để mua vàng?,SA47Jd97PoI,3550,394
9,2.83,False,Giá Vàng Việt Nam,8,False,1294,False,89,0.0258,False,False,False,True,False,False,False,True,88,13,220,17,,False,2026-07-26T05:04:24Z,giá vàng phân tích,27300,Bối cảnh bây giờ của vàng trong nước? #giavangvietnam #phanhieuky #dautuvang #vang #gold,WHsOkspRpBM,8834,982
10,3.75,False,Giá Vàng Việt Nam,20,False,1294,False,128,0.0259,False,False,False,True,True,False,False,False,97,13,283,14,odd,False,2026-07-25T07:00:32Z,giá vàng phân tích,27300,25/7 Công Thức Mua Vàng Sắp Tới  #giavangvietnam #phanhieuky #vàng #vang #giavang #giavangthegioi,LF8CvKfdDVU,11711,1171
10,2.25,False,Giá Vàng Việt Nam,82,False,167,False,4236,0.0756,False,False,False,False,True,False,False,False,51,9,449,0,odd,False,2026-07-25T06:33:53Z,giá vàng phân tích,27300,Buổi Live (25/7/2026): Vùng mua vàng và thanh khoản,LrGl3MvK3hE,7028,703
10,0.57,False,Giá Vàng Việt Nam,0,False,1294,False,96,0.0374,False,False,False,True,True,False,False,False,97,16,67,17,even,False,2026-07-25T05:00:27Z,giá vàng phân tích,27300,Tham khảo chiến lược cho những ai đu đỉnh bạc từ membership 22/7 #giavangvietnam #phanhieuky #bac,qNxElINJCWU,1790,179
11,1.29,False,Giá Vàng Việt Nam,20,False,1365,False,769,0.0833,False,False,False,True,False,False,False,True,41,11,316,17,,False,2026-07-24T13:35:46Z,giá vàng phân tích,27300,Giá vàng sẽ đi về đâu - Khi nào mua được?,06I7rvIPBfc,4036,367
11,0.96,False,Giá Vàng Việt Nam,4,False,1294,False,103,0.0455,False,False,False,True,False,False,False,False,92,15,132,15,,False,2026-07-24T05:18:38Z,giá vàng phân tích,27300,Nhận định điểm uốn của dầu và ảnh hưởng từ dầu #giavangvietnam #phanhieuky #dau #nhandinhdau,26VpmUIrYL0,2992,272
12,0.35,False,Giá Vàng Việt Nam,3,False,1353,False,392,0.0769,False,False,False,True,False,False,False,True,51,14,81,16,,False,2026-07-23T11:25:48Z,giá vàng phân tích,27300,Các cách đầu tư hiện tại - Gu đầu tư của bạn là gì?,3lH3qXUTPBQ,1093,91
12,0.9,False,Giá Vàng Việt Nam,2,False,1294,False,106,0.0415,False,False,False,True,True,False,False,False,98,16,114,20,odd,False,2026-07-23T05:30:42Z,giá vàng phân tích,27300,Nhận định bạc & dầu thời gian sắp tới trong Memberships 21/7 #giavangvietnam #phanhieuky #bac #dau,6lxg4I7Chco,2793,233
13,0.66,False,Giá Vàng Việt Nam,4,False,1294,False,87,0.0392,False,False,False,True,True,False,False,False,96,14,77,17,even,False,2026-07-22T10:00:36Z,giá vàng phân tích,27300,Tham khảo nhận định US10Y - Dầu trong Membership #giavangvietnam #phanhieuky #us10y #dau #crypto,gad-SzXcDrU,2064,159
13,1.25,False,Giá Vàng Việt Nam,6,False,1294,False,81,0.0375,False,True,False,True,False,False,False,True,80,14,140,16,,False,2026-07-22T05:40:34Z,giá vàng phân tích,27300,Nhận định về DXY - Xu hướng thị trường sắp tới? #giavangvietnam #phanhieuky #dxy,-vkU_qYui8E,3891,299
14,0.52,False,Giá Vàng Việt Nam,6,False,1361,False,705,0.0732,False,False,False,True,False,False,False,False,30,7,112,15,,False,2026-07-21T13:08:05Z,giá vàng phân tích,27300,Các Loại Tài Sản Bạn Cần Biết.,Z_rO-1MQX_I,1611,115
14,0.81,False,Giá Vàng Việt Nam,3,False,1294,False,145,0.0457,False,False,False,True,False,False,False,False,99,18,112,17,,False,2026-07-21T07:38:57Z,giá vàng phân tích,27300,"Hiểu rõ về đầu tư - Phân biệt đầu tư, đầu cơ và trading #giavangvietnam #phanhieuky #dautu #trading",oWvbdo_X8ug,2516,180
15,1.1,False,Giá Vàng Việt Nam,5,False,1294,False,118,0.0438,False,False,False,True,False,False,False,False,95,14,146,16,,True,2026-07-20T10:09:23Z,giá vàng phân tích,27300,Chu kỳ giá - Cách nhà cái phân phối đỉnh #giavangvietnam #phanhieuky #chukygia #phantichkythuat,VnvLLyIgS3g,3447,230
15,0.87,False,Giá Vàng Việt Nam,4,False,1294,False,87,0.0393,False,False,False,True,True,False,False,False,93,13,102,16,odd,True,2026-07-20T05:10:15Z,giá vàng phân tích,27300,Cách xác định đỉnh đáy của Vàng (P1) #giavangvietnam #phanhieuky #phantichkythuat #vang #gold,FHIbRLAHNic,2700,180
16,0.88,False,Giá Vàng Việt Nam,2,False,1294,False,85,0.0397,False,True,False,True,False,False,False,False,90,12,107,18,,True,2026-07-19T10:30:20Z,giá vàng phân tích,27300,Cách để săn big short trong vàng. #giavangvietnam #phanhieuky #phantichkythuat #vang #gold,zyNnV3ET4z8,2746,172
16,1.33,False,Giá Vàng Việt Nam,3,False,1294,False,114,0.0349,False,False,False,True,False,False,False,True,99,15,142,22,,False,2026-07-19T05:00:30Z,giá vàng phân tích,27300,Khi nào nên mua vàng vật chất và vàng số? #giavangvietnam #phanhienky #dautuvang #vangvatchat #paxg,M9PfPvuloc0,4153,260
17,0.89,False,Giá Vàng Việt Nam,3,False,1294,False,68,0.0401,False,False,False,True,True,False,False,False,99,15,108,18,odd,False,2026-07-18T10:22:42Z,giá vàng phân tích,27300,Tham khảo chiến lược đi đứng với bạc trong Membership 15/7 #giavangvietnam #phanhieuky #bac #silver,qmuBLlN3EGE,2766,163
17,1.83,False,Giá Vàng Việt Nam,4,False,1294,False,61,0.0327,False,False,False,True,False,False,False,False,96,15,183,16,,False,2026-07-18T05:00:09Z,giá vàng phân tích,27300,Tham khảo chiến lược đầu tư cho vàng vật chất trong Membership #giavangvietnam #phanhieuky #vang,OG6PJHPDkCc,5710,336
18,1.05,False,Giá Vàng Việt Nam,6,False,1294,False,120,0.0468,False,False,False,True,True,False,False,False,97,16,148,17,even,False,2026-07-17T06:23:03Z,giá vàng phân tích,27300,Hướng dẫn sử dụng vùng hỗ trợ kháng cự trong trade vàng (P2) #giavangvietnam #phanhieuky #trading,Ncm1BQTs8GM,3290,183
19,0.7,False,Giá Vàng Việt Nam,3,False,1294,False,107,0.0415,False,False,False,True,False,False,False,False,98,16,88,16,,False,2026-07-16T10:30:28Z,giá vàng phân tích,27300,Hướng dẫn sử dụng vùng hỗ trợ kháng cự trong trade vàng #giavangvietnam #phanhieuky #vang #trading,aUMf8EQ4foM,2192,115
19,0.63,False,Giá Vàng Việt Nam,2,False,1294,False,74,0.0315,False,True,False,True,False,False,False,True,97,15,60,20,,False,2026-07-16T05:02:46Z,giá vàng phân tích,27300,Mua vàng số PAXG ở đâu - Vùng mua PAXG? #giavangvietnam #phanhieuky #paxg #dautuvang #tradingvang,-X8lTL-rvLU,1968,104
219,2.71,False,RSH MindTree,2,False,698,False,13,0.0088,False,False,False,False,False,False,False,False,89,11,33,16,,False,2025-12-28T12:56:19Z,psychology facts,27000,Psychology Fact About Couples In Love #psycholgyfacts #facts #shorts #trending #subscribe,iATU3CjjoqM,3955,18
221,2.38,False,RSH MindTree,4,False,766,False,13,0.0046,False,False,False,False,False,False,False,False,80,9,12,15,,False,2025-12-26T12:44:58Z,psychology facts,27000,Psychology Fact About Girls #psychologyfacts #facts #shorts #trending #subscribe,CGKr-jZXtpE,3478,16
223,1.83,False,RSH MindTree,1,False,642,False,11,0.0067,False,False,False,False,False,False,False,False,78,9,17,15,,False,2025-12-24T13:12:32Z,psychology facts,27000,Psychology Fact About Men #psychologyfacts #shorts #trending #facts #subscribe,czYQbOSvdJ4,2674,12
337,2.82,False,RSH MindTree,1,False,663,False,13,0.0061,False,False,False,False,False,False,False,False,78,9,24,15,,False,2025-09-01T01:38:31Z,psychology facts,27000,Psychology Fact About Men #psychologyfacts #facts #shorts #trending #subscribe,r1ZlYIjmH4c,4123,12
348,2.4,False,RSH MindTree,2,False,714,False,13,0.0063,False,False,False,False,False,False,False,False,79,9,20,15,,False,2025-08-21T01:42:55Z,psychology facts,27000,Psychology Fact About Girls #psycholgyfacts #facts #shorts #subscribe #trending,J3qXWbkxCvo,3509,10
384,2.58,False,RSH MindTree,4,False,748,False,13,0.0048,False,False,False,False,False,False,False,False,79,9,14,15,,False,2025-07-16T01:57:26Z,psychology facts,27000,Psychology Fact About Girls #psycholgyfacts #facts #shorts #trending #subscribe,OSqXNxPp_xI,3766,10
407,2.48,False,RSH MindTree,2,False,915,False,13,0.005,False,False,False,False,False,False,False,False,79,9,16,15,,False,2025-06-23T01:34:00Z,psychology facts,27000,Psychology Fact About Women #psycholgyfacts #facts #shorts #trending #subscribe,NL-baaPh810,3626,9
438,2.79,False,RSH MindTree,1,False,668,False,11,0.0049,False,False,False,False,False,False,False,False,78,9,19,15,,False,2025-05-23T01:26:49Z,psychology facts,27000,Psychology Fact About Men #psychologyfacts #facts #shorts #trending #subscribe,8ihoBOHytUc,4080,9
444,1.14,False,RSH MindTree,1,False,635,False,13,0.0084,False,False,False,False,False,False,False,False,79,9,13,15,,False,2025-05-17T01:28:21Z,psychology facts,27000,Psychology Fact About Women #psychlogyfacts #facts #shorts #trending #subscribe,7mvnUgusewM,1668,4
446,2.15,False,RSH MindTree,2,False,654,False,13,0.0054,False,False,False,False,False,False,False,False,74,9,15,15,,False,2025-05-15T01:46:10Z,psychology facts,27000,Psychology Fact About Men #psycholgyfacts #shorts #facts #trending #shorts,6weKfAw9llU,3133,7
448,2.35,False,RSH MindTree,1,False,796,False,13,0.0064,False,False,False,False,False,False,False,False,79,9,21,15,,False,2025-05-13T01:33:10Z,psychology facts,27000,Psychology Fact About Girls #psycholgyfacts #shorts #facts #trending #subscribe,ugscRXCovQA,3431,8
473,1.85,False,RSH MindTree,1,False,729,False,11,0.0048,False,False,False,False,False,False,False,False,77,9,12,17,,False,2025-04-18T01:40:34Z,psychology facts,27000,Psychology Fact About Men #psycholgyfacts #facts #shorts #trending #subscribe,eERvMjzwofo,2699,6
530,1.55,False,RSH MindTree,5,False,627,False,13,0.0155,False,False,False,False,False,False,False,False,80,9,30,16,,False,2025-02-20T04:08:24Z,psychology facts,27000,Psychology Fact About Girls #psychologyfacts #facts #shorts #trending #subscribe,TRdGZ0dbqkQ,2258,4
535,1.11,False,RSH MindTree,1,False,663,False,12,0.0117,False,False,False,False,False,False,False,False,62,7,18,20,,False,2025-02-15T02:34:00Z,psychology facts,27000,Deep Psychology Fact #psychologyfacts #facts #shorts #trending,q4_bcxm6UM4,1619,3
539,0.8,False,RSH MindTree,1,False,751,False,11,0.0145,False,False,False,False,False,False,False,False,93,10,16,18,,False,2025-02-11T01:52:46Z,psychology facts,27000,Deep Psychology Fact About Relationships #psychologyfacts #facts #shorts #trending #subscribe,T7IODZVhp54,1173,2
544,0.56,False,RSH MindTree,1,False,815,False,13,0.0147,False,False,False,False,False,False,False,False,73,8,11,16,,False,2025-02-06T01:48:44Z,psychology facts,27000,Deep Psychology Fact #psychologyfacts #facts #shorts #trending #subscribe,wjdo-YNorUs,818,2
550,1.11,False,RSH MindTree,2,False,726,False,13,0.016,False,False,False,False,False,False,False,False,78,9,24,16,,False,2025-01-31T01:42:03Z,psychology facts,27000,Psychology Fact About Men #psychologyfacts #facts #shorts #trending #subscribe,2JS0tM0AKNQ,1625,3
556,0.89,False,RSH MindTree,2,False,839,False,12,0.0146,False,False,False,False,False,False,False,False,80,9,17,17,,False,2025-01-25T02:45:28Z,psychology facts,27000,Psychology Fact About Girls #psychologyfacts #facts #shorts #trending #subscribe,6PozhTLvh04,1302,2
561,0.67,False,RSH MindTree,1,False,642,False,13,0.0234,False,False,False,False,False,False,False,False,80,9,22,16,,False,2025-01-20T01:46:59Z,psychology facts,27000,Psychology Fact About Girls #psychologyfacts #facts #shorts #trending #subscribe,16IXdtJdNBI,985,2
563,0.85,False,RSH MindTree,2,False,724,False,13,0.0161,False,False,False,False,False,False,False,False,78,9,18,16,,False,2025-01-18T03:08:13Z,psychology facts,27000,Psychology Fact about Men #psychologyfacts #facts #shorts #trending #subscribe,DHh2w52D8Ak,1243,2
565,0.86,False,RSH MindTree,2,False,763,False,13,0.0167,False,False,False,False,False,False,False,False,84,10,19,19,,False,2025-01-16T01:58:22Z,psychology facts,27000,Deep Psychology Fact About Love #psychologyfacts #facts #shorts #trending #subscribe,lskxUlTb8z0,1259,2
568,0.72,False,RSH MindTree,2,False,806,False,13,0.0191,False,False,False,False,False,False,False,False,78,9,18,17,,False,2025-01-13T01:54:42Z,psychology facts,27000,Psychology Fact About Men #psychologyfacts #facts #shorts #trending #subscribe,Q3kfONfuy7I,1048,2
570,0.6,False,RSH MindTree,2,False,786,False,13,0.0182,False,False,False,False,False,False,False,False,84,10,14,20,,False,2025-01-11T01:46:17Z,psychology facts,27000,Deep Psychology Fact About Love #psychologyfacts #facts #shorts #trending #subscribe,a855TXSgJzw,881,2
573,0.68,False,RSH MindTree,5,False,679,False,13,0.03,False,False,False,False,False,False,False,False,80,9,25,15,,False,2025-01-08T04:15:13Z,psychology facts,27000,Psychology Fact About Girls #psychologyfacts #facts #shorts #trending #subscribe,fdLvHGAngyY,999,2
575,0.68,False,RSH MindTree,2,False,722,False,13,0.0091,False,False,False,False,False,False,False,False,78,9,7,17,,False,2025-01-06T02:57:39Z,psychology facts,27000,Psychology Fact About Men #psychologyfacts #facts #shorts #trending #subscribe,7ChM20z9y7A,992,2
577,0.61,False,RSH MindTree,3,False,707,False,11,0.0271,False,False,False,False,False,False,False,False,73,8,21,18,,False,2025-01-04T02:54:09Z,psychology facts,27000,Deep Psychology Fact #psychologyfacts #facts #shorts #trending #subscribe,nZnYOUMzMwE,886,2
578,0.55,False,RSH MindTree,4,False,595,False,13,0.02,False,False,False,False,False,False,False,False,80,9,12,16,,False,2025-01-03T03:09:09Z,psychology facts,27000,Psychology Fact About Girls #psychologyfacts #facts #shorts #trending #subscribe,igST9vVsDek,800,1
579,0.57,False,RSH MindTree,1,False,703,False,11,0.0109,False,False,False,False,False,False,False,False,78,9,8,19,,False,2025-01-02T03:08:00Z,psychology facts,27000,Psychology Fact About Men #psychologyfacts #facts #shorts #trending #subscribe,BJZAz1S1L7w,828,1
585,0.54,False,RSH MindTree,1,False,654,False,13,0.0128,False,False,False,False,False,False,False,False,73,8,9,21,,False,2024-12-27T01:51:47Z,psychology facts,27000,Deep Psychology Fact #psychologyfacts #facts #shorts #trending #subscribe,_yXiWI5GUxo,784,1
595,0.2,False,RSH MindTree,1,False,643,False,96,0.0102,False,True,True,False,False,True,False,True,62,11,2,14,,False,2024-12-16T18:24:58Z,psychology facts,27000,WHY DO MEN FALL IN LOVE FASTER😱 | Human Facts #psychologyfacts,YnKkxRRryzM,293,0
230,0.79,False,Chứng Khoán Số Official,2,False,1262,False,38,0.0163,False,True,False,True,False,True,False,False,68,13,33,21,,False,2025-12-17T01:04:20Z,quản lý tiền,26200,"KHÔNG BÌNH TĨNH, đừng đầu tư TIỀN! | Chứng Khoán Số Official #shorts",7bIImO2DrSg,2150,9
257,1.18,False,Chứng Khoán Số Official,0,False,1316,False,36,0.0151,False,True,False,True,False,True,False,False,82,15,48,21,,False,2025-11-20T07:17:13Z,quản lý tiền,26200,Cách Buffett định giá doanh nghiệp bằng ‘hộp kẹo | Chứng Khoán Số Official #shorts,kaK7JkkA6ho,3186,12
258,0.75,False,Chứng Khoán Số Official,0,False,1318,False,50,0.029,False,True,False,True,True,True,False,False,90,18,59,21,odd,False,2025-11-19T14:06:01Z,quản lý tiền,26200,3 bài học Buffett dành cho người Việt đầu tư chứng khoán | Chứng Khoán Số Official #shorts,7bgx-IcJLEY,2032,8
258,0.53,False,Chứng Khoán Số Official,1,False,1332,False,52,0.0188,False,True,False,True,False,True,False,False,65,12,26,19,,False,2025-11-19T12:04:00Z,quản lý tiền,26200,Học Buffett nhưng đừng SAO CHÉP | Chứng Khoán Số Official #shorts,2qgiwy_4pso,1434,6
258,0.69,False,Chứng Khoán Số Official,0,False,1344,False,39,0.0154,False,True,False,True,False,True,False,False,73,15,29,19,,False,2025-11-19T10:03:19Z,quản lý tiền,26200,Người thành công HỌC – Kẻ thất bại THAN | Chứng Khoán Số Official #shorts,V9faX7-zN2I,1883,7
258,1.59,False,Chứng Khoán Số Official,1,False,1375,False,50,0.0144,False,True,False,True,False,True,False,True,75,15,61,20,,True,2025-11-19T04:11:34Z,quản lý tiền,26200,Lần Buffett thua lỗ nặng nhất là khi nào? | Chứng Khoán Số Official #shorts,bsHx7A9s2ZE,4299,17
259,1.74,False,Chứng Khoán Số Official,0,False,1385,False,47,0.0205,False,True,False,True,False,True,False,False,75,15,97,20,,False,2025-11-18T14:18:49Z,quản lý tiền,26200,Kỷ luật giữ tiền quan trọng hơn lợi nhuận | Chứng Khoán Số Official #shorts,7UZ5rFGMDus,4727,18
259,0.7,False,Chứng Khoán Số Official,0,False,1364,False,52,0.0205,False,True,False,True,True,True,False,True,81,16,39,19,even,False,2025-11-18T12:01:41Z,quản lý tiền,26200,Vì sao Buffett đọc sách 80% thời gian mỗi ngày? | Chứng Khoán Số Official #shorts,gzwQq9HZ9XA,1900,7
259,0.35,False,Chứng Khoán Số Official,2,False,1407,False,55,0.0139,False,True,False,True,True,True,False,True,84,18,11,21,odd,True,2025-11-18T07:04:05Z,quản lý tiền,26200,Tại sao 95% người thua vì nghĩ ĐẦU TƯ là ĐÁNH BẠC? | Chứng Khoán Số Official #shorts,Gy7-Yh786vM,938,4
259,2.39,False,Chứng Khoán Số Official,1,False,1351,False,44,0.0241,False,True,False,True,False,True,False,False,70,14,155,20,,False,2025-11-17T23:01:07Z,quản lý tiền,26200,Đàn ông THÀNH CÔNG đều sống RẤT CHẬM | Chứng Khoán Số Official #shorts,oNJ5HLarWTk,6473,25
260,0.95,False,Chứng Khoán Số Official,2,False,1409,False,44,0.0176,False,True,False,True,False,True,False,False,60,12,43,20,,True,2025-11-17T14:13:30Z,quản lý tiền,26200,Càng NGHÈO càng HAM RỦI RO | Chứng Khoán Số Official #shorts,KPuktd1zh74,2564,10
260,0.27,False,Chứng Khoán Số Official,1,False,1397,False,50,0.011,False,True,False,True,False,True,False,False,55,11,7,20,,True,2025-11-17T12:25:38Z,quản lý tiền,26200,NGHÈO là một lựa chọn | Chứng Khoán Số Official #shorts,o3uG8Qgp_f0,729,3
260,2.66,False,Chứng Khoán Số Official,1,True,1378,False,58,0.0132,False,True,False,True,True,True,False,True,88,17,94,19,even,False,2025-11-17T10:11:45Z,quản lý tiền,26200,Vì sao Buffett mua Coca-Cola mà không bán suốt 30 năm? | Chứng Khoán Số Official #shorts,iHn0ijBxSJs,7203,28
260,0.84,False,Chứng Khoán Số Official,0,False,1365,False,46,0.0269,False,True,False,True,False,True,False,False,88,17,61,20,,False,2025-11-17T08:12:04Z,quản lý tiền,26200,"Với mình phải NGHIÊM MINH, với chúng sinh phải NHÂN ÁI | Chứng Khoán Số Official #shorts",Vc_FkQ1vY_w,2270,9
261,1.11,False,Chứng Khoán Số Official,0,False,1420,False,55,0.0303,False,True,False,True,True,True,False,False,77,16,91,19,odd,False,2025-11-15T23:00:24Z,quản lý tiền,26200,5 dấu hiệu doanh nghiệp đáng đầu tư dài hạn | Chứng Khoán Số Official #shorts,B4NZNxu7HF8,3002,12
262,0.93,False,Chứng Khoán Số Official,0,False,1369,False,47,0.0143,False,True,False,True,True,True,False,False,77,16,36,21,odd,False,2025-11-15T14:46:53Z,quản lý tiền,26200,5 năng lực cốt lõi của ĐÀN ÔNG LÀM ĐƯỢC VIỆC| Chứng Khoán Số Official #shorts,qF1SMO8sa-k,2510,10
262,3.78,False,Chứng Khoán Số Official,1,False,1385,False,40,0.0164,True,True,False,True,False,True,False,False,55,11,167,20,,True,2025-11-15T12:28:55Z,quản lý tiền,26200,Càng GIÀU càng SỢ MẤT | Chứng Khoán Số Official #shorts,YROTUaHAJAo,10245,39
262,1.23,False,Chứng Khoán Số Official,0,False,1461,False,46,0.0192,False,True,False,True,False,True,False,False,100,18,64,20,,False,2025-11-15T09:10:09Z,quản lý tiền,26200,Tư duy ngược dòng giúp Buffett kiếm tỷ USD khi người khác hoảng loạn| Chứng Khoán Số Official#shorts,9HM2h-ZFZVk,3328,13
262,0.59,False,Chứng Khoán Số Official,0,False,1345,False,44,0.0144,False,True,False,True,False,True,False,False,56,11,23,20,,False,2025-11-15T03:21:11Z,quản lý tiền,26200,Cách sửa tính NÓNG VỘI | Chứng Khoán Số Official #shorts,JH7Dg9TvXH4,1599,6
262,2.73,False,Chứng Khoán Số Official,1,False,1387,False,41,0.0152,False,True,False,True,True,True,False,False,81,16,112,20,odd,False,2025-11-14T23:00:34Z,quản lý tiền,26200,3 nguyên tắc đầu tư đầu tiên của Warren Buffett | Chứng Khoán Số Official #shorts,Natkjo-kGps,7410,28
263,1.26,False,Chứng Khoán Số Official,2,False,988,False,57,0.03,False,True,False,True,True,True,False,False,66,14,101,21,even,False,2025-11-14T12:20:05Z,quản lý tiền,26200,8 loại người ĐỘC HẠI nên LOẠI BỎ | Chứng Khoán Số Official #shorts,wy9DnTPyVYE,3428,13
263,0.96,False,Chứng Khoán Số Official,0,False,1272,False,30,0.0207,False,True,False,True,False,True,False,False,77,13,54,22,,False,2025-11-14T08:49:07Z,quản lý tiền,26200,Warren Buffett: “Đừng cố đánh bại thị trường| Chứng Khoán Số Official #shorts,2ki7aJDae6U,2604,10
263,1.04,False,Chứng Khoán Số Official,0,False,1249,False,26,0.017,False,True,False,True,False,True,False,False,80,16,48,20,,False,2025-11-14T03:37:48Z,quản lý tiền,26200,Không có gan thử thách đừng mơ mộng thành công | Chứng Khoán Số Official #shorts,4i3OwgBgkDQ,2818,11
264,0.87,False,Chứng Khoán Số Official,1,False,1304,False,55,0.0191,False,True,False,True,False,True,False,False,81,15,44,23,,False,2025-11-13T14:31:10Z,quản lý tiền,26200,"Warren Buffett: Mua công ty, không mua cổ phiếu | Chứng Khoán Số Official #shorts",eIf247ELaI4,2356,9
264,1.28,False,Chứng Khoán Số Official,0,False,1284,False,48,0.0165,False,True,False,True,False,True,False,False,95,19,57,23,,False,2025-11-13T12:02:24Z,quản lý tiền,26200,"Tài năng giúp bạn nổi bật, nhưng cách sống giúp bạn đứng vững | Chứng Khoán Số Official #shorts",8zN3lxcCo_I,3460,13
264,0.71,False,Chứng Khoán Số Official,0,False,1298,False,49,0.0286,False,True,False,True,False,True,False,False,92,17,55,22,,False,2025-11-13T10:04:18Z,quản lý tiền,26200,Warren Buffett nói: Thời gian là bạn của doanh nghiệp tốt” | Chứng Khoán Số Official #shorts,Q40LmNyyvVA,1926,7
264,2.53,False,Chứng Khoán Số Official,1,False,1262,False,49,0.0206,False,True,False,True,True,True,False,False,94,20,140,21,odd,False,2025-11-12T23:00:01Z,quản lý tiền,26200,Đàn ông THÔNG MINH thật sự không bao giờ giữ 5 thói quen này | Chứng Khoán Số Official #shorts,-Vmszuflejk,6857,26
266,1.6,False,Chứng Khoán Số Official,0,False,1301,False,50,0.0113,False,True,False,True,True,True,False,False,76,17,49,22,odd,True,2025-11-11T12:48:15Z,quản lý tiền,26200,5 sai lầm phổ biến khi ĐẦU TƯ BẤT ĐỘNG SẢN | Chứng Khoán Số Official #shorts,mKSLZzNrvxU,4342,16
266,0.74,False,Chứng Khoán Số Official,1,False,1299,False,56,0.027,False,True,False,True,True,True,False,False,80,16,53,21,odd,False,2025-11-11T09:34:07Z,quản lý tiền,26200,3 góc nhìn QUAN TRỌNG trong ĐẦU TƯ CHỨNG KHOÁN | Chứng Khoán Số Official #shorts,p8g-UO7Rtcc,1999,8
266,1.04,False,Chứng Khoán Số Official,0,False,1313,False,54,0.017,False,True,False,True,True,True,False,False,74,16,48,22,odd,True,2025-11-11T07:04:31Z,quản lý tiền,26200,5 sai lầm phổ biến khi TÍCH SẢN CỔ PHIẾU | Chứng Khoán Số Official #shorts,nHbKcML_dm8,2825,11
54,3.31,False,HỌC TỪ CỔ NHÂN,1,True,900,False,841,0.0127,True,True,False,True,False,True,False,False,74,19,34,13,,False,2026-06-11T12:00:04Z,động lực thành công,26000,"Kẻ Khôn Giả Bận, Kẻ Dại Giả Giàu: Bí Mật Để Được Nể Phục  | HỌC TỪ CỔ NHÂN",ht-Jcj0fu6k,2765,51
60,1.03,False,HỌC TỪ CỔ NHÂN,1,False,865,False,1146,0.0245,False,True,False,True,False,True,False,False,62,16,20,15,,False,2026-06-05T12:00:35Z,động lực thành công,26000,Học Cách Im Lặng Của Cổ Nhân Để Giữ Phúc Báo  | HỌC TỪ CỔ NHÂN,Kk6bruhPV5I,857,14
62,0.65,False,HỌC TỪ CỔ NHÂN,0,False,895,False,770,0.0166,False,True,False,True,False,False,False,False,49,12,9,14,,False,2026-06-03T12:00:24Z,động lực thành công,26000,Càng Khó Khăn Càng Phải Kiên Trì - Học Từ Cổ Nhân,-eVjUOmC4Is,542,9
67,0.74,False,HỌC TỪ CỔ NHÂN,0,False,944,False,1823,0.0129,False,True,False,True,False,True,False,False,56,14,8,15,,False,2026-05-29T12:00:30Z,động lực thành công,26000,Trí Tuệ Cổ Nhân: Càng Mạnh Càng Im Lặng | HỌC TỪ CỔ NHÂN,pVGQtpodptM,620,9
71,0.42,False,HỌC TỪ CỔ NHÂN,2,False,923,False,1833,0.043,False,True,False,True,False,True,False,False,59,14,13,15,,False,2026-05-25T12:00:14Z,động lực thành công,26000,Đừng Dại Đụng Vào Người Được Trời GIỮ PHÚC | HỌC TỪ CỔ NHÂN,DvR_gpxpPLw,349,5
77,0.34,False,HỌC TỪ CỔ NHÂN,0,False,902,False,1776,0.0246,False,True,False,True,False,True,False,False,63,15,7,13,,False,2026-05-19T11:45:04Z,động lực thành công,26000,Đời Người Khổ Nhất Là Sống Cuộc Đời Người Khác | HỌC TỪ CỔ NHÂN,IvMImQea-pQ,285,4
82,0.46,False,HỌC TỪ CỔ NHÂN,0,False,971,False,2109,0.0262,False,True,False,True,False,True,True,False,80,18,10,13,,False,2026-05-14T10:30:05Z,động lực thành công,26000,Hãy Nhớ Điều Này: Người Hay Lo Cho Người Khác Thường Thiệt Nhất | HỌC TỪ CỔ NHÂN,CWNxi8CBwNI,381,5
114,2.39,False,HỌC TỪ CỔ NHÂN,3,False,908,False,1895,0.0135,False,True,False,True,False,True,False,False,78,20,24,13,,False,2026-04-12T11:30:49Z,động lực thành công,26000,Tôi Từng Thất Bại… Và Một Câu Nói Của Cổ Nhân Đã Thay Đổi Tôi | HỌC TỪ CỔ NHÂN,qTNdPaiNa1Y,1995,18
118,1.69,False,HỌC TỪ CỔ NHÂN,0,False,903,False,1302,0.0156,False,True,False,True,False,True,False,False,85,19,22,13,,False,2026-04-08T11:31:01Z,động lực thành công,26000,Học Cách Im Lặng: Nghệ Thuật Quản Trị Khoảng Cách Để Được Trân Trọng | HỌC TỪ CỔ NHÂN,sCnyhw6zLlA,1410,12
132,0.75,False,HỌC TỪ CỔ NHÂN,8,False,863,False,994,0.0417,False,True,False,True,False,True,False,False,78,20,18,12,,False,2026-03-25T11:00:14Z,động lực thành công,26000,Đừng Nói Những Câu Này Với Vợ – Nếu Muốn Giữ Hôn Nhân Lâu Dài | HỌC TỪ CỔ NHÂN,7t8_BZYf-_s,624,5
174,1.99,False,HỌC TỪ CỔ NHÂN,2,False,941,False,1459,0.012,False,True,False,True,False,True,False,False,80,19,18,22,,False,2026-02-10T22:15:02Z,động lực thành công,26000,Cây Quất Ngày Tết: Mật Mã “Tứ Đại Đồng Đường” Của Người Việt Cổ | HỌC TỪ CỔ NHÂN,Dby2gSljkso,1663,10
176,2.58,False,HỌC TỪ CỔ NHÂN,1,False,1010,False,1433,0.0097,False,True,False,True,False,True,False,False,90,21,20,25,,False,2026-02-08T22:15:00Z,động lực thành công,26000,"Người Biết Cho Đi, Trời Không Phụ – Bài Học Nhân Quả Thức Tỉnh Lòng Người | HỌC TỪ CỔ NHÂN",EROus0SGKIw,2154,12
178,65.48,False,HỌC TỪ CỔ NHÂN,59,False,1037,False,1747,0.0145,False,True,False,True,False,True,False,False,71,18,734,21,,False,2026-02-06T22:15:05Z,động lực thành công,26000,Nghe Những Lời Này Mỗi Sáng – Cuộc Đời Bạn Sẽ Thay Đổi | HỌC TỪ CỔ NHÂN,fW8sH4UjDBA,54644,307
184,1.14,False,HỌC TỪ CỔ NHÂN,2,False,1066,False,1062,0.0169,True,True,False,True,True,True,False,False,89,22,14,22,odd,False,2026-02-01T11:01:10Z,động lực thành công,26000,"Cổ Nhân Dạy: Muốn Giàu Bền Phải Biết Ở Một Mình, 7 Lợi Ích Ít Người Hiểu | HỌC TỪ CỔ NHÂN",gVwnrUXLfeE,948,5
187,1.22,False,HỌC TỪ CỔ NHÂN,2,False,940,False,2465,0.0158,False,True,False,True,False,True,False,False,82,21,14,22,,False,2026-01-29T11:01:36Z,động lực thành công,26000,"Phật Dạy Nói Ít, Nghĩ Sâu, Giữ Miệng Giữ Tâm – Căn Gốc Của An Lạc | HỌC TỪ CỔ NHÂN",rs4Rnnzabxs,1014,5
190,2.2,False,HỌC TỪ CỔ NHÂN,0,False,956,False,930,0.0163,True,True,False,True,False,True,False,False,77,19,30,22,,False,2026-01-26T11:00:55Z,động lực thành công,26000,"Cổ Nhân Dạy: Người Giàu Có Sống Rất Đơn Giản, Một Đời An Yên | HỌC TỪ CỔ NHÂN",X8dtzmprVEU,1838,10
192,0.98,False,HỌC TỪ CỔ NHÂN,0,False,1168,False,2589,0.0147,True,True,False,True,True,True,False,False,73,19,12,19,even,False,2026-01-24T11:00:51Z,động lực thành công,26000,10 Bài Học Về Tiền Bạc Người Giàu Âm Thầm Dạy Con Từ Nhỏ | HỌC TỪ CỔ NHÂN,W45fkXs5aHU,818,4
200,0.81,False,HỌC TỪ CỔ NHÂN,4,False,1012,False,2156,0.025,False,True,False,True,False,True,False,False,75,19,13,22,,False,2026-01-16T11:01:10Z,động lực thành công,26000,"Chỉ Ba Lần Gật Đầu, Từ Đại Họa Thành Phúc Phần Của Cả Làng | HỌC TỪ CỔ NHÂN",YdgnJKrNOd4,679,3
201,1.02,False,HỌC TỪ CỔ NHÂN,1,True,1113,False,1982,0.0141,False,True,False,True,True,True,False,False,87,22,11,19,even,False,2026-01-15T11:00:56Z,động lực thành công,26000,8 QUY TẮC TỰ CHỦ TÀI CHÍNH TUỔI GIÀ – SỐNG AN NHIÊN MÀ KHÔNG PHỤ THUỘC | HỌC TỪ CỔ NHÂN,XIcHSc-3KnY,851,4
202,0.68,False,HỌC TỪ CỔ NHÂN,0,False,1131,False,870,0.0141,False,True,False,True,True,True,False,False,86,21,8,22,odd,False,2026-01-14T11:01:48Z,động lực thành công,26000,"Sau 65 Tuổi, Còn 5 Dấu Hiệu Này Cho Thấy Bạn Già Chậm Hơn Nhiều Người | HỌC TỪ CỔ NHÂN",venX_uKxX_4,566,3
203,3.08,False,HỌC TỪ CỔ NHÂN,17,False,1093,False,1579,0.0311,False,True,False,True,False,True,False,False,82,19,63,22,,False,2026-01-13T11:01:01Z,động lực thành công,26000,"Khi Xem Video Này, Cuộc Đời Bạn Dần Bước Sang Thời Kỳ Thịnh Vượng | HỌC TỪ CỔ NHÂN",SnNs4B25VuE,2572,13
204,1.54,False,HỌC TỪ CỔ NHÂN,6,False,1171,False,1555,0.0351,False,True,False,True,True,True,False,False,89,20,39,22,odd,False,2026-01-12T11:00:57Z,động lực thành công,26000,"Chỉ 1% Người Lĩnh Hội Được Video Này, Sự Xuất Hiện Không Phải Ngẫu Nhiên | HỌC TỪ CỔ NHÂN",V7r6sxQjVyY,1283,6
205,0.58,False,HỌC TỪ CỔ NHÂN,0,False,1073,False,991,0.0062,False,True,False,True,True,True,False,False,82,20,3,22,odd,False,2026-01-11T11:01:07Z,động lực thành công,26000,"Đàn Ông Thuộc 5 Con Giáp Này: Càng Già Càng Khổ, Gánh Nặng Cả Đời | HỌC TỪ CỔ NHÂN",c9_S4v4pPp4,483,2
206,0.63,False,HỌC TỪ CỔ NHÂN,4,False,1041,False,1138,0.0133,False,True,False,True,True,True,False,False,70,18,3,22,odd,False,2026-01-10T11:00:03Z,động lực thành công,26000,"Cổ Nhân Dạy: Nếu Có 5 Điểm Này, Bạn Là Người Rất Khôn | HỌC TỪ CỔ NHÂN",aESA_biLxus,527,3
209,0.52,False,HỌC TỪ CỔ NHÂN,4,False,1032,False,995,0.0208,False,True,False,True,False,True,False,False,55,13,5,22,,False,2026-01-07T11:01:06Z,động lực thành công,26000,Cổ Nhân Xưa: Cách Nhìn Thấu Lòng Người | HỌC TỪ CỔ NHÂN,WGj8fHMZTpY,433,2
214,0.44,False,HỌC TỪ CỔ NHÂN,0,True,1060,False,2144,0.03,False,True,False,True,True,True,False,False,78,22,11,22,odd,True,2026-01-02T11:00:31Z,động lực thành công,26000,"CỔ NHÂN TIẾT LỘ: 7 THỨ Ở ĐỜI – MẤT ĐI LÀ PHÚC, NHẶT VỀ LÀ HỌA | HỌC TỪ CỔ NHÂN",Db6yB0tw4po,367,2
215,0.39,False,HỌC TỪ CỔ NHÂN,0,False,1081,False,947,0.0311,False,True,False,True,True,True,False,False,86,22,10,22,odd,False,2026-01-01T11:01:01Z,động lực thành công,26000,3 Chỗ Dựa Vững Chắc Nhất Của Tuổi Già - Hơn 90% Người Già Đã Chọn Sai | HỌC TỪ CỔ NHÂN,TycRTLhh75M,322,1
216,0.97,False,HỌC TỪ CỔ NHÂN,4,False,1081,False,1353,0.0247,False,True,False,True,False,True,False,False,85,20,16,22,,False,2025-12-31T11:01:25Z,động lực thành công,26000,"CỔ NHÂN DẠY: MUỐN CÓ TIỀN, PHẢI BIẾT GIỮ TIỀN TỪ NHỮNG ĐIỀU NHỎ NHẤT | HỌC TỪ CỔ NHÂN",l7_UWLayW6Q,810,4
229,1.17,False,HỌC TỪ CỔ NHÂN,0,False,1026,False,1967,0.0215,False,True,False,True,True,True,False,False,85,21,21,22,even,False,2025-12-18T11:00:37Z,động lực thành công,26000,Cổ Nhân Chỉ Lộ: Phúc Và Nghiệp Của Một Người Sau 50 Tuổi Dần Hiện Rõ | HỌC TỪ CỔ NHÂN,IcrIU5w7K6Y,977,4
230,1.49,False,HỌC TỪ CỔ NHÂN,2,False,926,False,1698,0.0297,False,True,False,True,False,True,False,False,68,16,35,21,,False,2025-12-17T11:45:01Z,động lực thành công,26000,Người Có LINH TÍNH CAO: Họ Thấy Hết Nhưng Không Nói | HỌC TỪ CỔ NHÂN,K64SUqTsECc,1246,5
267,9.98,False,TRƯỜNG HỌC CUỘC SỐNG,18,False,758,False,1407,0.0196,False,True,False,False,True,False,False,True,70,17,127,18,even,True,2025-11-10T10:01:38Z,quản lý tiền,25800,CẢNH BÁO GIÁ VÀNG CUỐI NĂM: Vì Sao 90% Nhà Đầu Tư Mắc Sai Lầm Lúc Này?,zMJz3hQLRB0,7413,28
275,0.54,False,TRƯỜNG HỌC CUỘC SỐNG,3,False,693,False,1657,0.0371,False,True,False,False,False,False,False,False,65,15,12,17,,False,2025-11-01T22:00:43Z,quản lý tiền,25800,Tony Robbins: Suy Nghĩ Lớn – Bước Ra Khỏi Vùng An Toàn Để Bứt Phá,iu_yXLi43d0,404,1
278,0.29,False,TRƯỜNG HỌC CUỘC SỐNG,5,True,384,False,1542,0.0802,True,True,False,False,False,False,False,False,78,18,12,16,,False,2025-10-30T10:01:38Z,quản lý tiền,25800,Tony Robbins: Làm Chủ Sự Tập Trung - Bí Mật Để Giàu Có Và Thành Công Ngoạn Mục,NFDVO12FAc8,212,1
279,0.33,False,TRƯỜNG HỌC CUỘC SỐNG,3,True,420,False,1765,0.0492,False,True,False,False,False,False,False,False,61,13,9,16,,False,2025-10-29T10:01:03Z,quản lý tiền,25800,Tony Robbins: BÍ MẬT HỌC TẬP SUỐT ĐỜI ĐỂ THÀNH CÔNG VƯỢT TRỘI,VNm1gDBFTtw,244,1
326,1.09,False,TRƯỜNG HỌC CUỘC SỐNG,10,False,549,False,1784,0.0333,False,False,False,False,True,False,False,False,67,15,17,18,odd,False,2025-09-12T03:45:01Z,quản lý tiền,25800,Tiền Việt Lao Dốc: 3 Tầng Phòng Thủ và 5 bước chuyển đổi dòng tiền.,6duQk_-67bM,810,2
329,30.14,False,TRƯỜNG HỌC CUỘC SỐNG,65,False,382,False,1266,0.0263,False,True,False,False,False,False,False,True,63,15,524,19,,False,2025-09-09T10:30:15Z,quản lý tiền,25800,Vàng Sắp Bước Vào Chu Kỳ Tăng Lịch Sử: Cơ hội cuối cùng đã tới?,DqOYXp9PZTw,22392,68
333,0.46,False,TRƯỜNG HỌC CUỘC SỐNG,7,False,413,False,1284,0.0499,True,True,False,False,True,True,False,False,47,12,10,20,even,False,2025-09-05T12:01:46Z,quản lý tiền,25800,20 Cách Làm Giàu Trong Im Lặng | Tư Duy Giàu Có,qbBkSdcZwHk,341,1
334,20.83,False,TRƯỜNG HỌC CUỘC SỐNG,31,False,1014,False,1538,0.0177,False,True,False,False,True,True,True,True,85,19,243,18,odd,False,2025-09-04T04:54:32Z,quản lý tiền,25800,"Giữ Tiền, Mua Vàng Hay Đầu Tư Đất? Chiến Lược Tài Chính 2025 | Xem Ngay Trước Khi Mua",8M_Rc1V8UZU,15473,46
335,0.34,False,TRƯỜNG HỌC CUỘC SỐNG,7,True,459,False,2080,0.0669,True,True,False,False,False,True,False,False,66,17,10,18,,False,2025-09-03T12:00:03Z,quản lý tiền,25800,Tần Số Giàu Có: Bí Mật Để Tiền Bạc Tự Tìm Đến Bạn | Phải Hiểu Ngay,1BCCDiH8jjE,254,1
351,0.5,False,TRƯỜNG HỌC CUỘC SỐNG,3,False,372,False,949,0.048,True,True,False,False,False,True,False,False,72,19,15,16,,False,2025-08-18T12:39:58Z,quản lý tiền,25800,LẬP TRÌNH LẠI BẢN THÂN – BƯỚC VÀO TẦN SỐ CỦA SỰ GIÀU CÓ | TƯ DUY GIÀU CÓ,6EOVjGSyZn8,375,1
371,0.34,False,TRƯỜNG HỌC CUỘC SỐNG,3,False,350,False,1111,0.0745,True,True,False,False,False,False,False,False,94,21,16,18,,False,2025-07-29T12:30:19Z,quản lý tiền,25800,Hệ Thống Tiền Tệ Ngầm – Những Chiến Lược Làm Giàu Thầm Lặng Mà Người Giàu Không Bao Giờ Nói Ra,HVXa-P-R6pk,255,1
380,0.47,False,TRƯỜNG HỌC CUỘC SỐNG,2,False,407,False,898,0.0458,False,True,False,False,False,True,False,False,68,16,14,17,,False,2025-07-20T13:00:09Z,quản lý tiền,25800,"Muốn Giữ Tiền Cả Đời, Hãy Học Cách Chọn Người Đi Cùng | Bạn Cần Biết",6esM0HFfoHI,349,1
393,0.87,False,TRƯỜNG HỌC CUỘC SỐNG,3,False,87,False,1678,0.0355,True,True,False,False,False,True,False,True,69,16,20,9,,False,2025-07-07T12:14:21Z,quản lý tiền,25800,Học Cách Làm Giàu Từ Người Hoa | Vì sao họ thành công hơn người Việt?,gXxFTafAC4Y,648,2
400,0.47,False,TRƯỜNG HỌC CUỘC SỐNG,8,True,274,False,1315,0.0607,True,True,False,False,False,True,False,True,91,21,13,17,,False,2025-06-30T11:45:00Z,quản lý tiền,25800,Vì sao bạn giỏi mà vẫn không giàu? Sự thật khiến hàng triệu người tỉnh ngộ | Tư Duy Giàu Có,4oN_UCJ3FX4,346,1
401,2.75,False,TRƯỜNG HỌC CUỘC SỐNG,10,False,108,False,1053,0.0269,False,True,False,False,True,False,False,False,89,21,45,9,odd,True,2025-06-29T11:50:11Z,quản lý tiền,25800,CẢNH BÁO! 5 Nguy Cơ Kinh Tế Việt Nam Đang Đối Mặt – Người Không Biết Đang Gặp Rủi Ro Lớn!,JUKpjdOnnFY,2042,5
402,10.85,False,TRƯỜNG HỌC CUỘC SỐNG,44,False,664,False,1177,0.0225,False,False,False,False,True,False,False,False,78,17,137,13,even,False,2025-06-28T04:39:40Z,quản lý tiền,25800,Cảnh Báo! Ngừng Gửi Tiền Ngân Hàng! 6 Kênh Tài Sản Thông Minh Hơn Bạn Cần Biết,KUNSazyL4Mc,8061,20
410,0.91,False,TRƯỜNG HỌC CUỘC SỐNG,9,True,643,False,1173,0.0429,False,True,False,False,True,True,False,False,73,17,20,9,odd,False,2025-06-20T11:30:52Z,quản lý tiền,25800,Bí Mật khiến 1% người thành công vượt xa phần còn lại | Tư Duy Thành Công,jxgW9rY3c8o,676,2
414,1.2,False,TRƯỜNG HỌC CUỘC SỐNG,3,False,632,False,1333,0.0293,True,True,False,False,False,True,False,True,60,15,23,9,,False,2025-06-16T12:30:21Z,quản lý tiền,25800,Làm Ít Nhưng Vẫn Giàu - Bạn Có Tin Không? | Tư Duy Khác Biệt,J6M9XI_rdU0,888,2
418,0.56,False,TRƯỜNG HỌC CUỘC SỐNG,6,False,660,False,901,0.0671,False,True,False,False,True,False,False,False,76,20,22,10,odd,True,2025-06-12T04:00:33Z,quản lý tiền,25800,Khi Nợ Nần Ngập Đầu _ Thậm Chí Muốn Kết Liễu Cuộc Đời _ Hãy Nhớ 5 Tư Duy Này,GWqsq6jZV2k,417,1
419,1.95,False,TRƯỜNG HỌC CUỘC SỐNG,14,False,595,False,1331,0.0393,False,True,False,False,False,False,False,False,64,16,43,17,,False,2025-06-11T03:56:50Z,quản lý tiền,25800,Kịch Bản U ÁM Của Tiền Việt _ Chuyên Gia Chỉ Cách Bảo Vệ Tài Sản,83QstWN-dUE,1450,3
422,0.62,False,TRƯỜNG HỌC CUỘC SỐNG,10,False,593,False,1623,0.0564,True,True,False,False,False,True,False,False,52,13,16,14,,False,2025-06-08T12:00:11Z,quản lý tiền,25800,Bắt Đúng Xu Hướng Bạn Sẽ Giàu Có | Biết Sớm Giàu Sớm,7TnhHCxotes,461,1
424,1.28,False,TRƯỜNG HỌC CUỘC SỐNG,12,False,734,False,2272,0.0431,True,True,False,False,False,True,False,False,51,12,29,22,,False,2025-06-06T13:00:09Z,quản lý tiền,25800,Càng Đơn Giản Càng Giàu Có | Bạn Phải Hiểu Điều Này,1hjpQxUkX7U,951,2
426,0.83,False,TRƯỜNG HỌC CUỘC SỐNG,9,False,706,False,1505,0.0452,True,True,False,False,True,True,False,False,75,19,19,16,odd,False,2025-06-04T12:00:19Z,quản lý tiền,25800,"11 Bài Học Làm Giàu Từ Người Do Thái "" Tư Duy Đỉnh Cao"" | Biết Sớm Giàu Sớm",AjLbq0FE6RU,620,1
429,1.29,False,TRƯỜNG HỌC CUỘC SỐNG,4,False,693,False,1467,0.0282,True,True,False,False,False,True,False,False,58,14,23,11,,False,2025-06-01T12:06:06Z,quản lý tiền,25800,Cách Làm Giàu Từ Chính Những Gì Mình Có | Ai Cũng Làm Được,9QyakaJruFY,957,2
430,0.74,False,TRƯỜNG HỌC CUỘC SỐNG,7,False,706,False,1516,0.0622,True,False,False,False,False,True,False,True,59,13,27,14,,False,2025-05-31T11:45:02Z,quản lý tiền,25800,Muốn Giàu? Bạn Phải Biết Điều Này Trước | Biết Sớm Giàu Sớm,HVVyhLUaOZA,547,1
434,34.93,False,TRƯỜNG HỌC CUỘC SỐNG,128,False,770,False,1560,0.0231,True,False,False,False,True,True,False,False,52,13,472,11,even,False,2025-05-27T11:51:08Z,quản lý tiền,25800,6 Cách Làm Giàu - Không Cần Vốn | Bạn Phải Biết Ngay,gpvPKlaVufA,25950,60
435,4.03,False,TRƯỜNG HỌC CUỘC SỐNG,19,False,762,False,1733,0.0314,True,True,False,False,True,True,False,False,71,17,75,11,even,False,2025-05-26T11:30:38Z,quản lý tiền,25800,"8 Cách Làm Giàu Rất Đời Thường  ""Cực Kỳ Dễ Áp Dụng"" | Bạn Cần Biết Ngay",jhJDJKx5gUM,2994,7
437,6.83,False,TRƯỜNG HỌC CUỘC SỐNG,28,False,577,False,1346,0.0388,False,True,False,False,True,False,False,False,69,17,169,17,odd,False,2025-05-24T11:30:45Z,quản lý tiền,25800,Việt Nam Bơm Tiền Ồ Ạt  _ Tài Sản nào Sẽ Lên Ngôi cuối năm 2025 _2026,p-dz_p0TLWs,5078,12
438,2.24,False,TRƯỜNG HỌC CUỘC SỐNG,13,True,657,False,1694,0.0463,True,True,False,False,False,True,False,False,71,18,64,16,,False,2025-05-23T12:25:47Z,quản lý tiền,25800,Tài Sản Vô Hình – Đòn Bẩy bí mật của GIỚI SIÊU GIÀU | Biết Sớm Giàu Sớm,ikl4G1aiay4,1662,4
441,1.23,False,TRƯỜNG HỌC CUỘC SỐNG,11,False,659,False,2428,0.0492,False,True,False,False,False,False,True,True,66,14,34,11,,False,2025-05-20T12:14:30Z,quản lý tiền,25800,Tư duy “Người giữ tiền” vs “Người nhân tiền” – Bạn thuộc kiểu nào?,l_p9ynsdHV0,915,2
1086,0.47,False,Millionaire Investor,0,False,0,False,17,0.0234,False,False,False,False,False,False,False,False,21,4,38,16,,False,2023-08-13T16:11:36Z,personal finance tips,24500,Don’t work for money!,v13umzcbIJE,1627,1
1088,1.74,False,Millionaire Investor,3,False,31,False,40,0.0434,False,False,False,False,False,False,False,True,53,7,257,21,,False,2023-08-12T14:10:17Z,personal finance tips,24500,Interesting Thing Of Investing is..!? -Warren Buffett,EtmyKlDPHkc,5985,6
1090,2.13,False,Millionaire Investor,2,False,108,False,30,0.0351,False,False,False,True,False,False,False,False,27,5,255,20,,False,2023-08-10T14:28:23Z,personal finance tips,24500,Warren Buffett On Tax Rate!,LLX3xdczd3Q,7321,7
1177,0.55,False,Millionaire Investor,2,False,136,False,55,0.0366,False,False,False,True,False,False,False,False,29,5,67,18,,False,2023-05-14T17:52:18Z,personal finance tips,24500,Charlie Munger On A.i #shorts,IIJ5QMMBNRY,1887,2
1178,0.74,False,Millionaire Investor,2,False,145,False,53,0.0564,False,False,False,True,False,False,False,False,49,7,142,18,,False,2023-05-13T18:16:50Z,personal finance tips,24500,Wise words from warren Buffett! #shorts #ytshorts,yeEwPYNzjtc,2551,2
1180,0.39,False,Millionaire Investor,0,False,62,False,23,0.0319,False,False,False,False,False,False,False,True,29,4,43,21,,False,2023-05-11T17:25:25Z,personal finance tips,24500,Howard’s best finance advice!,aQ9jkSw0zaE,1349,1
1181,0.39,False,Millionaire Investor,1,False,157,False,52,0.0509,False,False,False,True,False,False,False,False,46,6,67,18,,False,2023-05-10T17:41:21Z,personal finance tips,24500,Warren Buffett’s Best investment ever! #shorts,lxm6lfDSc_0,1336,1
1181,0.07,False,Millionaire Investor,0,False,2339,False,269,0.0215,False,False,False,True,False,False,False,False,49,6,5,18,,False,2023-05-10T16:34:19Z,personal finance tips,24500,Warren Buffett’s Lesser Known Investing Strategy!,Jb5taZfR4Hs,233,0
1182,0.43,False,Millionaire Investor,1,False,161,False,61,0.0471,False,False,False,True,False,False,False,False,65,8,69,17,,False,2023-05-09T18:10:15Z,personal finance tips,24500,Warren Buffett’s Best Investing strategy for you!shorts #ytshorts,gwFXnmonjWU,1486,1
1183,2.84,False,Millionaire Investor,1,False,61,False,26,0.0232,False,False,False,False,False,False,False,False,46,6,225,20,,False,2023-05-08T18:04:20Z,personal finance tips,24500,Warren Buffett’s Cell phone! #shorts #ytshorts,JANVWkfuWuY,9759,8
1184,1.73,False,Millionaire Investor,3,False,145,False,46,0.0296,False,False,False,True,False,False,False,False,39,6,173,19,,False,2023-05-07T18:55:18Z,personal finance tips,24500,Warren Buffett on banks stocks! #shorts,8J1dMFIDbCc,5953,5
1185,0.8,False,Millionaire Investor,1,False,140,False,15,0.0383,False,False,False,True,False,False,False,False,34,5,104,21,,False,2023-05-06T17:32:36Z,personal finance tips,24500,Charlie Munger on Bitcoin! #shorts,6nvM_Ukk0xc,2745,2
1186,0.71,False,Millionaire Investor,0,False,67,False,13,0.0521,False,False,False,False,False,False,False,False,42,6,128,17,,False,2023-05-05T16:39:33Z,personal finance tips,24500,Charlie munger on business school! #shorts,WvHec50Lp_A,2456,2
1187,1.18,False,Millionaire Investor,3,False,192,False,53,0.0553,False,False,False,True,False,False,False,False,86,13,222,19,,False,2023-05-04T18:30:03Z,personal finance tips,24500,Warren Buffett: You Can’t Predict The Stock Market By Reading daily newspaper! #shorts,mYKYcdbUTfI,4071,3
1188,0.95,False,Millionaire Investor,9,False,140,False,18,0.043,False,False,False,True,False,False,False,False,34,5,132,21,,False,2023-05-03T18:01:02Z,personal finance tips,24500,Warren Buffett on Bitcoin! #shorts,YrjWMrHSSkE,3279,3
1189,0.92,False,Millionaire Investor,2,False,170,False,33,0.034,False,False,False,True,False,False,False,True,64,10,105,19,,False,2023-05-02T17:43:42Z,personal finance tips,24500,Sir John Templeton explains how ti spot bargains stocks! #shorts,bePoKrLpvtc,3149,3
1190,0.98,False,Millionaire Investor,5,False,156,False,36,0.062,False,False,False,True,False,False,False,False,42,8,203,17,,False,2023-05-01T17:59:00Z,personal finance tips,24500,Robert De Niro’s Best life advice for you!,kUXWq25r_FU,3356,3
1191,3.19,False,Millionaire Investor,3,False,148,False,52,0.0362,False,False,False,True,False,False,False,False,42,6,394,16,,False,2023-04-30T18:20:28Z,personal finance tips,24500,Charlie munger on value investing! #shorts,DWUz6n-Ry1w,10963,9
1192,2.06,False,Millionaire Investor,3,False,165,False,36,0.0599,False,False,False,True,False,False,False,False,59,9,422,15,,False,2023-04-29T17:04:50Z,personal finance tips,24500,Warren Buffett’s Best life advice for young people! #shorts,YvoLlfkUcg8,7091,6
1193,0.88,False,Millionaire Investor,4,True,159,False,19,0.0533,False,False,False,True,False,False,False,False,52,9,157,16,,False,2023-04-28T18:22:17Z,personal finance tips,24500,Warren Buffett: This is secret of my success #shorts,JElwv-M1y7o,3020,3
1194,1.09,False,Millionaire Investor,1,False,141,False,42,0.0656,False,False,False,True,False,False,False,False,35,5,244,20,,False,2023-04-27T17:59:00Z,personal finance tips,24500,Warren Buffett on business! #shorts,XwPKyT_IWQk,3736,3
1195,1.86,False,Millionaire Investor,5,False,160,False,32,0.0529,False,False,False,True,False,False,False,False,53,9,334,18,,False,2023-04-26T17:59:00Z,personal finance tips,24500,Warren Buffett: My Best Stock Advice for you! #shorts,0RGwU5aFy2I,6410,5
1196,0.65,False,Millionaire Investor,2,False,163,False,61,0.0608,False,False,False,True,True,False,False,False,56,9,134,15,odd,False,2023-04-25T18:15:31Z,personal finance tips,24500,Warren Buffett’s Top 5 Investing advice for you! #shorts,3TcUiTn-wVk,2237,2
1197,1.36,False,Millionaire Investor,2,False,162,False,24,0.0581,False,False,False,True,False,False,False,True,56,9,269,15,,False,2023-04-24T18:56:46Z,personal finance tips,24500,Warren Buffett: How to become a better investor! #shorts,HPID04szJb8,4668,4
1198,1.53,False,Millionaire Investor,5,False,164,False,59,0.0291,False,False,False,True,True,False,False,False,58,10,148,18,odd,False,2023-04-23T18:05:00Z,personal finance tips,24500,Ray Dalio’s best investing advice for you in 2023! #shorts,iW_54V0RR8k,5264,4
1199,1.17,False,Millionaire Investor,1,False,160,False,30,0.0562,False,False,False,True,False,False,False,False,54,9,225,19,,False,2023-04-22T18:22:22Z,personal finance tips,24500,Warren Buffett: Stocks are safe for long term! #shorts,ks_leoareMw,4023,3
1200,1.02,False,Millionaire Investor,3,True,144,False,31,0.0601,False,False,False,True,False,False,False,False,38,6,209,18,,False,2023-04-21T17:55:08Z,personal finance tips,24500,The secret to investing money! #shorts,ijYmn1INzLg,3526,3
1201,2.0,False,Millionaire Investor,2,False,150,False,47,0.0597,False,False,False,True,False,False,False,True,44,8,409,20,,False,2023-04-20T18:01:40Z,personal finance tips,24500,Ray Dalio: How to invest your money! #shorts,ZKRuNedXOoo,6884,6
1202,1.2,False,Millionaire Investor,2,False,167,False,48,0.0468,False,False,False,True,False,False,False,True,60,10,192,17,,False,2023-04-19T17:50:08Z,personal finance tips,24500,Warren Buffett: This is how Wall Street makes money! #shorts,Hp4BUVx_phI,4142,3
1203,0.65,False,Millionaire Investor,2,False,168,False,31,0.0519,False,False,False,True,False,False,False,True,61,10,114,17,,False,2023-04-18T19:14:42Z,personal finance tips,24500,Warren Buffett: The best investment you can make is!? #shorts,gDOeiP5STD8,2235,2
1,0.7,False,Góc Nhìn An Sinh,5,False,2504,False,1734,0.0112,False,True,False,False,True,False,False,False,92,19,91,19,even,False,2026-08-04T07:00:34Z,giá vàng phân tích,23600,CẢNH BÁO: Đổi Lịch Nhận Lương Hưu Tháng 8/2026 - 15 Khoản Tiền Cựu Chiến Binh Cần Biết Ngay!,4AI-BTCvutg,8571,8571
1,0.49,False,Góc Nhìn An Sinh,6,True,2416,False,1553,0.0147,False,True,False,False,True,False,False,True,67,16,83,19,even,True,2026-08-04T02:56:35Z,giá vàng phân tích,23600,Sự thật rủi ro sau mức lãi 10%: Hệ thống ngân hàng khát vốn ra sao?,Hnhl6HfP6sw,6066,6066
1,1.3,False,Góc Nhìn An Sinh,21,False,2460,False,1694,0.0134,False,False,False,False,True,False,False,False,54,12,193,19,odd,False,2026-08-03T07:05:31Z,giá vàng phân tích,23600,Người Tròn 75 Tuổi Nhận Ngay 4 Khoản Tiền Này Năm 2026,ZM_MQ2Eaa_M,15944,15944
2,1.35,False,Góc Nhìn An Sinh,6,False,2392,False,1503,0.0073,False,True,False,False,True,False,False,True,79,18,114,14,even,False,2026-08-02T11:00:01Z,giá vàng phân tích,23600,Tiền Mừng Thọ 2026 Cụ Thể 34 Tỉnh Thành: Tỉnh Nào Chi Cao Nhất Lên Tới 5 Triệu?,SzReqHGISFE,16528,8264
2,0.1,False,Góc Nhìn An Sinh,2,False,2186,False,1443,0.0103,False,True,False,False,False,False,False,False,76,16,10,14,,False,2026-08-02T07:45:23Z,giá vàng phân tích,23600,"Người Dân Có Quyền ""Chấm Điểm"" Cán Bộ Xã: Không Còn Cảnh Đùn Đẩy, Hạch Sách!",E4Yg4i9J-vo,1165,582
3,0.21,False,Góc Nhìn An Sinh,4,False,2500,False,1360,0.0095,False,True,False,False,True,False,False,True,91,21,20,19,even,False,2026-08-01T04:08:54Z,giá vàng phân tích,23600,Bao Giờ Trợ Cấp CCB Tăng 8%? Trả Lời Chính Thức Của Bộ Quốc Phòng Về Vụ Xin Lĩnh Hàng Tháng,XJ1fT-LePg0,2538,846
4,1.38,False,Góc Nhìn An Sinh,44,False,2446,False,1749,0.0132,False,True,False,False,True,False,False,True,89,19,178,19,odd,False,2026-07-31T11:14:50Z,giá vàng phân tích,23600,"Quốc Hội  Sửa Điều 35: Lính Biên Giới, Campuchia, Lào Là Người Có Công - Ai Đủ Điều Kiện?",SnDzm1lPV8Y,16867,4217
4,5.19,False,Góc Nhìn An Sinh,90,False,2628,False,1411,0.015,False,True,False,False,True,False,False,False,91,20,863,19,even,False,2026-07-31T03:00:00Z,giá vàng phân tích,23600,Tin Mới Dịp 2/9/2026: 4 Nhóm Người Có Công Nhận Quà Tới 27 Triệu - Thân Nhân Cần Biết Ngay!,pZKRxfLvviw,63631,15908
5,9.64,False,Góc Nhìn An Sinh,70,False,2509,False,2090,0.0086,False,True,False,False,True,False,False,False,71,16,946,19,odd,True,2026-07-30T11:00:07Z,giá vàng phân tích,23600,"Vàng SJC lao dốc 141 Tr, Gửi Tiết Kiệm 1 Năm Coi Chừng ""Mất Trắng"" Lãi!",qWMZ_sDusqg,118118,23624
5,35.34,False,Góc Nhìn An Sinh,318,False,2593,False,1745,0.0084,False,True,False,False,True,False,False,False,85,20,3308,19,even,False,2026-07-30T06:54:20Z,giá vàng phân tích,23600,Tin Khẩn: Lịch Lĩnh Lương Hưu Tháng 8 Lùi Ngày - 11 Khoản Tiền Kếch Xù Về Tay Các Bác,vkDsUJntwOM,433158,86632
6,9.59,False,Góc Nhìn An Sinh,93,False,2355,False,1348,0.0066,False,False,False,False,True,False,False,True,73,13,684,19,odd,False,2026-07-29T03:00:05Z,giá vàng phân tích,23600,"NQ13 từ 01/01/2027: Tròn 60 tuổi Lĩnh 2,8 triệu/tháng. Ai được nhận ngay?",9Bo6JKW3g4E,117590,19598
7,1.86,False,Góc Nhìn An Sinh,8,False,2677,False,1534,0.0069,False,True,False,False,True,False,True,True,76,17,149,19,even,False,2026-07-28T07:00:28Z,giá vàng phân tích,23600,Có 500 Triệu: Nên Gửi Tiết Kiệm (Lãi 7.8%) Hay Mua Vàng Để An Tâm Dưỡng Già?,bI1udvWnezc,22744,3249
7,0.46,False,Góc Nhìn An Sinh,2,True,2702,False,1745,0.0093,False,True,False,False,True,False,False,False,84,19,51,10,even,False,2026-07-28T03:00:09Z,giá vàng phân tích,23600,"Sự Thật Bất Ngờ Về Tiền Mừng Thọ 2026: Nơi Nhận 500 Ngàn, Nơi Được Tặng Cả Vàng 24K!",ya9VHSN2V6s,5694,813
8,0.42,False,Góc Nhìn An Sinh,3,False,2379,False,1414,0.0067,False,False,False,False,True,False,False,True,75,16,32,16,even,False,2026-07-27T07:00:13Z,giá vàng phân tích,23600,"Tin Vui 2/9: Nhận Ngay 3-10 Triệu Dịp Quốc Khánh 2026: Ai Được Nhận, Ở Đâu?",uMMHGVwlv9w,5193,649
9,1.38,False,Góc Nhìn An Sinh,27,False,1602,False,1456,0.0097,False,True,False,False,True,False,False,False,76,18,137,16,odd,False,2026-07-26T11:00:02Z,giá vàng phân tích,23600,Đã Kí Pháp Lệnh 05: 4 quyền lợi mới nhất cho Cựu chiến binh và Người có công,WJOC6hIomXY,16917,1880
9,1.81,False,Góc Nhìn An Sinh,12,True,1826,False,1584,0.0078,False,True,False,False,True,False,False,True,60,14,160,13,even,False,2026-07-26T03:30:06Z,giá vàng phân tích,23600,Sự Thật Trợ Cấp 750k Cho Người Từ 60 Tuổi: Ai Mới Được Nhận?,TmOmTAtQPgY,22190,2466
10,0.02,False,Góc Nhìn An Sinh,0,False,1807,False,1740,0.0068,False,True,False,False,False,False,False,True,71,17,2,13,,True,2026-07-25T07:00:21Z,giá vàng phân tích,23600,"Vì Sao Vàng Mất Ngôi ""An Toàn""? Lý Do Tiền Mặt Trở Lại Làm Vua Lúc Này!",Oi5Dl21JDl4,292,29
11,0.11,False,Góc Nhìn An Sinh,0,False,2459,False,1603,0.0106,False,False,False,False,True,False,True,True,86,19,14,19,even,False,2026-07-24T11:00:00Z,giá vàng phân tích,23600,Thông qua 8/7: Tăng Gấp Đôi Quyền Lợi Điều Dưỡng - Đi Tập Trung Hay Nên Nhận Tiền Mặt?,DfXODg2__lg,1315,120
12,0.37,False,Góc Nhìn An Sinh,5,False,2702,False,1956,0.0062,False,True,False,False,True,False,False,False,75,17,23,19,even,True,2026-07-23T07:01:56Z,giá vàng phân tích,23600,"Nghị Định 278 Về Giá Điện: Đừng Để Tiền Hưu Rơi Vào Bẫy ""Tiết Kiệm Điện"" Ảo",XxWqNUuG2Pk,4490,374
12,0.03,False,Góc Nhìn An Sinh,0,False,2571,False,1670,0.0105,False,True,False,False,True,False,False,False,81,18,4,10,odd,False,2026-07-23T03:00:20Z,giá vàng phân tích,23600,Mức Quà 27/7 Năm 2026 Tăng Kỷ Lục Đến 10 Triệu: Chi Tiết Mức Tiền Từng Tỉnh Thành,Uo7QT37SK2E,381,32
13,2.82,False,Góc Nhìn An Sinh,63,False,2471,False,1685,0.0081,False,True,False,False,True,False,False,False,84,19,216,19,odd,False,2026-07-22T03:00:05Z,giá vàng phân tích,23600,Tin Vui T7/2026: Tăng 8% Trợ Cấp CCB & Lính Xuất Ngũ. 5 Mốc Thời Gian Cần Biết Ngay!,SvX00uxQS3M,34587,2661
14,0.41,False,Góc Nhìn An Sinh,2,True,2568,False,1465,0.0075,False,True,False,False,True,False,False,True,68,16,36,20,even,False,2026-07-21T11:00:06Z,giá vàng phân tích,23600,"Sự Thật Phụ Cấp Cán Bộ Thôn Tăng 14 Triệu: Ai Được Nhận, Ai Bị Giảm?",t9rvKltKO68,5077,363
14,1.53,False,Góc Nhìn An Sinh,23,False,2473,False,1792,0.0062,False,False,False,False,True,False,False,True,70,15,93,20,even,False,2026-07-21T03:00:16Z,giá vàng phân tích,23600,"Vi Sao Chưa Tăng Trợ Cấp Người Già, Khuyết Tật Lên 540K: Khi nào tăng?",MdosxP3wCWM,18752,1339
16,0.67,False,Góc Nhìn An Sinh,9,False,2518,False,1967,0.0064,False,True,False,False,True,False,False,True,90,20,43,19,even,False,2026-07-19T03:00:28Z,giá vàng phân tích,23600,Quốc hội thông Qua: 10 Quyền Lợi Của Gia Đình Liệt Sĩ Bị Bỏ Quên: Ai Thuộc Diện Được Nhận?,lWRT5OL0qZ0,8160,510
17,0.56,False,Góc Nhìn An Sinh,20,False,3026,False,1897,0.0136,False,True,False,False,True,False,False,False,98,21,74,19,even,False,2026-07-18T07:00:35Z,giá vàng phân tích,23600,Chốt Ngày 12/7: Công Bố 4 Quyền Lợi Vàng Cho Cựu Chiến Binh Trong Dự Thảo Pháp Lệnh Người Có Công!,rDdWYaTuWRw,6910,406
18,0.2,False,Góc Nhìn An Sinh,2,False,3004,False,1881,0.0118,False,False,False,False,True,False,False,True,69,13,27,10,even,False,2026-07-17T07:00:33Z,giá vàng phân tích,23600,"Nghị Quyết 04: Người Cao Tuổi Nhận 2,8 Triệu/Tháng. Điều Kiện Ra Sao?",BN23U3y5Fsg,2459,137
18,1.61,False,Góc Nhìn An Sinh,18,True,3513,False,1785,0.0162,False,True,False,False,True,False,False,False,83,18,301,19,odd,True,2026-07-17T03:00:34Z,giá vàng phân tích,23600,Sự Thật Lãi Suất 9-10%: Cách Lấy Lãi Suất Cao Hơn Và Tránh Mất Tiền (Cho Người Già),_uKX-vFYqT4,19678,1093
19,0.34,False,Góc Nhìn An Sinh,6,False,2008,False,2029,0.0085,False,True,False,False,True,False,False,False,98,22,29,16,odd,False,2026-07-16T11:00:33Z,giá vàng phân tích,23600,Tin Vui Tháng 7: Cán Bộ Xã Nghỉ Việc Chính Thức Tăng Trợ Cấp Lên Ít Nhất 3.8 Triệu (Hạn Chót 30/7),QKDTs8GopKY,4114,217
19,11.98,False,Góc Nhìn An Sinh,170,False,1836,False,1677,0.0115,False,False,False,False,True,False,False,True,73,17,1515,18,even,False,2026-07-16T03:00:05Z,giá vàng phân tích,23600,"Lãi suất ngầm vọt lên 12%, vàng kẹt cứng: 2 triệu tỷ đang bốc hơi đi đâu?",h5eXfJubBIQ,146875,7730
20,2.73,False,Góc Nhìn An Sinh,66,False,2376,False,1668,0.0076,False,True,False,False,True,False,False,False,94,20,189,17,even,False,2026-07-15T03:00:24Z,giá vàng phân tích,23600,Thông Báo Khẩn 2026: Rà Soát Trao Huân Chương Chiến Công & Bảng Quà Tặng CCB Lên Đến 10 Triệu!,VqnwCDmT98U,33426,1671
67,0.34,False,Vocab Vault Kids,0,False,1605,False,770,0.003,False,True,False,False,True,False,False,False,99,20,41,4,even,False,2026-05-29T10:00:21Z,khám phá vũ trụ,23600,"20 Động Vật Cho Bé: Voọc Chà Vá Chân Nâu, Vượn Má Trắng, Rùa khổng lồ Aldabra, Khỉ Lùn Marmoset,...",6F7-Ey8WHOI,13780,206
73,0.99,False,Vocab Vault Kids,0,False,1956,False,600,0.0022,False,True,False,False,True,False,False,False,86,17,89,4,even,False,2026-05-23T10:00:17Z,khám phá vũ trụ,23600,"20 Loài Thú Cho Bé Học: Gấu Trúc Lớn, Capybara, Con Lười, Kangaroo, Vượn Cáo Đuôi Vòng",NTiv5hOsuxw,40080,549
81,0.04,False,Vocab Vault Kids,0,False,1443,False,555,0.0039,False,True,False,False,True,False,False,False,98,21,6,6,even,False,2026-05-15T10:00:19Z,khám phá vũ trụ,23600,"20 Động Vật Châu Phi Cho Bé Học: Lửng Mật, Khỉ Đột, Chim Cánh Cụt Châu Phi, Khỉ Mandrill, Tê Tê...",oPUiICMN9Xo,1541,19
119,0.09,False,Vocab Vault Kids,0,False,1940,False,550,0.0013,False,True,False,False,True,True,False,False,100,24,5,16,even,False,2026-04-07T10:00:00Z,khám phá vũ trụ,23600,"Thế Giới Động Vật Hoang Dã Châu Phi (Phần 2) | Gặp Gỡ Chim Thư Ký, Cầy Meerkat Và Báo Hoa Mai Kỳ Thú",2ueil38tvwc,3767,32
173,0.54,False,Vocab Vault Kids,0,False,1977,False,1071,0.0017,False,True,False,True,True,False,False,False,59,14,37,10,odd,False,2026-02-12T10:00:00Z,khám phá vũ trụ,23600,Dạy Bé Học Tên Các Loài Động Vật Hoang Dã Châu Phi (Phần 1),k64fwNRwKEQ,21965,127
234,2.99,False,Vocab Vault Kids,0,False,889,False,1214,0.0023,False,True,True,True,False,True,False,False,88,22,278,14,,False,2025-12-13T10:01:02Z,khám phá vũ trụ,23600,"Bé Nhận Biết Động Vật Địa Cực & Xứ Lạnh ❄️ | Cá Voi Trắng, Cáo Bắc Cực & Nhiều Loài Khác",ZtfSYZ8bN9g,121493,519
263,1.66,False,Vocab Vault Kids,0,False,637,False,836,0.001,False,True,False,False,True,False,False,False,98,20,70,13,odd,False,2025-11-14T10:00:23Z,khám phá vũ trụ,23600,"Bé Nhận Biết Các Loài Chim (P.3): Tu hú, Bìm Bịp, Cu Cu, Trĩ Vàng, Diều Lửa,....và nhiều loài khác",FKJotLts9ZE,67355,256
332,0.14,False,Vocab Vault Kids,0,False,834,False,392,0.0037,False,True,False,False,False,True,False,False,69,14,21,6,,False,2025-09-06T10:01:27Z,khám phá vũ trụ,23600,Dạy Bé Tên Đồ Dùng Phòng Ngủ bằng tiếng Anh| Bedroom Objects for Kids,lG_7V8v6OWY,5633,17
334,0.18,False,Vocab Vault Kids,0,False,816,False,507,0.0019,False,True,False,False,False,True,False,False,69,15,14,13,,False,2025-09-04T10:00:04Z,khám phá vũ trụ,23600,Dạy Bé Tên Đồ Dùng Nhà Bếp bằng Tiếng Anh | Kitchen Utensils for Kids,2r1Y_RUrooA,7249,22
339,0.23,False,Vocab Vault Kids,0,False,611,False,223,0.0049,False,True,True,False,False,True,False,True,80,21,46,9,,False,2025-08-30T10:00:22Z,khám phá vũ trụ,23600,Vì sao Trái Đất có Ngày và Đêm? 🌞🌑 Bé tìm hiểu khoa học vui | Bé Khám phá Vũ trụ,GMBEF3JrEjI,9299,27
343,4.12,False,Vocab Vault Kids,0,False,840,False,762,0.0011,False,True,False,True,True,True,False,False,98,21,184,22,even,False,2025-08-26T10:01:08Z,khám phá vũ trụ,23600,"Dạy Bé Nhận Biết Các Loài Chim (P.2) | Chim Gõ Kiến, Chim Hồng Hoàng, Chim Chìa Vôi, Chim Chèo Bẻo",g4AV7YDv-8Y,167550,488
357,0.17,False,Vocab Vault Kids,0,False,667,False,170,0.0026,False,True,False,False,False,True,False,False,83,21,18,20,,False,2025-08-12T10:30:22Z,khám phá vũ trụ,23600,Bé Tìm Hiểu Sao Băng – Kiến Thức Vũ Trụ Dễ Hiểu Cho Trẻ | Series Bé Khám Phá Vũ Trụ,fxLZFkR-ziA,6808,19
360,4.96,False,Vocab Vault Kids,0,True,279,False,308,0.002,False,True,True,False,False,False,False,False,54,13,407,14,,False,2025-08-09T12:00:06Z,khám phá vũ trụ,23600,Bé khám phá Mặt Trăng 🌙 Những bí mật trên bầu trời đêm,43WU6iMuuxY,201722,560
363,3.29,False,Vocab Vault Kids,0,False,850,False,837,0.0013,False,True,False,False,False,False,False,True,96,20,174,21,,False,2025-08-06T10:00:52Z,khám phá vũ trụ,23600,"Chim Gì Đây? Bé Học Tên Các Loài Chim, Chim sáo, Chim Sơn ca, Chim chích bông, Chim hồng hạc,...",SdtgnKUHCQw,133597,368
374,10.57,False,Vocab Vault Kids,0,False,898,False,665,0.0013,False,True,False,True,False,True,False,False,74,18,552,15,,False,2025-07-26T10:01:03Z,khám phá vũ trụ,23600,"Bé Học Các Động Vật Hoang Dã | Hổ, Sư Tử, Gấu, Đười Ươi và Nhiều Loài Khác",_iIQ3QCpBYQ,429510,1148
382,49.15,False,Vocab Vault Kids,0,False,1141,False,684,0.0016,False,True,False,True,False,True,False,False,53,14,3280,28,,False,2025-07-18T10:00:24Z,khám phá vũ trụ,23600,"Bé Học Tên Các Con Vật Bò / Trườn | Rùa, Rắn, Ốc Sên…",H2mNe_TnE3s,1998140,5231
391,21.46,False,Vocab Vault Kids,0,False,844,False,787,0.0013,False,True,False,False,False,True,False,False,81,19,1115,18,,False,2025-07-09T10:01:07Z,khám phá vũ trụ,23600,"Bé Học Tên Các Sinh Vật Biển | Dạy Bé Cá, Cua, Mực, Tôm, Ốc, Cá Mập, Bạch Tuộc...",dEL6jVCIukk,872224,2231
400,3.87,False,Vocab Vault Kids,0,False,768,False,738,0.0048,False,True,False,False,False,False,False,False,36,9,761,15,,False,2025-06-30T12:00:43Z,khám phá vũ trụ,23600,Học Tên Các Kỳ Quan Thế Giới Cùng Bé,IyTnXcuQ1yg,157279,393
405,1.01,False,Vocab Vault Kids,0,False,1004,False,536,0.001,False,True,False,False,False,True,False,False,56,13,43,12,,False,2025-06-25T10:30:08Z,khám phá vũ trụ,23600,"Máy Xúc, Xe Tải Mỏ, Xe Nâng Container | Bé Học Tiếng Anh",BqJQiTuv0JE,41224,102
409,0.47,False,Vocab Vault Kids,0,False,862,False,513,0.003,False,True,False,False,False,True,False,False,75,19,58,15,,False,2025-06-21T11:30:44Z,khám phá vũ trụ,23600,Bé học tên món ăn & đồ uống | Học tiếng Anh qua hình ảnh và giọng đọc chuẩn,rwITlzIAQao,19142,47
411,29.01,False,Vocab Vault Kids,0,False,909,False,556,0.002,False,True,False,False,False,False,False,False,55,12,2403,12,,False,2025-06-19T10:00:09Z,khám phá vũ trụ,23600,Bé học tiếng Anh về thời tiết và hiện tượng thiên nhiên,6zXnM2Q5pxM,1179499,2870
414,5.39,False,Vocab Vault Kids,0,False,961,False,564,0.0009,False,True,False,False,False,False,False,True,63,14,204,15,,False,2025-06-16T10:00:59Z,khám phá vũ trụ,23600,Xe Gì Đây? Dạy Bé Học Tên Các Phương Tiện Vận Chuyển Hành Khách,fqWs_T48mC4,219060,529
418,0.04,False,Vocab Vault Kids,0,False,793,False,378,0.0019,False,True,False,False,False,False,False,False,22,6,3,16,,False,2025-06-12T10:00:14Z,khám phá vũ trụ,23600,Bé Học Gọi Tên Đồ Chơi,8TxjVQ4fGr0,1540,4
423,0.18,False,Vocab Vault Kids,0,False,442,False,373,0.0013,False,True,False,False,False,False,False,False,65,15,9,13,,False,2025-06-07T10:00:34Z,khám phá vũ trụ,23600,Dạy Bé Nhận Biết Các Nghề Nghiệp – Học Vui Qua Hình Ảnh Sinh Động,IC8fQJzqsdM,7121,17
426,1.99,False,Vocab Vault Kids,0,False,716,False,377,0.0008,False,True,True,False,False,True,False,False,77,19,65,16,,False,2025-06-04T10:15:03Z,khám phá vũ trụ,23600,Dạy Bé Học Tên Các Phương Tiện Giao Thông 🚗✈️ | Bé Học Tên Xe Cộ Qua Hình Ảnh,TinquZIojoc,80727,190
427,0.47,False,Vocab Vault Kids,0,False,549,False,229,0.0012,False,True,False,False,False,True,False,False,93,23,22,10,,False,2025-06-03T10:00:56Z,khám phá vũ trụ,23600,"Dạy Bé Học Từ Vựng Trái Cây Tiếng Anh Qua Bài Hát | Quả gì đây | Quả táo, quả chuối, quả xoài",U8xLIGUPzLg,18974,44
430,56.96,False,Vocab Vault Kids,0,False,1008,False,415,0.0028,False,True,False,False,False,True,False,False,68,16,6454,20,,False,2025-05-31T11:45:02Z,khám phá vũ trụ,23600,Bé Học Tên Các Hành Tinh Trong Hệ Mặt Trời | Tên Hành Tinh Tiếng Anh,FX4K8t1455A,2315515,5385
433,8.56,False,Vocab Vault Kids,0,False,3185,False,756,0.0014,False,True,False,True,False,True,False,False,94,20,477,17,,False,2025-05-28T12:30:11Z,khám phá vũ trụ,23600,"Bé Nhận Biết Các Loài Khủng Long | Khủng Long Cổ Dài, Khủng Long Bọc Giáp, Khủng Long Bạo Chúa",B26U4uMrTIc,347917,804
440,0.23,False,Vocab Vault Kids,0,False,615,False,489,0.0017,False,True,False,False,False,True,False,True,87,22,16,21,,False,2025-05-21T10:01:37Z,khám phá vũ trụ,23600,"Con gì đây? Con Cá Sấu, Con Gấu, Con Trâu, Con Sư Tử, Con Kiến | Dạy bé học các con vật",xtz_fk_9awc,9422,21
441,0.04,False,Vocab Vault Kids,0,False,625,False,360,0.0042,False,True,False,True,False,True,False,False,73,20,6,18,,False,2025-05-20T12:01:08Z,khám phá vũ trụ,23600,Bé học quốc kỳ & tên các nước Châu Mỹ | Dạy bé nhận biết lá cờ & quốc gia,_C1ITfLUNIo,1429,3
1218,5.63,False,Psychologyfactzone,12,False,639,False,12,0.0295,False,False,True,False,False,True,False,False,47,7,482,7,,False,2023-04-04T15:21:34Z,psychology facts,23500,Psychology says _ Never expect💔|| #shorts #fact,djUwgafjoEQ,16726,14
1221,3.67,False,Psychologyfactzone,1,False,674,False,12,0.0194,False,False,True,False,False,True,False,False,75,12,211,8,,False,2023-04-01T13:28:08Z,psychology facts,23500,"Psychology says - Guys fear rejection , want attention and crave💔|| #shorts",JCD9nZo3uQQ,10913,9
1222,1.84,False,Psychologyfactzone,0,False,679,False,11,0.0248,False,False,True,False,False,True,False,False,81,14,136,5,,False,2023-03-31T12:03:39Z,psychology facts,23500,Psychology says - There is nothing scarier then getting what you want 💔|| #shorts,BSzYPLYhAPE,5478,4
1223,1.32,False,Psychologyfactzone,2,False,659,False,11,0.0323,False,False,True,False,False,True,False,False,61,9,125,7,,False,2023-03-30T13:24:37Z,psychology facts,23500,Psychology says sometimes silence is the powerful 💔|| #shorts,h_oMkEPcx2Q,3930,3
1224,1.48,False,Psychologyfactzone,2,False,665,False,12,0.0371,False,False,True,False,False,True,False,False,67,11,161,7,,False,2023-03-29T13:51:15Z,psychology facts,23500,Psychology says - Walking long distance is the best way❣️|| #shorts,WU_eWAy7Dtw,4394,4
1225,1.72,False,Psychologyfactzone,0,False,667,False,10,0.0308,False,False,True,False,False,True,False,False,68,12,157,7,,False,2023-03-28T14:14:05Z,psychology facts,23500,Psychology fact - Having a conversation with a woman 💕can || #shorts,CzagkimZhBo,5097,4
1226,1.22,False,Psychologyfactzone,0,False,641,False,12,0.0319,False,False,True,False,False,True,False,False,49,10,116,7,,False,2023-03-27T14:13:20Z,psychology facts,23500,Make a person fall in love with 💔|| #shorts #love,5WJfL9nbLng,3635,3
1227,1.24,False,Psychologyfactzone,2,False,659,False,12,0.0218,False,False,True,False,False,True,False,False,61,10,78,7,,False,2023-03-26T12:56:41Z,psychology facts,23500,Psychology says - Attractive people tend to have 🙄💔|| #shorts,ENovzjOWJmM,3675,3
1228,1.84,False,Psychologyfactzone,3,False,658,False,11,0.0305,False,False,True,False,False,True,False,False,59,9,164,7,,False,2023-03-25T13:25:06Z,psychology facts,23500,Psychology fact - Best couples are mostly of...❣️|| #shorts,7mjyB3Je_f4,5467,4
1229,0.87,False,Psychologyfactzone,1,False,669,False,11,0.0208,False,False,True,False,False,True,False,False,75,11,53,8,,False,2023-03-24T14:03:43Z,psychology facts,23500,Psychology says -We mostly blame a person's behaviour based 💔|| #psychology,3jRbqcYI91Q,2595,2
1230,0.89,False,Psychologyfactzone,0,False,652,False,11,0.0317,False,False,True,False,False,True,False,False,53,9,84,7,,False,2023-03-23T13:46:10Z,psychology facts,23500,Psychology says - Most of our decision are 💔||#shorts,6JASOtSjuXo,2646,2
1231,0.58,False,Psychologyfactzone,2,True,671,False,11,0.0291,False,False,True,False,False,True,False,False,72,10,48,7,,False,2023-03-22T13:18:06Z,psychology facts,23500,Psychology says - Sharing secrets can enhance attraction 🧲 even||#shorts,gCXcqhT7v-U,1716,1
1232,0.99,False,Psychologyfactzone,3,False,658,False,12,0.0228,False,False,True,False,False,True,False,False,60,11,64,7,,False,2023-03-21T13:17:19Z,psychology facts,23500,Psychology fact - Women tend to argue more with 💔🙄|| #shorts,1rhGq4jSPtw,2942,2
1233,0.78,False,Psychologyfactzone,0,False,661,False,12,0.0305,False,False,True,False,False,True,False,False,62,10,71,8,,False,2023-03-20T13:57:23Z,psychology facts,23500,Psychology fact - Most people ruin their today just 💔||#shorts,tu8SkNF0Vsk,2329,2
1234,0.77,False,Psychologyfactzone,0,False,659,False,12,0.0261,False,False,True,False,False,True,False,False,60,11,60,7,,False,2023-03-19T13:28:44Z,psychology facts,23500,Psychology says - Once you begin to dislike 💔 then ||#shorts,6I-Mf4qWLpc,2297,2
1235,1.06,False,Psychologyfactzone,0,False,664,False,12,0.0374,False,False,True,False,False,True,False,True,65,12,118,8,,False,2023-03-18T13:11:42Z,psychology facts,23500,Psychology fact - Crying is how our body speaks when ❣️|| #shorts,IouUmFWoZag,3154,3
1236,1.21,False,Psychologyfactzone,1,False,660,False,12,0.026,False,False,True,False,False,True,False,False,74,12,92,7,,False,2023-03-17T14:13:42Z,psychology facts,23500,Psychology says - The more you hide your feelings ❣️|| #psychology #shorts,uklvD1pIPmU,3582,3
1237,0.91,False,Psychologyfactzone,1,False,661,False,11,0.0299,False,False,True,False,False,True,False,False,63,12,80,7,,False,2023-03-16T14:08:57Z,psychology facts,23500,Psychology says - We ignore the one who adore us but💔|| #shorts,qkD9s_QXyTQ,2708,2
1238,0.8,False,Psychologyfactzone,0,False,666,False,11,0.0355,False,False,True,False,False,True,False,False,67,10,84,8,,False,2023-03-15T14:54:04Z,psychology facts,23500,Psychologically damaged people tend to be strongest 💔 coZ|| #shorts,u_xpiRUoo64,2366,2
1239,0.77,False,Psychologyfactzone,1,False,651,False,12,0.0241,False,False,True,False,False,True,False,False,65,10,54,8,,False,2023-03-14T14:21:39Z,psychology facts,23500,Psychology fact - You don't know yourself 💔|| #shorts #psychology,O7_boyb34So,2282,2
1240,0.57,False,Psychologyfactzone,0,False,679,False,12,0.0302,False,False,True,False,False,True,False,False,81,14,51,8,,False,2023-03-13T13:48:39Z,psychology facts,23500,Psychology fact - Your personality is who you are but your attitude ☠️💔|| #shorts,WxjSC4tgRrQ,1689,1
1241,0.87,False,Psychologyfactzone,3,False,669,False,11,0.0294,False,False,True,False,False,True,False,False,70,13,73,8,,False,2023-03-12T12:11:00Z,psychology facts,23500,Psychology says - The worst person to be around is someone 💔|| #shorts,K5mLE9LnhP4,2588,2
1242,0.42,False,Psychologyfactzone,1,False,640,False,12,0.0328,False,False,True,False,False,True,False,False,54,10,40,7,,False,2023-03-11T12:35:08Z,psychology facts,23500,Tears due to loved one 💔 causes || #shorts #psychology,XsnjBh_mqqg,1249,1
1243,1.43,False,Psychologyfactzone,3,False,665,False,11,0.0192,False,False,True,False,True,True,False,False,66,14,79,7,odd,False,2023-03-10T13:22:26Z,psychology facts,23500,The average women loses her temper 3 times a week but 💔| | #shorts,vRrnhcl3mmo,4260,3
1244,0.92,False,Psychologyfactzone,2,False,666,False,11,0.043,False,False,True,False,False,True,False,False,67,13,116,8,,False,2023-03-09T13:14:48Z,psychology facts,23500,Psychology says - People who are too nice 🙂 are also one💔|| #shorts,RV2TmH6d3ys,2744,2
1245,0.87,False,Psychologyfactzone,0,False,676,False,12,0.0272,False,False,True,False,False,True,False,True,90,18,70,7,,False,2023-03-08T12:50:20Z,psychology facts,23500,"Psychology says - No matter how angry you get , you always end up 💔| | #psychology #shorts",ylOd4yEIDJ4,2576,2
1246,0.76,False,Psychologyfactzone,0,False,654,False,11,0.0279,False,False,True,False,False,True,False,False,62,10,63,7,,False,2023-03-07T13:25:38Z,psychology facts,23500,Psychology fact - Your personality makes you 💔|| #shorts #love,7imqzOzwgKc,2262,2
1247,2.51,False,Psychologyfactzone,0,False,668,False,11,0.0211,False,False,True,False,False,True,False,False,82,15,157,7,,False,2023-03-06T13:14:29Z,psychology facts,23500,Psychology fact - The person you are least attracted ❣️ to | | #shorts #psychology,vyUVHjPlZ90,7452,6
1248,1.05,False,Psychologyfactzone,9,False,715,False,11,0.0421,False,False,True,False,False,True,False,False,50,10,123,8,,False,2023-03-05T13:48:25Z,psychology facts,23500,The best person in your life ❣️is || #shorts #love,NbKUCgwBDyA,3133,3
1249,1.01,False,Psychologyfactzone,1,False,741,False,12,0.0193,False,False,True,False,False,True,False,False,69,12,57,6,,False,2023-03-04T13:26:59Z,psychology facts,23500,Psychology fact - It is more satisfying to feel angry 😡 then||#shorts,y3JUxCfaVjk,3002,2
1,0.12,False,Top 10 Khám Phá,0,False,1482,False,1350,0.0213,False,True,False,True,True,False,False,False,46,12,1,15,even,False,2026-08-04T04:00:02Z,top 10 sự thật,22800,Top 10 Nhà Máy Sản Xuất Ô Tô Hàng Đầu Thế Giới,jF9VoIgk-H8,47,47
3,0.32,False,Top 10 Khám Phá,0,False,1054,False,1085,0.031,False,True,False,True,True,True,False,False,87,20,4,8,even,False,2026-08-01T04:00:35Z,top 10 sự thật,22800,Top 10 Khu Dân Cư Lớn Nhất Thế Giới | Nhồi Nhét 50.000 Người Trên Diện Tích 3 Sân Bóng!,TXLItq0pTUU,129,43
5,0.37,False,Top 10 Khám Phá,0,False,1806,False,1816,0.0265,False,True,False,True,True,True,False,False,95,22,4,14,even,False,2026-07-30T04:00:39Z,top 10 sự thật,22800,"16 Sinh Vật Tiền Sử Lớn Nhất Thế Giới | Megalodon Chỉ Là ""Đàn Em"", Hạng 1 Nặng Hơn Cá Voi Xanh!",4vbdANzZs4Q,151,30
7,0.35,False,Top 10 Khám Phá,0,False,1195,False,775,0.042,False,True,False,True,True,True,False,False,99,24,6,14,even,False,2026-07-28T04:00:05Z,top 10 sự thật,22800,Top 10 Kênh Đào Ấn Tượng Nhất Thế Giới | Chỉ Một Sự Cố Khiến Cả Thế Giới Thiệt Hại Hàng Chục Tỷ Đô!,BpW7ONhaKlw,143,20
8,1010.06,False,Top 10 Khám Phá,155,False,69,False,52,0.0117,False,False,False,False,True,False,False,False,87,19,4669,0,even,False,2026-07-27T04:00:04Z,top 10 sự thật,22800,Top 10 câu nói nổi tiếng của các vĩ nhân và anh hùng dân tộc Việt Nam #top10 #caunoihay,xWlDnOhd1Y0,411093,51387
10,1.06,False,Top 10 Khám Phá,0,False,1384,False,1196,0.0139,False,True,False,True,True,True,False,False,80,21,6,11,even,False,2026-07-25T04:00:02Z,top 10 sự thật,22800,Top 10 Trang Trại Kỳ Lạ Nhất Thế Giới | Nuôi 6 TỶ con gián kiếm 1 TỶ ĐÔ mỗi năm!,PqoC5sqpqmY,433,43
11,457.56,False,Top 10 Khám Phá,65,False,62,False,60,0.008,False,False,False,False,True,False,False,False,94,17,1417,0,even,False,2026-07-24T04:00:36Z,top 10 sự thật,22800,Top 10 món ăn Việt Nam được du khách nước ngoài yêu thích nhất #monanngon #top10 #top10khampha,i1GNUXBdgpI,186227,16930
12,0.4,False,Top 10 Khám Phá,0,False,1279,False,1251,0.0245,False,True,True,True,True,True,False,False,80,20,4,15,even,False,2026-07-23T04:00:32Z,top 10 sự thật,22800,Top 10 Vết Nứt Đáng Sợ Nhất Thế Giới | Hạng 1 Giống Như Cửa Vào Thế Giới Ngầm! 😱,SmA8uFc6xXw,163,14
14,0.8,False,Top 10 Khám Phá,0,False,1473,False,1312,0.0154,False,True,False,True,True,True,False,False,90,23,5,21,even,False,2026-07-21T04:00:28Z,top 10 sự thật,22800,"Top 10 Loài Cá Lớn Nhất Thế Giới | Cá Mập Trắng Chỉ Xếp Hạng 3, Số 1 Khổng Lồ Đến Khó Tin!",NHduynxbhdQ,324,23
17,0.53,False,Top 10 Khám Phá,0,False,1485,False,662,0.0093,False,True,False,True,True,True,False,False,87,21,2,15,even,False,2026-07-18T04:00:15Z,top 10 sự thật,22800,Top 10 Loài Chim Thiên Đường Đẹp Nhất Thế Giới | Hạng 1 Đẹp Đến Mức Tưởng Là AI Tạo Ra!,TQDkLkdXwvk,214,13
19,0.83,False,Top 10 Khám Phá,0,False,1683,False,1141,0.0298,False,True,False,True,True,True,False,False,92,22,10,18,even,False,2026-07-16T04:00:13Z,top 10 sự thật,22800,Top 10 Loại Hương Liệu Đắt Nhất Thế Giới | Hạng 1 Chỉ Một Mẩu Nhỏ Cũng Đổi Được Cả Biệt Thự!,ysvnMyaOWjc,336,18
21,0.55,False,Top 10 Khám Phá,0,False,1442,False,1102,0.0448,False,True,True,True,True,True,False,False,87,21,10,18,even,False,2026-07-14T04:00:33Z,top 10 sự thật,22800,"Top 10 Loài Thực Vật Kỳ Diệu Nhất Thế Giới | Hạng 1 Biết ""Đi"", Chết Khô Vẫn Sống Lại! 😱",PR9QN7PTbPY,223,11
24,0.94,False,Top 10 Khám Phá,0,False,1372,False,996,0.0105,False,True,False,True,True,True,False,False,99,25,4,11,even,False,2026-07-11T04:00:23Z,top 10 sự thật,22800,"Top 10 Giống Chó Mạnh Nhất Thế Giới | Hạ Gục Cả Bầy Sói Chỉ Xếp Hạng 9, Hạng 1 Sở Hữu 300 Triệu USD",Di-CwgJjBnY,381,16
26,0.72,False,Top 10 Khám Phá,0,False,1283,False,1083,0.0137,False,False,True,True,True,True,False,False,83,21,4,14,even,False,2026-07-09T04:00:19Z,top 10 sự thật,22800,"😱 Top 10 Người Cao Nhất Thế Giới | Hạng 1 Cao Gần 3 Mét, Ngồi Vẫn Cao Hơn Yao Ming!",zx9GcRYMFro,292,11
28,1.4,False,Top 10 Khám Phá,0,False,1180,False,1104,0.0211,False,True,False,True,True,True,False,False,84,20,12,19,even,False,2026-07-07T04:00:10Z,top 10 sự thật,22800,Top 10 Công Nghệ Chế Tác Đỉnh Cao Nhất Thế Giới | Hạng 1 Khiến Cả Thế Giới Thán Phục,9SoASA0-UVM,569,20
31,2.15,False,Top 10 Khám Phá,0,False,1691,False,1376,0.0228,False,True,True,True,True,True,False,False,87,22,20,13,even,False,2026-07-04T04:00:13Z,top 10 sự thật,22800,"😱 Top 10 Đoàn Tàu Dài Nhất Thế Giới | Hạng 1 Dài Hơn 7,3 Km Khiến Cả Thế Giới Kinh Ngạc",dktsspT8czs,877,28
33,0.59,False,Top 10 Khám Phá,0,False,1645,False,1033,0.0083,False,True,False,True,True,True,False,False,74,18,2,14,even,False,2026-07-02T04:00:36Z,top 10 sự thật,22800,Top 10 Phong Tục Kỳ Lạ Nhất Thế Giới | Hạng 1 Không Dành Cho Người Yếu Tim,CS8fvoFnF5o,242,7
35,0.71,False,Top 10 Khám Phá,0,False,1596,False,1060,0.0243,False,True,False,True,True,True,False,False,89,22,7,11,even,False,2026-06-30T04:00:13Z,top 10 sự thật,22800,"Top 10 Thang Máy Đáng Sợ Nhất Thế Giới | Lộ Thiên 150m Chưa Là Gì, Hạng 1 Mới Là Ác Mộng!",A1AknF7_DvU,288,8
38,0.71,False,Top 10 Khám Phá,0,False,1717,False,1249,0.0208,False,True,False,True,True,True,False,False,99,25,6,13,even,False,2026-06-27T04:00:09Z,top 10 sự thật,22800,Top 10 Nơi Sinh Sống Khó Tin Nhất Thế Giới | Thị Trấn Bị Tảng Đá Khổng Lồ Đè Lên Nóc Chỉ Xếp Thứ 10,ekHjwVJLkzk,288,8
40,1.26,False,Top 10 Khám Phá,0,False,1530,False,1007,0.0253,False,True,False,True,True,True,False,False,78,20,13,12,even,False,2026-06-25T04:00:14Z,top 10 sự thật,22800,Top 10 Màn Tái Chế Rác Kỳ Diệu Nhất Thế Giới | Số 1 Khiến Cả Thế Giới Sững Sờ!,pRHqXlGWOfQ,514,13
42,6.51,False,Top 10 Khám Phá,6,False,1613,False,1228,0.0181,False,True,False,True,True,True,False,False,91,23,42,11,even,False,2026-06-23T04:00:34Z,top 10 sự thật,22800,"Top 10 Chiếc Đồng Hồ Đắt Nhất Thế Giới | Rolex 450 Tỷ Chỉ Xếp Hạng 9, Số 1 Đắt Đến Khó Tin!",7gByz_p5sww,2651,63
45,7.21,False,Top 10 Khám Phá,0,False,1501,False,1105,0.0109,False,True,True,True,True,True,False,False,78,20,32,15,even,False,2026-06-20T04:00:15Z,top 10 sự thật,22800,Top 10 Tòa Nhà Kỳ Lạ Nhất Thế Giới | Hạng 1 Thách Thức Mọi Định Luật Vật Lý! 😱,qBmS_N9Tjlo,2933,65
47,98.35,False,Top 10 Khám Phá,14,False,1508,True,1077,0.0065,False,True,False,True,True,True,False,False,100,23,248,13,even,False,2026-06-18T04:00:33Z,top 10 sự thật,22800,"Top 10 Quy Trình Sản Xuất Kỳ Diệu Nhất Thế Giới | Đôi Dép Hoàn Thành Trong 1 Giây, Hạng 1 Gây Nghiện",v-WrStxfIrU,40027,852
49,15.31,False,Top 10 Khám Phá,0,False,1523,False,1537,0.0114,False,True,False,True,True,True,False,False,76,18,71,16,even,False,2026-06-16T04:00:23Z,top 10 sự thật,22800,Top 10 Khách Sạn Lớn Nhất Thế Giới | Khách Sạn Số 1 Khiến Du Khách Lạc Đường,CjyF2tFHQis,6230,127
52,1.71,False,Top 10 Khám Phá,2,False,1520,False,1284,0.0172,False,True,False,True,True,True,False,False,98,25,10,11,even,False,2026-06-13T04:00:08Z,top 10 sự thật,22800,"Top 10 Loài Cá Sấu Lớn Nhất Thế Giới | Cá Sấu Ăn Thịt Người Chỉ Xếp Thứ 3, Số 1 Săn Cả Khủng Long!",KkUVc_My5uM,696,13
54,2.36,False,Top 10 Khám Phá,0,False,1654,False,1229,0.0187,False,True,False,True,True,True,False,False,100,26,18,18,even,False,2026-06-11T04:06:57Z,top 10 sự thật,22800,"Top 10 Mẫu Xe 3 Bánh Ngầu Nhất Thế Giới | Xe Tạo Ra Điện Chỉ Xếp Thứ 8, Số 1 Đẹp Đến Mức Không Tưởng",cZtUPshf9NE,961,18
56,20.78,False,Top 10 Khám Phá,2,False,1573,False,1248,0.0057,True,True,False,True,True,True,False,False,99,23,46,10,even,False,2026-06-09T04:00:22Z,top 10 sự thật,22800,"Top 10 Chiếc Mô Tô Đắt Nhất Thế Giới | Số 1 Giá 11 Triệu USD, Giới Siêu Giàu Cũng Phải Choáng Váng!",SwJmrTTLOWg,8459,151
59,0.88,False,Top 10 Khám Phá,0,False,1505,False,1193,0.0194,False,True,False,True,True,True,False,False,80,21,7,15,even,False,2026-06-06T04:00:13Z,top 10 sự thật,22800,Top 10 Gia Đình Kỳ Lạ Nhất Thế Giới | Số 1 Có 39 Vợ Và Hơn 200 Người Sống Chung!,NnUgDs3tLFY,360,6
61,1.22,False,Top 10 Khám Phá,0,False,1481,False,1145,0.0141,False,True,False,True,True,True,False,False,92,25,7,12,even,False,2026-06-04T04:00:32Z,top 10 sự thật,22800,"Top 10 Món Ăn Kinh Dị Nhất Thế Giới | Đồ Ăn Của ""Pháp Sư Ấn Độ"" Vẫn Phải Gọi Món Số 1 Là Cụ!",U8PKZcz7KyI,495,8
63,1.92,False,Top 10 Khám Phá,0,False,1287,False,1439,0.0243,False,True,False,True,True,True,False,False,92,23,19,8,even,False,2026-06-02T04:00:31Z,top 10 sự thật,22800,"Top 10 Nhà Máy In Tiền Hàng Đầu Thế Giới | Nga Chỉ Hạng 8, Số 1 Chi Phối Tài Chính Toàn Cầu!",6_Xytkqdhj0,783,12
79,0.23,False,Lời Dạy Người Xưa,1,False,3381,False,1592,0.0281,False,True,False,True,False,True,False,False,79,20,13,10,,False,2026-05-17T13:32:20Z,quản lý tiền,22700,CỔ NHÂN DẠY – Binh Pháp Tôn Tử Và Cách Hiểu Chính Mình - TÔN TỬ | Triết Lý Sống,y7-JbTPCUZc,498,6
93,0.58,False,Lời Dạy Người Xưa,4,False,2836,False,1225,0.0211,False,True,False,True,False,True,False,False,71,18,22,28,,True,2026-05-03T14:08:04Z,quản lý tiền,22700,CỔ NHÂN DẠY – Nghèo Khó Và Con Đường Vươn Lên - MẠNH TỬ | Triết Lý Sống,-O2BsRiCXeE,1232,13
99,0.36,False,Lời Dạy Người Xưa,2,False,3313,False,952,0.0235,False,True,False,True,False,True,False,False,76,20,16,26,,False,2026-04-26T16:39:43Z,quản lý tiền,22700,CỔ NHÂN DẠY – Sống Không Mục Tiêu - LÃO TỬ VÀ TRIẾT LÝ VÔ VI | Triết Lý Sống,kdbnC1cJLM8,766,8
107,0.34,False,Lời Dạy Người Xưa,1,False,2900,False,1937,0.0247,False,True,False,True,True,True,False,False,98,24,17,27,odd,False,2026-04-19T13:12:06Z,quản lý tiền,22700,CỔ NHÂN DẠY – 3 Lần TÍCH LUỸ TÀI SẢN Lừng Lẫy Từ Tay Trắng - THƯƠNG THÁNH PHẠM LÃI | Triết Lý Sống,Vkn2l4rAvTU,730,7
114,1.19,False,Lời Dạy Người Xưa,1,False,0,False,57,0.0231,False,True,False,False,False,False,False,False,83,10,58,0,,False,2026-04-11T17:33:12Z,quản lý tiền,22700,Cổ nhân dạy: thành công đến chậm.#trietlycuocsong #baihoccuocsong #phatphap #shorts,38xxSLmZmRI,2551,22
115,0.83,False,Lời Dạy Người Xưa,2,False,0,False,56,0.0303,False,True,False,False,False,False,False,False,99,14,52,0,,False,2026-04-10T16:57:33Z,quản lý tiền,22700,Cổ nhân dạy:Dám kiên trì học để thay đổi cuộc đời#trietlycuocsong #baihoccuocsong #phatphap #shorts,zH99fV347k4,1784,16
116,0.8,False,Lời Dạy Người Xưa,3,False,0,False,59,0.0445,False,True,False,False,False,False,False,False,85,11,73,0,,False,2026-04-09T16:01:23Z,quản lý tiền,22700,Cổ nhân dạy: kỷ luật để thành công.#trietlycuocsong #baihoccuocsong #phatphap #shorts,Uw_zSJ_CIiw,1706,15
118,0.98,False,Lời Dạy Người Xưa,2,False,0,False,59,0.0181,False,True,False,False,False,False,False,False,99,13,36,0,,False,2026-04-08T15:11:04Z,quản lý tiền,22700,Cổ nhân dạy:Người chậm chạp trở thành bậc Vĩ Nhân#trietlycuocsong #baihoccuocsong #phatphap #shorts,a5f6W7U3Crg,2103,18
119,0.3,False,Lời Dạy Người Xưa,1,False,2743,False,2298,0.0383,False,True,False,True,False,True,False,False,88,21,24,23,,False,2026-04-07T13:07:33Z,quản lý tiền,22700,CỔ NHÂN DẠY – Từ Người CHẬM CHẠP Trở Thành Bậc VĨ NHÂN - TĂNG QUỐC PHIÊN | Triết Lý Sống,-oaiRtt5xhU,652,5
119,1.33,False,Lời Dạy Người Xưa,2,False,0,False,60,0.0155,False,False,False,False,False,False,False,False,93,12,42,0,,False,2026-04-06T17:45:12Z,quản lý tiền,22700,Người chậm chạp chiến thắng kẻ thông minh. #trietlycuocsong #baihoccuocsong #phatphap #shorts,LQGYvOM_Lwc,2838,24
158,0.06,False,Lời Dạy Người Xưa,2,False,2038,False,39,0.065,False,True,False,False,True,True,False,False,68,16,6,18,even,False,2026-02-27T12:32:34Z,quản lý tiền,22700,Chúc Các Bác Một Năm 2026 An Khang Và Thành Công | Lời Dạy Người Xưa,paJns-xGTeY,123,1
170,0.23,False,Lời Dạy Người Xưa,3,False,2153,False,1915,0.0287,False,True,False,False,True,False,False,False,90,21,11,20,odd,False,2026-02-15T14:34:45Z,quản lý tiền,22700,Tề Bạch Thạch: Người thợ mộc 27 tuổi mới học vẽ và câu chuyện cho những ai sợ bắt đầu muộn,wUlUS3mSYrQ,487,3
177,0.09,False,Lời Dạy Người Xưa,5,False,3104,False,290,0.0979,False,True,False,True,False,False,False,False,78,17,14,7,,False,2026-02-08T07:04:07Z,quản lý tiền,22700,Lần Đầu Xuất Hiện: Tâm Tình Của Thành Và Hành Trình Mới Của Lời Dạy Người Xưa.,HTuss_oUGPs,194,1
181,1.3,False,Lời Dạy Người Xưa,1,False,262,False,59,0.0155,False,True,False,False,False,False,False,False,92,17,42,0,,False,2026-02-04T08:50:47Z,quản lý tiền,22700,Lời Dạy Người Xưa: Muốn Có Tiền Phải Dám Qua Nghịch Cảnh - Mạnh Tử. #shorts #trietlycuocsong,Om5wLdOt8Do,2769,15
181,1.47,False,Lời Dạy Người Xưa,6,False,3281,False,1821,0.0232,False,True,False,True,False,True,False,False,78,19,67,25,,False,2026-02-03T15:35:11Z,quản lý tiền,22700,"CỔ NHÂN DẠY – Muốn Có Tiền, Phải Dám QUA NGHỊCH CẢNH - MẠNH TỬ | Triết Lý Sống",B2hxAL5dS7k,3145,17
182,1.13,False,Lời Dạy Người Xưa,1,False,275,False,53,0.0219,False,True,False,False,False,False,False,False,95,17,52,0,,False,2026-02-03T05:28:05Z,quản lý tiền,22700,"Lời Dạy Người Xưa: Muốn Có Tiền Phải Biết Chọn Trận, Binh Pháp Tôn Tử. #shorts #trietlycuocsong",aRY53uCORnU,2416,13
183,1.11,False,Lời Dạy Người Xưa,5,False,3324,False,1788,0.0215,False,True,False,True,False,True,False,False,82,20,46,26,,False,2026-02-02T12:06:42Z,quản lý tiền,22700,"CỔ NHÂN DẠY – Muốn Có Tiền, Phải Biết CHỌN TRẬN - BINH PHÁP TÔN TỬ | Triết Lý Sống",-Sgb_gHDavE,2374,13
186,1.18,False,Lời Dạy Người Xưa,5,False,284,False,59,0.0278,False,True,False,False,False,False,False,False,99,16,65,0,,False,2026-01-30T04:00:38Z,quản lý tiền,22700,"Lời Dạy Người Xưa: Muốn Có Tiền Phải Biết Thuyền Cỏ Mượn Tên,Gia Cát Lượng.#shorts #trietlycuocsong",bql1cDkVxow,2522,14
186,4.85,False,Lời Dạy Người Xưa,16,False,3595,False,1649,0.014,False,True,False,True,False,True,False,False,88,21,129,24,,False,2026-01-29T19:01:35Z,quản lý tiền,22700,"CỔ NHÂN DẠY – Muốn Có Tiền, Phải Biết THUYỀN CỎ MƯỢN TÊN - GIA CÁT LƯỢNG | Triết Lý Sống",a9JjgawijYA,10370,56
187,1.21,False,Lời Dạy Người Xưa,3,False,286,False,50,0.0224,False,True,False,False,False,False,False,False,99,15,55,0,,False,2026-01-29T05:41:14Z,quản lý tiền,22700,Lời Dạy Người Xưa: Muốn Có Tiền Phải Biết Thuật Nhìn Người-Tăng Quốc Phiên.#shorts #trietlycuocsong,d5mlph2JKUA,2595,14
188,0.76,False,Lời Dạy Người Xưa,5,False,3407,False,1576,0.0234,False,True,False,True,False,True,False,False,100,18,33,25,,False,2026-01-28T12:22:44Z,quản lý tiền,22700,"CỔ NHÂN DẠY–Muốn Có Tiền, Phải Biết THUẬT NHÌN NGƯỜI- THUẬT BĂNG GIÁM- TĂNG QUỐC PHIÊN|Triết Lý Sống",Y3c6V7wvaFs,1624,9
188,1.13,False,Lời Dạy Người Xưa,1,False,273,False,59,0.0203,False,True,False,False,False,False,False,False,95,18,48,0,,False,2026-01-28T10:28:27Z,quản lý tiền,22700,Lời Dạy Người Xưa: Muốn Có Tiền Phải Hiểu Số Phận - Liễu Phàm Tứ Huấn. #shorts #trietlycuocsong,fw5i3VlAQ40,2410,13
188,1.02,False,Lời Dạy Người Xưa,3,False,3305,False,1444,0.0189,False,True,False,True,False,True,False,False,81,20,38,25,,False,2026-01-27T18:00:59Z,quản lý tiền,22700,"CỔ NHÂN DẠY – Muốn Có Tiền, Phải Hiểu SỐ PHẬN - LIỄU PHÀM TỨ HUẤN | Triết Lý Sống",dBrJVRD0XZI,2173,12
189,0.59,False,Lời Dạy Người Xưa,6,False,3620,False,1769,0.0299,False,True,False,True,False,True,False,False,96,23,32,24,,False,2026-01-26T20:46:43Z,quản lý tiền,22700,"CỔ NHÂN DẠY – Muốn Có Tiền, Phải Biết KỶ LUẬT BẢN THÂN - NHẬT KÝ TĂNG QUỐC PHIÊN | Triết Lý Sống",EnTLLHixL9A,1270,7
190,2.05,False,Lời Dạy Người Xưa,3,False,256,False,52,0.0114,False,True,False,False,False,False,False,False,100,14,47,0,,False,2026-01-26T03:25:57Z,quản lý tiền,22700,Lời Dạy Người Xưa:Muốn Có Tiền Phải Biết Mượn Sức Người Khác#shorts #trietlycuocsong #baihoccuocsong,nEdW0Vx7tbg,4391,23
190,0.72,False,Lời Dạy Người Xưa,8,False,3615,False,1650,0.0344,False,True,False,True,False,True,False,False,82,20,45,26,,False,2026-01-25T18:36:18Z,quản lý tiền,22700,"CỔ NHÂN DẠY – Muốn Có Tiền, Phải Biết MƯỢN SỨC NGƯỜI KHÁC - LƯU BỊ | Triết Lý Sống",xKkKic_r9QM,1542,8
191,1.46,False,Lời Dạy Người Xưa,1,False,262,False,59,0.0211,False,True,False,False,True,False,False,False,99,14,65,0,odd,False,2026-01-25T05:41:44Z,quản lý tiền,22700,Lời Dạy Người Xưa:Muốn Có Tiền Phải Biết:Thỏ Khôn Có 3 Hang#shorts #trietlycuocsong #baihoccuocsong,7Jzn7mn7t-E,3123,16
191,8.1,False,Lời Dạy Người Xưa,39,False,3279,False,1605,0.0195,False,True,False,True,True,True,False,False,91,22,299,26,odd,False,2026-01-24T15:41:58Z,quản lý tiền,22700,"CỔ NHÂN DẠY – Muốn Có Tiền, Phải Biết THỎ KHÔN CÓ 3 HANG - MẠNH THƯỜNG QUÂN | Triết Lý Sống",GcmqaSHLmO8,17320,91
192,1.24,False,Lời Dạy Người Xưa,1,False,268,False,59,0.0128,False,True,False,False,False,False,False,False,99,18,33,0,,False,2026-01-24T11:00:38Z,quản lý tiền,22700,Lời Dạy Người Xưa: Muốn Có Tiền Phải Biết Đừng Để Người Khác Định Giá Bạn. #shorts #trietlycuocsong,z9dUwwfEl0o,2646,14
192,0.57,False,Lời Dạy Người Xưa,7,False,3401,False,1450,0.0369,False,True,False,True,False,True,False,False,100,23,38,25,,False,2026-01-23T20:38:55Z,quản lý tiền,22700,"CỔ NHÂN DẠY – Muốn Có Tiền, Phải Biết ĐỪNG ĐỂ NGƯỜI KHÁC ĐỊNH GIÁ BẠN - TƯỚNG LÃ MÔNG |Triết Lý Sống",PSku_MHh6Vs,1221,6
1303,0.64,False,Nguyễn Văn Ngọc - BĐS,1,False,0,False,61,0.016,False,False,False,False,True,False,False,False,100,16,87,0,even,False,2023-01-09T09:06:54Z,bất động sản việt nam,22200,Dinh thự dát vàng 150 tỷ đồng của đại gia Cần Thơ #batdongsan #dinhthu #bietthudep #daigiabatdongsan,dz-KiY0mYC4,5498,4
1305,0.39,False,Nguyễn Văn Ngọc - BĐS,0,False,0,False,61,0.0133,False,False,False,False,True,False,False,False,76,11,45,0,odd,False,2023-01-07T07:43:34Z,bất động sản việt nam,22200,5 Căn penthouse đắt nhất hành tinh (Phần1) #batdongsan #penthouse #biethudep,Rm51wrZZK5M,3395,3
1306,155.82,False,Nguyễn Văn Ngọc - BĐS,126,False,0,False,61,0.0036,False,True,False,False,False,False,False,False,76,10,4659,0,,False,2023-01-06T02:10:39Z,bất động sản việt nam,22200,Biệt thự lớn nhất Hà Nội #batdongsan #batdongsanvietnam #bietthudep #bietthu,PVMJ-4mkmow,1343662,1029
1309,9.39,False,Nguyễn Văn Ngọc - BĐS,44,False,700,False,61,0.0083,False,False,False,True,False,False,False,False,89,15,629,0,,False,2023-01-03T08:33:37Z,bất động sản việt nam,22200,Những điều đặc biệt của bất động sản chỉ có ở Dubai #batdongsanthegioi #batdongsan #dubai,yCfjWu0i7L8,80945,62
1312,0.23,False,Nguyễn Văn Ngọc - BĐS,1,False,700,False,57,0.0049,False,True,False,True,False,False,False,False,89,13,9,0,,True,2022-12-31T02:13:55Z,bất động sản việt nam,22200,Dỡ luôn nhà bạn nghi do mâu thuẫn trên MXH #batdongsan #batdongsanvietnam #mauthuandatdai,x20FfZ5iBvw,2021,2
1313,0.4,False,Nguyễn Văn Ngọc - BĐS,0,False,700,False,49,0.0108,False,True,False,True,False,False,False,False,86,11,37,0,,False,2022-12-30T02:50:29Z,bất động sản việt nam,22200,Mở rào chắn cho công viên Thống Nhất #congvienthongnhat #batdongsan #batdongsanvietnam,fcTvDQrszio,3419,3
1314,0.13,False,Nguyễn Văn Ngọc - BĐS,1,False,700,False,61,0.0176,False,False,False,True,False,False,False,True,98,17,18,0,,False,2022-12-29T04:55:24Z,bất động sản việt nam,22200,Thị trường bất động sản sẽ biến động thế nào trong thời gian tới? #batdongsan #dautu #thitruongbds,XaPbY2htgnY,1079,1
1315,0.62,False,Nguyễn Văn Ngọc - BĐS,0,False,700,False,61,0.0136,False,False,False,True,False,False,False,False,78,9,73,0,,False,2022-12-28T02:18:35Z,bất động sản việt nam,22200,Thị trấn xây bằng kim cương #batdongsanthegioi #kimcuongthiennhien #batdongsan,FIlfk2NWr3A,5384,4
1317,0.28,False,Nguyễn Văn Ngọc - BĐS,0,False,700,False,61,0.0106,False,False,False,True,False,False,False,False,82,12,26,0,,False,2022-12-26T08:55:34Z,bất động sản việt nam,22200,Xác định “đáy” của thị trường bất động sản #batdongsan #thitruongbatdongsan #dautu,yLfVlvE-LU4,2452,2
1319,24.18,False,Nguyễn Văn Ngọc - BĐS,93,False,700,False,61,0.0136,True,False,False,True,False,False,False,False,87,11,2749,0,,False,2022-12-24T09:13:58Z,bất động sản việt nam,22200,Elon Musk vị tỷ phú không nhà #batdongsanthegioi #batdongsan #elonmusk #typhubatdongsan,ABsTYBwtcF8,208510,158
1320,0.3,False,Nguyễn Văn Ngọc - BĐS,0,False,700,False,59,0.0122,False,False,False,True,True,False,False,False,81,12,32,0,even,False,2022-12-23T02:04:45Z,bất động sản việt nam,22200,Biệt thự cổ 500 tuổi đắt nhất Thế giới #batdongsanthegioi #bietthudep #batdongsan,ZS-6Ml4oloQ,2615,2
1321,45.29,False,Nguyễn Văn Ngọc - BĐS,40,False,700,False,50,0.0038,True,False,False,True,False,False,False,False,78,11,1436,0,,False,2022-12-22T03:06:54Z,bất động sản việt nam,22200,Độc lạ làng tỷ phú ở Nam Định #batdongsanvietnam #batdongsan #daigiabatdongsan,yEB6P9J6Rmw,390498,296
1322,8.0,False,Nguyễn Văn Ngọc - BĐS,12,False,700,False,61,0.0103,False,False,False,True,False,False,False,False,75,13,696,0,,False,2022-12-21T08:48:04Z,bất động sản việt nam,22200,Cận cảnh cơ ngơi của huyền thoại vô địch Word Cup #messi #batdongsanthegioi,1cjeDUpLQp8,68963,52
1323,74.22,False,Nguyễn Văn Ngọc - BĐS,79,False,700,False,61,0.004,False,True,False,True,False,False,False,False,87,14,2465,0,,False,2022-12-20T10:17:25Z,bất động sản việt nam,22200,Biệt phủ trái phép được xây dựng bởi đại gia BĐS #batdongsan #bietphu #daigiabatdongsan,GFK0ZPDnMyk,640025,484
1326,0.42,False,Nguyễn Văn Ngọc - BĐS,0,True,700,False,61,0.0189,False,False,False,True,False,False,False,False,99,19,68,0,,False,2022-12-17T02:08:40Z,bất động sản việt nam,22200,Triết lý đầu tư bất động sản mà không sở hữu bất cứ bất động sản nào #batdongsan #batdongsanthegioi,nsPaBElk2r8,3591,3
1329,2.04,False,Nguyễn Văn Ngọc - BĐS,0,False,700,False,61,0.0081,True,True,False,True,True,False,False,False,100,16,142,0,even,False,2022-12-14T08:08:25Z,bất động sản việt nam,22200,Nữ tỷ phú bất động sản lập nghiệp từ 2 bàn tay trắng #bất_động_sản #dautubatdongsan #typhubatdonhsan,rTsN4nlvZEA,17580,13
1330,0.87,False,Nguyễn Văn Ngọc - BĐS,2,False,700,False,61,0.0109,False,False,False,True,False,False,False,True,90,16,80,0,,False,2022-12-13T08:29:22Z,bất động sản việt nam,22200,Tại sao các ông trùm bất động sản đều là người châu Á? #batdongsan #dautu #typhubatdongsan,o3xAZ29dpGw,7544,6
1331,14.26,False,Nguyễn Văn Ngọc - BĐS,9,False,700,False,61,0.0031,False,False,False,True,True,False,False,False,65,11,369,0,odd,False,2022-12-12T09:43:31Z,bất động sản việt nam,22200,Top 3 biệt thự đẹp nhất Việt Nam #bất_động_sản #dautu #bietthudep,9b5ExLmcm7w,122973,92
1334,63.3,False,Nguyễn Văn Ngọc - BĐS,73,False,700,False,61,0.0085,True,True,False,True,False,False,False,False,89,14,4557,0,,False,2022-12-09T02:29:04Z,bất động sản việt nam,22200,Vị tỷ phú không chấp nhận sinh ra từ vạch đích #lytrieuco #typhubatdongsan #hendersonland,EBsoCSch6v8,545855,409
1335,0.31,False,Nguyễn Văn Ngọc - BĐS,0,False,700,False,61,0.013,True,False,False,True,False,False,False,False,93,15,35,0,,False,2022-12-08T03:14:11Z,bất động sản việt nam,22200,Ngôi trường đào tạo ra những tỷ phú hàng đầu thế giới #batdongsan #harvard #batdongsanthegioi,3NzbBIczdJg,2684,2
1336,0.91,False,Nguyễn Văn Ngọc - BĐS,4,False,700,False,55,0.0187,False,False,False,True,False,False,False,True,86,14,143,0,,False,2022-12-07T04:27:58Z,bất động sản việt nam,22200,Shark Hưng: Mua nhà khi còn trẻ là không thông minh? #batdongsan #sharktank #sharkhung,q7L_z0TU3Zg,7861,6
1337,0.32,False,Nguyễn Văn Ngọc - BĐS,0,False,700,False,61,0.0115,False,False,False,True,False,False,False,False,82,13,32,0,,True,2022-12-06T10:21:08Z,bất động sản việt nam,22200,"Thị trường bất động sản bán tháo, cắt lỗ mạnh #batdongsan #dautu #muabanbatdongsan",AsAVx-Z4EJg,2784,2
1337,26.88,False,Nguyễn Văn Ngọc - BĐS,49,False,700,False,61,0.008,True,False,False,True,True,False,False,False,97,17,1809,0,even,False,2022-12-06T03:01:35Z,bất động sản việt nam,22200,Gia tộc giàu nhất châu Á sở hữu tài sản gấp 4 lần Samsung #batdongsanthegioi #ambani #ambanihouse,J_XFcb4dark,231784,173
1339,0.59,False,Nguyễn Văn Ngọc - BĐS,3,False,700,False,53,0.01,False,False,False,True,True,False,False,False,70,11,48,0,odd,False,2022-12-04T15:13:04Z,bất động sản việt nam,22200,Xây nhà 3D như trong game cực ảo #batdongsan #batdongsanthegioi #nha3D,9PRGYzX-N6I,5099,4
1340,0.38,False,Nguyễn Văn Ngọc - BĐS,0,False,700,False,61,0.0131,False,False,False,True,False,False,False,False,67,10,43,0,,False,2022-12-03T02:14:06Z,bất động sản việt nam,22200,Trường học xa xỉ nhất hành tinh #batdongsan #dautu #nguyễn_văn_ngọc,e88IJRro6Nw,3287,2
1341,12.15,False,Nguyễn Văn Ngọc - BĐS,8,False,700,False,61,0.0114,False,False,False,True,False,False,False,False,98,15,1183,0,,False,2022-12-02T07:25:03Z,bất động sản việt nam,22200,Jeff Bezos nghỉ hưu cùng số bất động sản nhiều sương sương #typhubatdongsan #batdongsan #jeffbezos,1RRpiQsMAas,104810,78
1342,12.02,False,Nguyễn Văn Ngọc - BĐS,82,False,700,False,61,0.0081,True,False,False,True,False,False,False,False,72,13,761,0,,False,2022-12-01T08:05:07Z,bất động sản việt nam,22200,Triết lý đầu tư của tỷ phú Phạm Nhật Vượng #batdongsan #dautu  #vingroup,lTbjnJCYdAo,103609,77
1342,18.19,False,Nguyễn Văn Ngọc - BĐS,24,False,700,False,61,0.0106,True,True,False,True,False,False,False,False,90,13,1633,0,,False,2022-12-01T02:01:50Z,bất động sản việt nam,22200,Dinh thự triệu đô của tỷ phú Bill Gates #batdongsan #typhubatdongsan #billgates #microsoft,F209WX12KgA,156827,117
1343,1.09,False,Nguyễn Văn Ngọc - BĐS,1,False,700,False,45,0.0098,False,True,False,True,False,False,False,False,84,13,91,0,,False,2022-11-30T02:29:55Z,bất động sản việt nam,22200,Siêu biệt thự đắt nhất Bồ Đào Nha của Ronaldo #batdongsan #ronaldo #daigiabatdongsan,z8F0ID6q1iE,9385,7
1344,39.93,False,Nguyễn Văn Ngọc - BĐS,33,False,700,False,61,0.0041,True,False,False,True,False,False,False,False,82,14,1376,0,,False,2022-11-29T15:04:13Z,bất động sản việt nam,22200,Những đại gia bất động sản giàu nhất Việt Nam #bất_động_sản #vingroup #nvl #digigr,Jmd4GMJc3W4,344298,256
11,0.58,False,Trạm Tâm Lý GenZ,32,False,0,False,38,0.029,False,True,False,False,True,False,False,False,81,14,879,0,even,False,2026-07-24T11:05:12Z,tâm lý học,21700,4 dấu hiệu bạn là một tên VÔ DUYÊN #dauhieu #xh #tramtamlygenz #trieuview #suthat,iBDEBrzY0LU,31395,2854
13,2.87,False,Trạm Tâm Lý GenZ,346,False,0,False,25,0.0168,False,True,False,False,True,False,False,False,87,15,2269,0,odd,False,2026-07-22T11:47:08Z,tâm lý học,21700,7 dấu hiệu cho thấy bạn là người KHÓ TÍNH #dauhieu #tamly #xh #tramtamlygenz #trieuview,dEpu-qrRoEQ,155835,11987
17,0.23,False,Trạm Tâm Lý GenZ,29,False,0,False,40,0.0528,False,True,False,False,True,False,False,False,87,15,637,0,even,False,2026-07-18T11:05:09Z,tâm lý học,21700,6 dấu hiệu bạn không phải là LỐP DỰ PHÒNG #dauhieu #xh #tramtamlygenz #tamly #trieuview,iRhvVitiBE0,12617,742
19,0.8,False,Trạm Tâm Lý GenZ,38,True,0,False,39,0.0353,False,True,False,False,True,False,False,False,74,13,1498,0,odd,False,2026-07-16T11:09:45Z,tâm lý học,21700,7 sự thật TÂM LÝ của con gái #dauhieu #xh #tamly #tramtamlygenz #trieuview,vJGukfJVuio,43493,2289
21,0.31,False,Trạm Tâm Lý GenZ,64,False,0,False,28,0.0535,False,True,False,False,False,False,False,False,82,12,844,0,,False,2026-07-14T11:18:00Z,tâm lý học,21700,Dấu hiệu một chàng trai NHÁT GÁI #dauhieu #tamly #tramtamlygenz #suthat #trieuview,Qm7W0VhzObc,16962,808
23,0.62,False,Trạm Tâm Lý GenZ,12,False,0,False,28,0.0345,False,False,False,False,False,False,False,True,78,13,1159,0,,False,2026-07-12T10:49:29Z,tâm lý học,21700,Yêu nhau lịch sự là như thế nào? #dauhieu #tamly #tramtamlygenz #xh #trieuview,7Uf_-y1TiRw,33908,1474
25,0.62,False,Trạm Tâm Lý GenZ,95,False,0,False,31,0.0439,False,True,False,False,False,False,False,False,80,12,1381,0,,False,2026-07-10T11:35:43Z,tâm lý học,21700,Góc khuất ĐEN TỐI của con gái #dauhieu #tramtamlygenz #trieuview #topic #threads,NR4WNFGDXRo,33595,1344
28,1.08,False,Trạm Tâm Lý GenZ,86,False,0,False,34,0.0269,False,True,False,False,False,False,False,False,83,13,1493,0,,False,2026-07-07T11:41:37Z,tâm lý học,21700,Con trai thực sự SẢN XUẤT THEO LÔ #dauhieu #tamly #tramtamlygenz #trieuview #suthat,g3SD6w7vvFM,58808,2100
30,0.64,False,Trạm Tâm Lý GenZ,166,True,0,False,25,0.0315,False,True,False,False,False,False,False,False,80,13,925,0,,False,2026-07-05T11:03:25Z,tâm lý học,21700,SỰ THẬT TÂM LÝ VỀ GIA ĐÌNH BẠN #dauhieu #tamly #tramtamlygenz #trieuview #suthat,rPGxRR3cvuo,34630,1154
31,0.97,False,Trạm Tâm Lý GenZ,81,False,0,False,27,0.0281,False,False,False,False,False,False,False,False,87,14,1402,0,,False,2026-07-04T11:14:13Z,tâm lý học,21700,Dấu hiệu một chàng trai yêu bạn thật lòng #dauhieu #tamly #tramtamlygenz #xh #trieuview,3jQl6h-GWDo,52710,1700
32,0.43,False,Trạm Tâm Lý GenZ,27,False,0,False,23,0.0259,False,True,False,False,False,False,False,False,17,3,585,0,,False,2026-07-03T11:37:24Z,tâm lý học,21700,ĐÁNG SUY NGẪM....,8mUloA8uyfc,23642,739
34,0.72,False,Trạm Tâm Lý GenZ,92,True,0,False,26,0.0476,False,True,False,False,False,False,False,False,86,14,1778,0,,False,2026-07-01T11:20:41Z,tâm lý học,21700,SỰ THẬT TÂM LÝ HỌC KHIẾN BẠN BẤT NGỜ #dauhieu #tamly #tramtamlygenz #suthat #trieuview,mh2LFLkBFXU,39325,1157
36,1.43,False,Trạm Tâm Lý GenZ,218,True,0,False,32,0.0313,False,True,False,False,False,False,False,False,99,16,2221,0,,False,2026-06-29T11:03:40Z,tâm lý học,21700,NHỮNG SIÊU BÍ MẬT CỦA CON TRAIAF CON GÁI KHÔNG BIẾT #dauhieu #tramtamlygenz #tamly #suthat #dauhieu,uQ-lmfgDCeY,77944,2165
37,0.28,False,Trạm Tâm Lý GenZ,41,False,0,False,32,0.0358,False,True,False,False,False,False,False,False,91,12,499,0,,False,2026-06-28T11:10:36Z,tâm lý học,21700,NGƯỜI DÁM ĐÁNH RẮM TRƯỚC MẶT BẠN #dauhieu #baihoccuocsong #tramtamlygenz #trieuview #suthat,fVbV4FHz_AM,15091,408
39,0.63,False,Trạm Tâm Lý GenZ,48,False,0,False,25,0.0333,False,True,False,False,False,False,False,False,69,9,1096,0,,False,2026-06-26T11:00:24Z,tâm lý học,21700,AI CŨNG ĐÃ TỪNG...  #dauhieu #tamly #tramtamlygenz #trieuview #suthat,YcJLysiDHg0,34344,881
40,1.63,False,Trạm Tâm Lý GenZ,250,False,0,False,27,0.0349,False,True,False,False,False,False,False,False,96,15,2848,0,,False,2026-06-25T11:03:02Z,tâm lý học,21700,"Dấu Hiệu Của Người Sống Tình Cảm, Dễ Rung Động #tramtamlygenz #tamly #trieuview #dauhieu #suthat",1HEPCq69Nwo,88689,2217
42,0.49,False,Trạm Tâm Lý GenZ,10,False,0,False,30,0.0305,False,True,False,False,False,False,False,False,36,8,804,0,,False,2026-06-23T11:24:36Z,tâm lý học,21700,LUẬT BẤT THÀNH VĂN CỦA NGƯỜI TINH TẾ,z6QeMx0fDXs,26690,635
44,5.57,False,Trạm Tâm Lý GenZ,300,True,0,False,22,0.0174,False,True,False,False,True,False,False,False,84,13,4981,0,even,False,2026-06-21T11:12:09Z,tâm lý học,21700,90% CON TRAI KHÔNG BIẾT BÍ MẬT NÀY #tramtamlygenz #trieuview #tamly #dauhieu #suthat,ZjGf9Qm5WsY,302643,6878
45,1.34,False,Trạm Tâm Lý GenZ,922,True,0,False,31,0.0344,False,True,False,False,False,False,False,False,73,11,1583,0,,False,2026-06-20T11:58:11Z,tâm lý học,21700,SỰ THẬT VỀ GIA ĐÌNH BẠN #tramtamlygenz #tamly #trieuview #suthat #dauhieu,Kuqp8TBecH0,72898,1620
47,4.52,False,Trạm Tâm Lý GenZ,358,True,0,False,32,0.0186,False,True,False,False,False,False,False,False,100,17,4207,0,,False,2026-06-18T11:22:26Z,tâm lý học,21700,MỘT SỐ BÍ MẬT CỦA CON TRAI MÀ CON GÁI KHÔNG BIẾT #trieuview #tramtamlygenz #suthat #dauhieu #haihuoc,Yv6ecIbaOt0,245539,5224
48,0.71,False,Trạm Tâm Lý GenZ,57,False,0,False,42,0.0413,False,True,False,False,False,False,False,False,92,15,1529,0,,False,2026-06-17T11:45:10Z,tâm lý học,21700,LỢI ÍCH BẤT NGỜ CỦA VIỆC THỨC KHUYA NGỦ ÍT #tramtamlygenz #tamly #trieuview #suthat #dauhieu,kA0olIcI8Tk,38433,801
52,2.77,False,Trạm Tâm Lý GenZ,441,False,0,False,19,0.0201,False,True,False,False,True,False,False,False,94,16,2592,0,odd,False,2026-06-13T11:25:31Z,tâm lý học,21700,7 NÉT ĐẸP TRỜI CHO CHỈ NGƯỜI XINH ĐẸP MỚI CÓ #tramtamlygenz #tamly #trieuview #suthat #dauhieu,3BqRgkQdF7c,150825,2900
54,7.37,False,Trạm Tâm Lý GenZ,553,True,0,False,26,0.0132,False,True,False,False,True,False,False,False,82,14,4733,0,even,False,2026-06-11T11:56:09Z,tâm lý học,21700,TÔI BẬT MÍ 4 BÍ MẬT CỦA CON TRAI #tramtamlygenz #tamly #trieuview #suthat #dauhieu,zbYEfnikURw,400582,7418
55,4.85,False,Trạm Tâm Lý GenZ,322,False,0,False,22,0.0158,False,True,False,False,False,False,False,False,83,12,3853,0,,False,2026-06-10T10:58:28Z,tâm lý học,21700,Những THÓI QUEN XẤU khiến bạn LÙN #tramtamlygenz #tamly #trieuview #dauhieu #suthat,ARfxCVn5a6s,263585,4792
56,1.66,False,Trạm Tâm Lý GenZ,183,False,24,False,27,0.0289,False,True,False,False,False,False,False,False,79,11,2426,0,,False,2026-06-09T11:08:32Z,tâm lý học,21700,NGƯỜI ĐÀN ÔNG KHÔNG MẶC QUẦN #tramtamlygenz #trieuview #tamly #dauhieu #haihuoc,RSR-ZiJ-III,90287,1612
57,1.63,False,Trạm Tâm Lý GenZ,118,True,0,False,33,0.0263,False,True,False,False,False,False,False,False,88,15,2203,0,,False,2026-06-08T11:23:23Z,tâm lý học,21700,BÍ MẬT VỀ CON TRAI MÀ CON GÁI NÊN BIẾT #tramtamlygenz #trieuview #dauhieu #suthat #tamly,_QAmQ8DVzyA,88395,1551
58,0.33,False,Trạm Tâm Lý GenZ,16,False,0,False,50,0.041,False,True,False,False,True,False,False,False,86,14,723,0,even,False,2026-06-07T10:50:59Z,tâm lý học,21700,4 DẤU HIỆU BẠN ĐANG LÀ LỐP DỰ PHÒNG #tìnhyêu #dauhieu #trieuview #tramtamlygenz #viral,0HxVeQzTFHI,18032,311
59,4.64,False,Trạm Tâm Lý GenZ,370,False,0,False,37,0.0165,False,True,False,False,True,False,False,False,82,13,3783,0,even,False,2026-06-06T11:03:47Z,tâm lý học,21700,ĐỌC CON TRAI NHƯ MỘT CUỐN SÁCH (PHẦN 2) #trieuview #suthat #tramtamlygenz #dauhieu,34Z0i2gSywo,252372,4277
72,1.03,False,Trạm Tâm Lý GenZ,99,False,0,False,32,0.0285,False,False,False,False,False,False,False,False,90,14,1495,0,,False,2026-05-24T11:05:39Z,tâm lý học,21700,Dấu hiệu tinh thần của bạn đang kiệt quệ #tramtamlygenz #tamly #trieuview #suthat #dauhieu,JxowX_5U-OY,56000,778
79,17.64,False,Trạm Tâm Lý GenZ,594,False,0,False,39,0.0134,False,True,False,False,False,False,False,False,80,12,12237,0,,False,2026-05-17T11:52:10Z,tâm lý học,21700,ĐỌC CON TRAI NHƯ MỘT CUỐN SÁCH #tramtamlygenz #tamly #trieuview #suthat #dauhieu,R9JlPQD3P74,958653,12135
248,4.13,False,Triết Lý Jim Rohn,4,False,2282,False,3370,0.0228,False,True,False,False,False,True,False,False,76,19,80,14,,False,2025-11-29T12:03:04Z,tài chính cá nhân,21600,KỶ LUẬT SAU GIỜ LÀM LÀ CHÌA KHÓA MỞ RA MỌI THÀNH CÔNG | ĐỘNG LỰC TỪ JIM ROHN,CMNTV7VmzcI,3684,15
250,2.28,False,Triết Lý Jim Rohn,6,False,2306,False,3337,0.0275,False,True,False,False,False,True,False,False,88,22,50,14,,False,2025-11-27T12:03:06Z,tài chính cá nhân,21600,ĐỪNG LÃNG PHÍ THỜI GIAN RẢNH – NÓ CÓ THỂ THAY ĐỔI CẢ CUỘC ĐỜI BẠN | ĐỘNG LỰC TỪ JIM ROHN,6ScToCXVvmc,2040,8
251,5.89,False,Triết Lý Jim Rohn,12,False,2479,False,3338,0.0236,False,True,False,False,True,True,False,False,82,21,112,14,odd,False,2025-11-26T12:03:58Z,tài chính cá nhân,21600,1 GIỜ RẢNH MỖI NGÀY – TẠO RA CUỘC ĐỜI MÀ BẠN LUÔN MONG MUỐN | ĐỘNG LỰC TỪ JIM ROHN,LeYEC6XX1Lo,5263,21
252,0.9,False,Triết Lý Jim Rohn,3,False,2310,False,3401,0.0262,False,True,False,False,False,True,False,False,79,21,18,14,,False,2025-11-25T11:59:15Z,tài chính cá nhân,21600,MỌI ƯỚC MƠ ĐỀU CÓ GIÁ – CHỈ NGƯỜI KỶ LUẬT MỚI ĐỦ SỨC TRẢ | ĐỘNG LỰC TỪ JIM ROHN,xNYNyoTSNKw,800,3
254,1.09,False,Triết Lý Jim Rohn,2,False,2224,False,3786,0.0267,False,True,False,False,False,True,False,False,80,18,24,14,,False,2025-11-23T12:00:39Z,tài chính cá nhân,21600,"KHI NGƯỜI KHÁC NGHỈ NGƠI, BẠN ĐANG GIEO HẠT CHO TƯƠNG LAI | ĐỘNG LỰC TỪ JIM ROHN",WysOKgo9flg,972,4
255,0.6,False,Triết Lý Jim Rohn,2,False,2477,False,3299,0.0244,False,True,False,False,False,True,False,False,90,22,11,14,,False,2025-11-22T12:00:15Z,tài chính cá nhân,21600,CHỈ MỘT QUYẾT ĐỊNH ĐÚNG – BẠN CÓ THỂ VIẾT LẠI TOÀN BỘ CUỘC ĐỜI MÌNH | ĐỘNG LỰC TỪ JIM ROHN,27zKqgCmvGE,532,2
256,0.96,False,Triết Lý Jim Rohn,14,False,2534,False,2784,0.0444,False,True,False,False,False,True,False,False,73,19,24,14,,False,2025-11-21T12:00:04Z,tài chính cá nhân,21600,HÃY THIẾT KẾ CUỘC ĐỜI MƠ ƯỚC – THAY VÌ CHỜ MAY MẮN | ĐỘNG LỰC TỪ JIM ROHN,Zcg10EXk7FY,856,3
257,3.4,False,Triết Lý Jim Rohn,8,True,2599,False,3103,0.026,True,True,False,False,False,True,False,False,79,19,71,14,,False,2025-11-20T12:00:08Z,tài chính cá nhân,21600,"NGHĨ LỚN, BẮT ĐẦU NHỎ – BÍ MẬT THÀNH CÔNG CỦA NGƯỜI GIÀU | ĐỘNG LỰC TỪ JIM ROHN",4kzP2iqRPhg,3033,12
258,1.0,False,Triết Lý Jim Rohn,10,False,2525,False,3494,0.0403,False,True,False,False,True,True,False,False,81,20,26,14,even,False,2025-11-19T12:00:19Z,tài chính cá nhân,21600,6 ĐIỀU KHIẾN THÀNH CÔNG TỰ TÌM ĐẾN BẠN – THAY VÌ BẠN PHẢI ĐUỔI THEO NÓ | JIM ROHN,XG7pbZ8C4aI,894,3
259,0.89,False,Triết Lý Jim Rohn,8,False,2382,False,2563,0.0326,False,True,False,False,False,True,False,False,89,23,18,14,,False,2025-11-18T12:00:15Z,tài chính cá nhân,21600,ĐỪNG SỢ BẮT ĐẦU – MỘT BƯỚC HÔM NAY CÓ THỂ THAY ĐỔI CẢ CUỘC ĐỜI BẠN | ĐỘNG LỰC TỪ JIM ROHN,P_Qvffwb-XU,798,3
260,0.62,False,Triết Lý Jim Rohn,2,False,2493,False,2764,0.0376,False,True,False,False,True,True,False,False,91,21,19,14,odd,False,2025-11-17T12:00:40Z,tài chính cá nhân,21600,9 DẤU HIỆU BẠN SẮP CHẠM TỚI THÀNH CÔNG – NHƯNG 99% NGƯỜI BỎ CUỘC TRƯỚC VẠCH ĐÍCH | JIM ROHN,bysjXQ-ygF8,558,2
261,1.07,False,Triết Lý Jim Rohn,9,False,2263,False,3407,0.0365,False,True,False,False,True,True,False,False,96,23,26,14,odd,False,2025-11-16T12:00:58Z,tài chính cá nhân,21600,CHỈ CẦN 7 NGÀY – KHI BẠN TRỞ THÀNH PHIÊN BẢN MÀ NGAY CẢ CHÍNH MÌNH CŨNG KHÔNG NHẬN RA | JIM ROHN,_xEZE-k3XtE,959,4
262,1.2,False,Triết Lý Jim Rohn,2,False,2422,False,3260,0.0261,True,True,False,False,True,True,False,False,94,23,26,14,odd,False,2025-11-15T12:00:37Z,tài chính cá nhân,21600,3 NGUYÊN TẮC KỶ LUẬT CỦA JIM ROHN GIÚP BẠN THAY ĐỔI VẬN MỆNH VÀ ĐẠT TỰ DO TÀI CHÍNH | JIM ROHN,Ym9GOhYuCiM,1074,4
263,0.75,False,Triết Lý Jim Rohn,5,False,2568,False,3661,0.0359,False,True,False,False,False,True,False,False,81,21,19,14,,False,2025-11-14T12:00:12Z,tài chính cá nhân,21600,ƯỚC MƠ KHÔNG ĐỦ – BẠN CẦN MỤC TIÊU VÀ KỶ LUẬT ĐỂ THỰC HIỆN | ĐỘNG LỰC TỪ JIM ROHN,_kaNumkbzkM,668,3
264,1.0,False,Triết Lý Jim Rohn,0,False,2479,False,3452,0.037,True,True,False,False,True,True,False,False,99,23,33,14,odd,False,2025-11-13T12:00:10Z,tài chính cá nhân,21600,"7 CÁCH BIẾN ĐỒNG LƯƠNG THÀNH TỰ DO – ĐÁNH THỨC TƯ DUY GIÀU, THỨC TỈNH SỨC MẠNH BÊN TRONG | JIM ROHN",-QDDhoMErPo,892,3
265,0.84,False,Triết Lý Jim Rohn,3,False,2401,False,3450,0.0416,False,True,False,False,False,True,False,False,74,18,28,14,,False,2025-11-12T12:00:15Z,tài chính cá nhân,21600,ĐỪNG SỐNG NHƯ NHÂN VIÊN – HÃY NGHĨ NHƯ NHÀ LÃNH ĐẠO | ĐỘNG LỰC TỪ JIM ROHN,Hn8Q4NK0hP0,746,3
266,2.41,False,Triết Lý Jim Rohn,9,False,3059,False,3240,0.0339,False,True,False,False,False,True,False,False,84,22,64,14,,False,2025-11-11T12:00:30Z,tài chính cá nhân,21600,"LÀM CHỦ TÂM LÝ TIỀN BẠC – KHI BẠN THAY ĐỔI TƯ DUY, TIỀN SẼ TỰ TÌM ĐẾN BẠN | JIM ROHN",YADK3gGG5AI,2151,8
267,3.48,False,Triết Lý Jim Rohn,8,True,2324,False,3397,0.0332,False,True,False,False,False,True,False,False,90,23,95,14,,False,2025-11-10T12:00:51Z,tài chính cá nhân,21600,HÃY ĐẦU TƯ CHO CHÍNH MÌNH – VÌ KHÔNG AI CÓ THỂ LÀM ĐIỀU ĐÓ THAY BẠN | ĐỘNG LỰC TỪ JIM ROHN,glWiDgfPS40,3105,12
268,1.31,False,Triết Lý Jim Rohn,4,True,2457,False,3162,0.03,False,True,False,False,True,True,False,False,98,24,31,14,odd,False,2025-11-09T12:00:45Z,tài chính cá nhân,21600,"1% MỖI NGÀY – BÍ MẬT CỦA JIM ROHN GIÚP BẠN NHÂN THU NHẬP, THAY ĐỔI VẬN MỆNH | ĐỘNG LỰC TỪ JIM ROHN",nrlgAVbgAqg,1167,4
270,3.41,False,Triết Lý Jim Rohn,6,False,2434,False,3041,0.0246,True,True,False,False,False,True,False,False,94,23,69,14,,False,2025-11-07T12:00:49Z,tài chính cá nhân,21600,"NẾU BẠN MUỐN GIÀU CÓ – ĐỪNG LÀM VIỆC VÌ TIỀN, HÃY LÀM ĐỂ TRỞ THÀNH NGƯỜI CÓ GIÁ TRỊ | JIM ROHN",R3qSkANDSrw,3044,11
271,0.89,False,Triết Lý Jim Rohn,6,False,2428,False,3346,0.0389,True,True,False,False,True,True,False,False,99,22,25,14,odd,True,2025-11-06T12:00:28Z,tài chính cá nhân,21600,"BẠN KHÔNG NGHÈO – BẠN CHỈ THIẾU 3 NGƯỜI NÀY, NHỮNG NGƯỜI DẪN LỐI GIÚP BẠN TRỞ NÊN GIÀU CÓ |JIM ROHN",aBxlH2qzmx8,797,3
272,0.47,False,Triết Lý Jim Rohn,0,False,2642,False,3286,0.0261,False,True,False,False,True,True,False,False,81,20,11,14,odd,False,2025-11-05T12:00:04Z,tài chính cá nhân,21600,7 THÓI QUEN GIÚP BẠN BỨT PHÁ NĂNG SUẤT VÀ LÀM CHỦ MỖI NGÀY | ĐỘNG LỰC TỪ JIM ROHN,rHDDZPqyivg,422,2
273,0.98,False,Triết Lý Jim Rohn,10,False,2417,False,3641,0.0546,True,True,False,False,False,True,False,False,99,25,38,14,,False,2025-11-04T12:00:15Z,tài chính cá nhân,21600,HỌC THEO JIM ROHN: THAY ĐỔI TƯ DUY VÀ HÀNH ĐỘNG HÔM NAY ĐỂ LÀM GIÀU VÀ TỰ DO | ĐỘNG LỰC TỪ JIM ROHN,CBI5H3b5KsQ,879,3
274,0.84,False,Triết Lý Jim Rohn,6,False,2116,False,2750,0.0479,False,True,False,False,False,True,False,False,93,22,30,14,,False,2025-11-03T11:59:33Z,tài chính cá nhân,21600,"BUỘC BẢN THÂN PHẢI HÀNH ĐỘNG, VÀ BẠN SẼ THẤY SỨC MẠNH TIỀM ẨN TRỖI DẬY | ĐỘNG LỰC TỪ JIM ROHN",sRjEQKIRyxs,751,3
275,1.27,False,Triết Lý Jim Rohn,6,False,2399,False,3546,0.0387,False,True,False,False,False,True,False,False,89,23,38,14,,False,2025-11-02T12:00:27Z,tài chính cá nhân,21600,"BA CẤP ĐỘ CỦA THÀNH CÔNG – CHỈ KHI VƯỢT QUA, BẠN MỚI THẬT SỰ TỰ DO | ĐỘNG LỰC TỪ JIM ROHN",SWgzc5DXjEM,1138,4
276,0.98,False,Triết Lý Jim Rohn,0,True,2426,False,3605,0.0296,False,True,False,False,False,False,False,False,91,21,26,14,,True,2025-11-01T12:00:31Z,tài chính cá nhân,21600,"CÀNG NÓI NHIỀU VỀ TIỀN, BẠN CÀNG MẤT QUYỀN LỰC – BÍ MẬT THÀNH CÔNG MÀ JIM ROHN LUÔN GIỮ KÍN",6ZseofR96ns,879,3
277,0.69,False,Triết Lý Jim Rohn,4,False,2740,False,4015,0.0371,True,True,False,False,False,True,False,False,95,24,19,14,,False,2025-10-31T12:00:53Z,tài chính cá nhân,21600,SỰ GIÀU CÓ KHÔNG BẮT ĐẦU TRONG VÍ TIỀN – MÀ BẮT ĐẦU TRONG TƯ DUY CỦA BẠN | ĐỘNG LỰC TỪ JIM ROHN,IXZ4ErlYtFs,620,2
278,0.42,False,Triết Lý Jim Rohn,8,False,2473,False,3780,0.0539,False,True,False,False,True,True,False,False,98,24,12,14,odd,False,2025-10-30T12:00:21Z,tài chính cá nhân,21600,BẠN KHÔNG THẤT BẠI – BẠN CHỈ CHƯA NHẬN RA 7 KẺ ÂM THẦM ĐANG CẢN TRỞ THÀNH CÔNG CỦA MÌNH | JIM ROHN,2GipcmMhLIo,371,1
279,1.2,False,Triết Lý Jim Rohn,8,False,2566,False,4177,0.0375,True,True,False,False,True,True,False,False,100,25,32,14,even,False,2025-10-29T12:00:05Z,tài chính cá nhân,21600,6 THÓI QUEN GIÀU CÓ GIÚP BẠN THAY ĐỔI TƯ DUY BỨT PHÁ CUỘC ĐỜI CHỈ SAU MỘT ĐÊM | ĐỘNG LỰC TỪ JIM ROHN,0_HikGb42Sc,1068,4
280,1.05,False,Triết Lý Jim Rohn,3,False,2429,False,3899,0.0362,False,True,False,False,False,True,False,False,98,23,31,14,,False,2025-10-28T12:00:06Z,tài chính cá nhân,21600,"HÃY GIEO HẠT HÔM NAY, BỀN BỈ MỖI NGÀY ĐỂ GẶT THÀNH CÔNG NGÀY MAI – QUY LUẬT TRUNG BÌNH |  JIM ROHN",b1iMmJf4phM,938,3
6,0.39,False,Mỗi Ngày Một Quyển,20,False,2116,False,2457,0.1286,False,True,False,True,False,True,False,False,71,15,33,16,,True,2026-07-29T12:00:09Z,tài chính cá nhân,20300,Nhìn Thấu Đói Nghèo Để Tìm Đúng Lối Thoát | Sách Hiểu Nghèo Thoát Nghèo,SMWTMw8pEXs,412,69
14,0.35,False,Mỗi Ngày Một Quyển,22,False,1954,False,2422,0.1096,False,True,False,True,False,True,False,False,78,19,19,19,,False,2026-07-21T12:00:35Z,tài chính cá nhân,20300,Ai Cũng Có Thể Trở Nên Sáng Tạo Hơn | Sách Tư Duy Ngược - Dịch Chuyển Thế Giới,6XM8eFH5DTw,374,27
21,0.55,False,Mỗi Ngày Một Quyển,23,False,2600,False,3171,0.1086,False,True,False,True,False,True,False,False,100,23,40,26,,False,2026-07-14T12:00:14Z,tài chính cá nhân,20300,Hệ thống tư duy và nguyên tắc sống làm nên một huyền thoại đầu tư | Sách Sổ Tay Niên Giám Của Munger,w62NKszt_hE,580,28
29,0.56,False,Mỗi Ngày Một Quyển,18,False,1746,False,2353,0.062,False,True,False,True,False,True,False,False,95,23,19,15,,False,2026-07-06T12:00:29Z,tài chính cá nhân,20300,"Mọi Thứ Bạn Làm Từ Cảm Tính, Ảnh Hưởng Thế Nào Đến Cuộc Sống | Sách Lối Mòn Của Tư Duy Cảm Tính",iMEZed2wKBU,597,21
37,0.66,False,Mỗi Ngày Một Quyển,8,False,2367,False,2587,0.0587,False,True,False,True,True,True,False,False,90,22,33,14,even,False,2026-06-28T13:00:26Z,tài chính cá nhân,20300,Cần làm gì ngay lúc này ở TUỔI 20 | Sách Tuổi 20 - Những Năm Tháng Quyết Định Cuộc Đời bạn,yC4e5u-6uJs,698,19
46,0.94,False,Mỗi Ngày Một Quyển,7,False,2304,False,2001,0.052,False,True,False,True,False,True,False,False,79,19,45,22,,False,2026-06-19T12:00:36Z,tài chính cá nhân,20300,"""Tái Tư Duy"" kỹ năng cần có để thông minh hơn | Sách Dám Nghĩ Lại - Think Again",nITQU4gNhzY,1000,22
53,0.45,False,Mỗi Ngày Một Quyển,0,False,1082,False,58,0.0274,False,True,False,True,False,True,False,False,69,15,13,0,,False,2026-06-12T12:00:00Z,tài chính cá nhân,20300,Cách Để Đạt Được Trạng Thái Hạnh Phúc Thật Sự | Sách Dòng Chảy (Flow),6i7Zsd-iuag,475,9
56,1.34,False,Mỗi Ngày Một Quyển,6,False,2109,False,2001,0.0387,False,True,False,True,False,True,False,False,69,15,49,15,,False,2026-06-09T12:00:32Z,tài chính cá nhân,20300,Cách Để Đạt Được Trạng Thái Hạnh Phúc Thật Sự | Sách Dòng Chảy (Flow),FUnq3Pajxh4,1420,25
62,1.01,False,Mỗi Ngày Một Quyển,11,False,2282,False,3551,0.0393,False,False,False,True,False,True,False,True,77,18,31,27,,False,2026-06-03T12:00:27Z,tài chính cá nhân,20300,Tại sao người Do Thái thành công hơn các dân tộc khác? | Sách Trí Tuệ Do Thái,IYQ2kn46SrA,1069,17
67,2.55,False,Mỗi Ngày Một Quyển,2,False,933,False,59,0.0173,False,True,False,True,False,True,False,False,88,20,45,0,,False,2026-05-29T13:00:39Z,tài chính cá nhân,20300,"Thành Công Không Chỉ Đến Từ Yếu Tố Bản Thân, Mà Còn Đến Từ... | Sách Những Kẻ Xuất Chúng",XFR_ob77nHo,2711,40
70,0.74,False,Mỗi Ngày Một Quyển,20,False,2058,False,1731,0.0614,False,True,False,True,False,True,False,False,74,18,28,16,,False,2026-05-26T12:00:18Z,tài chính cá nhân,20300,Chỉ Một Điều Nhỏ Bé Có Thể Tạo Nên Sự Thay Đổi Lớn   | Sách Điểm Bùng Phát,Vpzq62b87AY,782,11
77,0.64,False,Mỗi Ngày Một Quyển,10,False,1969,False,2131,0.0739,False,True,False,True,False,True,False,False,72,18,40,25,,False,2026-05-19T12:00:12Z,tài chính cá nhân,20300,Vượt qua bản ngã để giải phóng sự tự do nội tâm | Sách Cởi Trói Linh Hồn,9HsqaUxmUTs,677,9
81,1.72,False,Mỗi Ngày Một Quyển,1,False,1096,False,60,0.0235,False,True,False,True,False,True,False,False,62,14,42,0,,False,2026-05-15T13:00:16Z,tài chính cá nhân,20300,"Thay Đổi Cách Nghĩ, Thay Đổi Số Phận | Sách Sức Mạnh Tiềm Thức",BtQGsdAAbeM,1832,23
84,1.08,False,Mỗi Ngày Một Quyển,17,False,1976,False,1641,0.0521,False,True,False,True,False,True,False,False,84,19,43,20,,False,2026-05-12T13:01:20Z,tài chính cá nhân,20300,Lập Trình Lại Tâm Thức: Cách Thay Đổi Số Phận Ngay Lập Tức | Sách Sức Mạnh Tiềm Thức,mDI-kxfKhxU,1151,14
88,0.7,False,Mỗi Ngày Một Quyển,4,False,1014,False,60,0.0322,False,True,False,True,False,True,False,False,99,22,20,20,,False,2026-05-08T12:01:13Z,tài chính cá nhân,20300,"Không Phải IQ, Mà Xúc Cảm (EQ) Mới Quyết Định Bạn Thành Công Trong Cuộc Sống | Sách Trí Tuệ Xúc Cảm",dTYn1vUjn9A,746,8
90,0.95,False,Mỗi Ngày Một Quyển,13,False,2112,False,1871,0.0466,False,True,False,True,False,True,False,True,85,20,34,16,,False,2026-05-06T12:01:08Z,tài chính cá nhân,20300,Điều gì sẽ xảy ra khi mọi thứ được định giá bằng tiền? | Sách Tiền Không Mua Được Gì?,Z1qPh5Upd0A,1008,11
96,1.24,False,Mỗi Ngày Một Quyển,13,False,2052,False,1291,0.0454,False,True,False,True,False,True,False,False,70,16,47,18,,False,2026-04-30T12:00:46Z,tài chính cá nhân,20300,Tìm Thấy Hạnh Phúc Trong Mọi Nghịch Cảnh | Tóm Tắt Sách Đi Tìm Lẽ Sống,OEgtceKlOYE,1323,14
102,1.16,False,Mỗi Ngày Một Quyển,16,False,2064,False,2381,0.0407,False,False,False,True,False,True,False,False,96,20,34,17,,False,2026-04-24T11:00:16Z,tài chính cá nhân,20300,"Thoát Khỏi Áp Lực Tài Chính Bằng Cách Thay Đổi ""Cảm Xúc"" Với Đồng Tiền| Sách Đồng Tiền Hạnh Phúc",CHhRvIYRREY,1228,12
108,2.69,False,Mỗi Ngày Một Quyển,21,False,2411,False,2671,0.0322,False,True,False,True,False,True,False,True,83,20,71,19,,False,2026-04-18T12:00:36Z,tài chính cá nhân,20300,Tại Sao Làm Cật Lực Nhưng Tiền Không Bao Giờ Là Đủ? | Sách Tiền Không Bao Giờ Là Đủ,J02dDriU_II,2857,26
115,0.79,False,Mỗi Ngày Một Quyển,15,False,1858,False,1571,0.0572,False,True,False,True,False,True,False,False,99,22,33,18,,False,2026-04-11T13:01:11Z,tài chính cá nhân,20300,"Không Phải IQ, Mà Xúc Cảm (EQ) Mới Quyết Định Bạn Thành Công Trong Cuộc Sống | Sách Trí Tuệ Xúc Cảm",bgI4E7JrOfg,839,7
118,0.86,False,Mỗi Ngày Một Quyển,1,False,1007,False,64,0.0143,False,True,False,True,False,True,False,False,66,14,12,0,,False,2026-04-07T22:00:14Z,tài chính cá nhân,20300,"“Sống Đúng”, Là Sống Với Những Nguyên Tắt Giản Dị | Sách Cách Sống",CzWRzqtsoAc,912,8
119,1.18,False,Mỗi Ngày Một Quyển,18,False,2503,False,2082,0.0471,False,True,False,True,False,True,False,False,88,20,41,24,,False,2026-04-07T13:00:22Z,tài chính cá nhân,20300,"Thành Công Không Chỉ Đến Từ Yếu Tố Bản Thân, Mà Còn Đến Từ... | Sách Những Kẻ Xuất Chúng",CyxG4pUDs_c,1253,11
124,3.38,False,Mỗi Ngày Một Quyển,18,False,2103,False,1521,0.0264,False,True,False,True,True,True,False,False,93,21,77,13,odd,False,2026-04-02T13:00:43Z,tài chính cá nhân,20300,5 Bí Quyết Kinh Doanh Bền Vững Của Người Do Thái | Sách Bí Quyết Kinh Doanh Của Người Do Thái,QKWiy5ckVB4,3592,29
129,4.98,False,Mỗi Ngày Một Quyển,26,False,2528,False,2172,0.0314,False,True,False,True,False,True,False,False,97,22,140,16,,False,2026-03-28T12:00:53Z,tài chính cá nhân,20300,"Khi Bạn Thay Đổi Cách Nhìn Về Tiền, Cả Cuộc Đời Sẽ Thay Đổi Theo | Sách The Simple Path To Wealth",mKaxW2Q8oVI,5289,41
134,0.99,False,Mỗi Ngày Một Quyển,6,False,2116,False,1787,0.0388,False,True,False,True,False,True,False,False,88,21,35,12,,True,2026-03-23T13:01:11Z,tài chính cá nhân,20300,Hạnh Phúc Thật Sự Đến Từ Nội Tâm Bên Trong Mỗi Con Người | Sách Khi Mọi Điểm Tựa Đều Mất,cAWI8Ey8doA,1057,8
138,0.8,False,Mỗi Ngày Một Quyển,8,False,1454,False,1191,0.0492,False,True,False,True,False,True,False,False,80,19,34,15,,False,2026-03-19T12:00:48Z,tài chính cá nhân,20300,"Điều cốt lõi của cuộc sống, chỉ có thể thấy bằng trái tim | Sách Nói Hoàng Tử Bé",NztLceIn9_U,854,6
139,1.52,False,Mỗi Ngày Một Quyển,2,False,913,False,66,0.0167,False,True,False,True,False,True,False,False,57,14,25,0,,False,2026-03-18T13:00:56Z,tài chính cá nhân,20300,Giá Trị Của Hành Trình Hơn Cả Đích Đến | Sách Nhà Giả Kim,RAePP4rqMZE,1613,12
143,1.43,False,Mỗi Ngày Một Quyển,18,False,2508,False,1798,0.0448,False,True,False,True,False,True,False,False,100,24,50,11,,False,2026-03-14T12:00:27Z,tài chính cá nhân,20300,"Đam Mê Không Phải Thứ Bạn Tìm Thấy, Nó Xuất Hiện Khi Bạn Trở Nên Giỏi | Sách Kỹ Năng Đi Trước Đam Mê",I9WMnVxXNIA,1517,11
147,1.17,False,Mỗi Ngày Một Quyển,6,False,1783,False,1681,0.0361,False,True,False,True,True,True,False,False,64,17,39,19,even,False,2026-03-10T13:01:40Z,tài chính cá nhân,20300,6 Tư Duy Giúp Bạn Giải Quyết Mọi Vấn Đề | Sách 6 Chiếc Mũ Tư Duy,rVLOx9mQS3o,1245,8
153,1.4,True,Mỗi Ngày Một Quyển,9,False,2209,False,2126,0.0391,False,True,False,True,False,True,False,True,83,19,49,14,,False,2026-03-04T13:01:11Z,tài chính cá nhân,20300,"Sống Đúng, Là Sống Vì Điều Gì? | Sách Cách Sống - Từ Bình Thường Trở Nên Phi Thường",cwp62ycIJig,1485,10
1108,1.59,False,Cừu Review,0,False,566,False,55,0.0245,False,True,False,False,True,True,False,False,70,18,193,19,even,False,2023-07-23T05:32:42Z,review phim tóm tắt,19700,Ăn Quả Này Có Thể Sống Thêm 50 năm | Review phim Bạn Trai Tôi Là Hồ Ly,DNwUS5EvNKs,7887,7
1108,0.09,True,Cừu Review,0,False,558,False,1783,0.0086,False,True,False,False,True,True,False,False,90,23,4,17,odd,False,2023-07-23T05:00:11Z,review phim tóm tắt,19700,Sự Trả Thù Của Mãng Xà Và Cái Kết Cuối Cùng | Review phim Bạn Trai Tôi Là Hồ Ly 1 (Phần 3),057d3-XcWhA,467,0
1109,1.09,False,Cừu Review,0,False,591,False,58,0.0265,False,True,False,False,False,True,False,False,96,22,143,19,,False,2023-07-22T05:00:04Z,review phim tóm tắt,19700,Thôi Miên Trở Thành Kẻ Giết Người và Xem kiếp Trước Của Mình | Review phim Bạn Trai Tôi Là Hồ Ly,aYia9XP9_Kk,5403,5
1110,0.02,False,Cừu Review,0,False,558,False,1503,0.0182,False,True,False,False,True,True,False,False,82,22,2,17,odd,False,2023-07-21T05:00:10Z,review phim tóm tắt,19700,Quỷ Đói Kinh Dị Ám Ảnh Ký Ức Trở Về | Review phim Bạn Trai Tôi Là Hồ Ly 1 (Phần 2),1wWGomlQNOM,110,0
1111,0.59,True,Cừu Review,0,False,423,False,59,0.0295,False,True,False,False,True,True,False,False,91,22,86,17,odd,False,2023-07-20T05:10:00Z,review phim tóm tắt,19700,Tế Lễ Mãng Xà Gieo Rắc Dịch Bệnh Cho Nhân Loại | Review phim bạn trai tôi là hồ ly (phần 1),hrg5Qlo7V20,2915,3
1111,0.08,True,Cừu Review,0,False,558,False,2016,0.0095,False,True,False,False,True,True,False,False,95,24,4,17,odd,False,2023-07-20T05:00:07Z,review phim tóm tắt,19700,Chuyến Xe Tử Thần Và Hàng Ma Diệt Quái Tìm Bố Mẹ | Review Phim Bạn Trai Tôi Là Hồ Ly 1 (Phần 1),yVUqJ-KHD4Q,422,0
1134,9.43,False,Cừu Review,5,False,920,False,59,0.0284,False,True,False,False,False,True,False,False,74,17,1327,20,,False,2023-06-27T05:00:06Z,review phim tóm tắt,19700,Review Phim Trầm Vụn Hương Phai | Mo.i Tim Cứu Đế Quân Ứng Uyên Và Cái Kết,Hyn5yULzuPw,46905,41
1135,2.94,False,Cừu Review,2,False,920,False,59,0.0437,False,True,False,False,False,True,False,False,95,21,637,20,,False,2023-06-26T13:02:33Z,review phim tóm tắt,19700,Review phim Trầm Vụn Hương Phai | Món Quà Chí Mạng Tới Từ Người Mình Yêu Và Giấc Mộng Tuyệt Đẹp,9JrY2pILqZ4,14632,13
1139,268.57,False,Cừu Review,53,True,592,False,59,0.0257,False,True,False,False,True,True,False,False,97,23,34283,17,even,False,2023-06-22T14:00:15Z,review phim tóm tắt,19700,"Review phim Chàng Hậu ""Mr Queen"" | Đầu Bếp 30 Năm Mà Không Thể Nấu Nổi Bát Mỳ Tôm Vừa Ý Bong Hawn",D69aqBBqi7A,1335218,1172
1139,115.59,False,Cừu Review,18,False,592,False,39,0.0236,False,True,False,False,True,True,False,False,88,20,13527,17,even,False,2023-06-22T13:30:18Z,review phim tóm tắt,19700,"Review phim Chàng Hậu ""Mr Queen"" | Cuộc Tỷ Thí Giữa Bong Hawn Và Đầu Bếp 30 Năm Cuộc Đời",PmEr6Rg8hts,574677,505
1140,7.38,False,Cừu Review,5,False,555,False,59,0.0379,False,False,False,False,False,True,False,False,82,19,1384,17,,False,2023-06-21T13:00:46Z,review phim tóm tắt,19700,"Ôi Hoàng tử bệ hạ của ta full | Chiến thần đi ""Too"" nhiều nhất làng phim ngôn tình",w54OcF8EZhQ,36668,32
1140,50.46,False,Cừu Review,25,False,555,False,59,0.0223,False,True,False,False,False,True,False,False,73,17,5577,17,,False,2023-06-21T08:30:06Z,review phim tóm tắt,19700,Review Phim Ôi Hoàng Đế Bệ Hạ Của Ta | Giải quyết nạn côn trùng siêu mlem,C_oGcbklgVg,250862,220
1140,9.12,False,Cừu Review,8,False,555,False,58,0.0257,False,True,False,False,False,True,False,False,77,18,1156,17,,False,2023-06-21T08:00:07Z,review phim tóm tắt,19700,Review Phim Ôi Hoàng Đế Bệ Hạ Của Ta | Cưỡi lừa đuổi theo cứu chồng tương lai,IKNDd8ZDgWc,45318,40
1140,12.14,False,Cừu Review,6,False,474,False,59,0.0266,False,True,False,False,False,True,False,False,98,22,1601,17,,False,2023-06-21T05:35:00Z,review phim tóm tắt,19700,Review Phim Cô Gái Xuyên Không Để Đi Tắm Cùng Hoàng Thượng | Các bạn xem full vào kênh của Cừu nhé,Vuut5cSTtvg,60334,53
1140,0.31,False,Cừu Review,1,False,511,False,1931,0.0201,False,True,False,False,False,True,False,False,95,24,30,17,,False,2023-06-21T05:00:10Z,review phim tóm tắt,19700,"Cô Gái Xuyên Không Về Thời Cổ Đại Để Đi ""Too"" Và Cái Kết | Review Phim Ôi Hoàng Đế Bệ Hạ Của Ta",xQ1VG7yCO_0,1542,1
1143,3.34,False,Cừu Review,3,False,528,False,55,0.0311,False,False,False,False,True,True,False,False,78,13,513,11,odd,False,2023-06-18T13:00:03Z,review phim tóm tắt,19700,Review phim Yêu Em | Các bạn xem full tại đây nè: https://youtu.be/ZUDdgdn7TsI,268vb8lf4SE,16598,15
1143,0.05,False,Cừu Review,0,False,517,False,553,0.0083,False,True,False,False,False,True,False,False,95,22,2,11,,False,2023-06-18T05:00:08Z,review phim tóm tắt,19700,Con Đường Ngắn Nhất Dẫn Đến Trái Tim Là Đi Qua Dạ Dày | Review phim This Is Not What I Expected,ZUDdgdn7TsI,242,0
1146,8.62,False,Cừu Review,2,False,611,False,58,0.0242,False,True,False,False,False,True,False,False,84,19,1036,15,,False,2023-06-15T13:00:26Z,review phim tóm tắt,19700,"Trở Về Quá Khứ Tán Gái Như Này Thì Chết Cười Thôi | Review Phim Chàng Hậu ""Mr Queen""",gDbIAyLaTYQ,42872,37
1146,1481.58,False,Cừu Review,246,False,666,False,58,0.0253,False,False,False,False,False,True,False,False,72,15,186443,16,,False,2023-06-15T05:00:14Z,review phim tóm tắt,19700,"Review phim Chàng hậu ""Mr Queen"" | Xuyên Không Trở Thành Đầu Bếp Tấu Hài",dyLqjssezxc,7365691,6427
1167,0.7,False,Cừu Review,0,False,570,False,59,0.0374,False,False,False,False,True,True,False,False,82,19,130,15,odd,False,2023-05-25T13:30:13Z,review phim tóm tắt,19700,Đua xe với tử thần chỉ có Dom mới dám làm | Review phim Fast and Furious 9 #shorts,hKPrkC-skak,3478,3
1167,0.01,False,Cừu Review,0,False,643,False,678,0.069,False,True,False,False,True,True,False,False,94,22,2,17,odd,False,2023-05-25T13:00:10Z,review phim tóm tắt,19700,Sự trở lại của Brian và màn đua xe mãn nhãn cùng gia đình Dom | Review phim Fast and Furious 9,qzNv8Peulmw,29,0
1176,1.03,False,Cừu Review,0,False,418,False,60,0.0216,False,False,False,False,True,False,False,False,71,14,111,11,even,False,2023-05-16T06:07:37Z,review phim tóm tắt,19700,Review phim Đại chiến giữa 2 trùm trường khát máu nhất Nhật Bản #shorts,f34t15AGPMk,5129,4
1176,0.03,False,Cừu Review,1,False,573,False,742,0.0368,False,True,False,False,True,True,False,False,84,18,5,14,even,False,2023-05-16T05:20:26Z,review phim tóm tắt,19700,Cuộc chiến sinh tử giữa Quạ đen Suzuran và Housen | Review phim Bá vương học đường 2,2Oh6LvNzLcs,163,0
1177,0.97,False,Cừu Review,0,False,556,False,60,0.0299,False,False,False,False,True,True,False,False,95,22,144,14,odd,False,2023-05-15T05:45:02Z,review phim tóm tắt,19700,49 ngày phiêu lưu vượt qua 7 tầng địa ngục sẽ như thế này đây | Review phim Thử Thách Thần Chết,nmCbchcsorE,4814,4
1177,0.02,False,Cừu Review,2,False,547,False,698,0.0851,False,False,False,False,True,True,False,False,74,16,6,21,odd,False,2023-05-15T05:15:08Z,review phim tóm tắt,19700,Thử thách 49 ngày phiêu lưu nơi địa ngục | Review phim Thử thách thần chết,4DxBJ1QSsQc,94,0
1178,1.03,False,Cừu Review,9,False,413,False,60,0.0236,False,True,False,True,True,False,False,False,70,15,112,8,odd,False,2023-05-14T06:11:16Z,review phim tóm tắt,19700,Review phim Bá vương học đường 1. Chúc các bạn xem phim vui vẻ #shorts,BNcEqWDgOfQ,5138,4
1178,0.01,False,Cừu Review,3,False,722,False,741,0.1556,False,True,False,False,True,True,False,False,89,20,4,13,odd,False,2023-05-14T05:35:25Z,review phim tóm tắt,19700,Mới chuyển trường mà muốn làm Trùm thì cứ làm theo anh | Review phim Bá vương học đường 1,STdmOyfRMRc,45,0
1179,0.63,False,Cừu Review,0,False,404,False,60,0.0264,False,True,False,True,True,True,False,False,79,18,83,12,even,False,2023-05-13T08:07:41Z,review phim tóm tắt,19700,Review phim: Sử dụng ba con sói giải cứu thế giới | Đặc vụ Kingsman 2 | #shorts,CFwxrPoQ7AM,3139,3
1179,0.01,False,Cừu Review,3,False,440,False,715,0.1628,False,True,False,False,True,True,False,False,78,18,4,20,even,False,2023-05-13T04:58:45Z,review phim tóm tắt,19700,[Review phim] Cách sử dụng ba con sói để giải cứu thế giới | Đặc vụ Kingsman 2,gTTmzZVGNWc,43,0
1180,0.43,False,Cừu Review,0,False,314,False,60,0.0255,False,False,False,False,False,False,False,False,37,7,55,8,,False,2023-05-12T06:23:51Z,review phim tóm tắt,19700,Review phim: Găng tơ tái xuất #shorts,pH9EPpZQ6u4,2154,2
553,1.36,False,EpicDailyHealth,0,False,535,False,173,0.0374,False,False,False,False,False,False,False,False,68,9,22,20,,False,2025-01-27T18:15:01Z,psychology facts,19400,Shrink Your Prostate Naturally: The Powerful Food You’re Overlooking,J91yLdGgmTA,588,1
555,0.53,False,EpicDailyHealth,0,True,1232,False,274,0.0175,False,False,False,False,False,False,False,True,88,17,4,12,,False,2025-01-26T14:00:30Z,psychology facts,19400,The Truth About Erectile Dysfunction: What No One Tells You (And How to Fix It for Good),Jcm7bZ7FTOE,228,0
556,2.38,False,EpicDailyHealth,0,False,948,False,256,0.0213,False,False,False,False,False,False,False,False,71,13,22,19,,False,2025-01-25T15:00:26Z,psychology facts,19400,This is What They Don't Tell You About Masturbation When You Grow Older,QqhRgi0G3Ao,1031,2
559,0.97,False,EpicDailyHealth,0,False,1010,False,356,0.0356,False,False,False,False,False,False,False,True,56,12,15,17,,False,2025-01-21T16:01:02Z,psychology facts,19400,Why a Daily Walk Could Be the Best Thing for Your Health,va4cveIHjpo,421,1
562,3.32,False,EpicDailyHealth,0,False,1117,False,614,0.0049,False,False,False,False,False,False,False,False,64,13,7,15,,False,2025-01-19T14:15:06Z,psychology facts,19400,"If you are old and you masturbate, I'm sorry to tell you this...",l7USV9zRa6U,1435,3
565,0.38,False,EpicDailyHealth,0,False,535,False,264,0.0241,False,False,False,False,False,True,False,False,56,12,4,10,,False,2025-01-15T16:00:03Z,psychology facts,19400,Everything Tom Holland Eats In a Day | Eat Like | Health,2tW1RYx8S98,166,0
568,0.38,False,EpicDailyHealth,0,False,1387,False,391,0.0183,False,False,False,False,True,False,False,False,62,11,3,20,odd,False,2025-01-12T16:00:13Z,psychology facts,19400,7 Early Warning Signs of Prostate Cancer Every Man Should Know,HWbO19Op5Uk,164,0
569,16.31,False,EpicDailyHealth,14,False,1191,False,351,0.015,False,True,False,False,False,False,False,True,56,9,92,16,,False,2025-01-11T18:00:04Z,psychology facts,19400,What Happens to Your PROSTATE When You MASTURBATE Daily?,5QYagasv11o,7056,12
571,6.61,False,EpicDailyHealth,1,False,1513,False,692,0.0094,False,False,False,False,False,False,False,False,62,10,26,20,,False,2025-01-09T16:45:05Z,psychology facts,19400,Unexpected Changes In The Prostate Of Men Who Masturbate Daily,rXwwX2MzJlo,2858,5
574,1.1,False,EpicDailyHealth,0,False,773,False,202,0.0231,False,True,False,False,False,False,False,True,53,10,11,13,,False,2025-01-06T15:45:13Z,psychology facts,19400,Why Sleeping on Your LEFT SIDE Could Change Your Life,FoT2hiW--D4,477,1
577,0.37,False,EpicDailyHealth,0,True,535,False,123,0.0314,False,False,False,False,False,False,False,False,43,7,5,9,,False,2025-01-04T13:02:15Z,psychology facts,19400,"Simple Truths for a Healthier, Happier Life",C0koigjQXIk,159,0
754,0.32,False,EpicDailyHealth,0,False,596,False,284,0.0144,False,False,False,False,False,False,False,False,68,14,2,8,,False,2024-07-10T18:15:00Z,psychology facts,19400,The recipe to take full charge the whole night - Coffee + ginger Mix,16zq6i562YU,139,0
757,0.31,False,EpicDailyHealth,0,False,580,False,172,0.0222,False,False,False,False,False,False,False,False,42,8,3,9,,False,2024-07-07T16:58:04Z,psychology facts,19400,Cloves and Ginder Mix: Best Recipe for Men,0cWSGed6qHg,135,0
1170,1.75,False,EpicDailyHealth,1,False,1305,False,308,0.0528,False,False,False,False,True,False,False,False,57,10,39,23,even,False,2023-05-21T17:47:46Z,psychology facts,19400,10 Essential Health Benefits of Cinnamon You Need to Know,GYIuiZ08bzk,757,1
1174,4.32,False,EpicDailyHealth,3,False,1267,False,298,0.0246,False,False,False,False,False,False,False,False,46,9,43,22,,False,2023-05-18T09:55:48Z,psychology facts,19400,What Happens If You Drink Ginger Tea Every Day,sV03zoxb7fE,1868,2
1178,0.61,False,EpicDailyHealth,0,False,302,False,248,0.0302,False,False,False,False,True,False,False,False,42,7,8,35,odd,False,2023-05-14T10:56:47Z,psychology facts,19400,7 Powerful Health Benefits of Garlic Juice,yiOQTrdJDfA,265,0
1199,0.77,False,EpicDailyHealth,0,False,311,False,166,0.0241,False,False,False,False,False,False,False,True,63,11,8,25,,False,2023-04-22T18:44:41Z,psychology facts,19400,"How to Stay Healthy Every day: The Power of ginger, turmeric...",2Z-bUmWxQDI,332,0
1205,0.86,False,EpicDailyHealth,0,False,728,False,360,0.0349,False,False,False,False,False,False,False,True,42,8,13,39,,False,2023-04-16T17:26:29Z,psychology facts,19400,Why You Should Drink Lemon Water Every Day,H5t7PK3Yq7I,373,0
1232,0.78,False,EpicDailyHealth,0,False,600,False,397,0.0506,False,False,False,False,True,False,False,False,43,7,17,23,even,False,2023-03-21T10:00:25Z,psychology facts,19400,Top 10 Foods That Improve Blood Circulation,iWbYOitfiLI,336,0
1232,1.03,False,EpicDailyHealth,1,False,648,False,510,0.0495,False,False,False,False,True,False,False,False,65,14,21,27,even,False,2023-03-20T16:30:01Z,psychology facts,19400,What Will Happen If You Start Eating 2 Dates Every Day for a Week,8vVV1CN_sec,444,0
1233,0.83,False,EpicDailyHealth,0,False,520,False,537,0.0582,False,False,False,False,True,False,False,False,67,11,21,21,even,False,2023-03-19T20:47:05Z,psychology facts,19400,Top 10 Foods to Clean Arteries and  Prevent Heart Attacks Naturally,McBPWMAEPH8,361,0
1234,1.26,False,EpicDailyHealth,0,False,676,False,458,0.0313,False,False,False,False,True,False,False,False,41,8,17,29,even,False,2023-03-19T03:08:13Z,psychology facts,19400,10 Signs Your Kidneys Are Crying For Help,q3sjI6LUd5w,543,0
1235,0.86,False,EpicDailyHealth,2,False,594,False,471,0.0458,False,False,False,False,True,False,False,False,53,9,15,20,even,False,2023-03-18T02:58:27Z,psychology facts,19400,10 Foods That Cause Inflammation ( Avoid These Foods),vcpO3iCtraA,371,0
1238,1.75,False,EpicDailyHealth,0,False,776,False,182,0.0225,False,True,False,False,False,False,False,False,57,10,17,25,,False,2023-03-14T22:11:51Z,psychology facts,19400,The BEST WAY to Take Turmeric for Optimal Health Benefits,CarTUSK-lLY,755,1
1369,7760.41,False,EpicDailyHealth,1428,False,1975,False,277,0.017,False,False,False,False,False,False,False,False,48,6,55470,24,,False,2022-11-04T11:06:05Z,psychology facts,19400,Amazing Psychological Facts About Human Behavior,JaLDowoniP8,3356378,2452
1370,379.63,False,EpicDailyHealth,83,False,1926,False,276,0.0139,False,False,False,False,False,False,False,False,52,6,2193,24,,False,2022-11-03T11:12:43Z,psychology facts,19400,Interesting Psychological Facts About Human Behavior,nY4naZyEGFs,164191,120
181,8.35,False,Cổ Nhân Tâm Đắc,5,False,277,False,5414,0.0194,False,True,False,False,False,True,True,False,81,20,59,6,,False,2026-02-04T03:55:34Z,tâm lý học,19000,Cổ Nhân Dạy: Học Cách Sống Một Mình Để Không Cần So Sánh Với Ai | Cổ Nhân Tâm Đắc,0l72VCXSiLw,3291,18
182,8.49,False,Cổ Nhân Tâm Đắc,3,False,277,False,5990,0.0108,True,True,False,False,False,True,False,False,90,22,33,6,,False,2026-02-03T13:01:48Z,tâm lý học,19000,Cổ Nhân Dạy: Sống Một Mình Là Bài Kiểm Tra Trước Khi Đời Trao Sự Giàu Có | Cổ Nhân Tâm Đắc,iq9HP23BakU,3345,18
182,0.68,False,Cổ Nhân Tâm Đắc,1,False,986,False,5514,0.0224,False,True,False,False,False,True,False,False,83,20,5,19,,False,2026-02-03T04:01:14Z,tâm lý học,19000,Cổ Nhân Dạy: Hãy Học Cách Giữ Chữ Tín Ngay Cả Lúc Thiệt Phần Mình | Cổ Nhân Tâm Đắc,drXYm7X4dMg,268,1
183,0.81,False,Cổ Nhân Tâm Đắc,1,False,990,False,5098,0.0312,False,True,False,False,False,True,False,False,87,21,9,19,,False,2026-02-02T12:56:46Z,tâm lý học,19000,Cổ Nhân Dạy: Hãy Học Cách Sống Chậm Lại Để Hiểu Sâu Hơn Về Chính Mình | Cổ Nhân Tâm Đắc,S0UL5IYoauc,321,2
183,1.01,False,Cổ Nhân Tâm Đắc,1,False,1022,False,5968,0.0126,False,True,False,False,False,True,False,False,86,21,4,18,,False,2026-02-02T03:59:40Z,tâm lý học,19000,"Cổ Nhân Dạy: Học Cách Lấy Trí Tuệ Làm Gốc, Thay Vì Phản Ứng Nóng Vội | Cổ Nhân Tâm Đắc",-3xBY2X7ZBM,397,2
184,0.84,False,Cổ Nhân Tâm Đắc,1,False,955,False,4938,0.0213,False,True,False,False,False,True,False,False,80,20,6,19,,False,2026-02-01T13:48:22Z,tâm lý học,19000,Cổ Nhân Dạy: Học Cách Nhẫn Nhịn Khi Cần Để Giữ Hòa Khí Lâu Dài | Cổ Nhân Tâm Đắc,YMxTma7TXPQ,329,2
184,1.06,False,Cổ Nhân Tâm Đắc,2,False,1112,False,5826,0.0312,False,True,False,False,False,True,False,False,89,21,11,20,,False,2026-02-01T05:42:10Z,tâm lý học,19000,Cổ Nhân Dạy: Hãy Học Cách Điềm Tĩnh Trước Những Biến Cố Bất Ngờ Của Đời | Cổ Nhân Tâm Đắc,Pl58YHSWNTk,416,2
185,0.87,False,Cổ Nhân Tâm Đắc,1,False,885,False,6663,0.0146,False,True,False,False,False,True,False,False,85,20,4,18,,False,2026-01-31T12:46:50Z,tâm lý học,19000,Cổ Nhân Dạy: Học Cách Giữ Tâm Bình Thản Giữa Những Đổi Thay Của Đời | Cổ Nhân Tâm Đắc,mJ19NIbVt1U,343,2
185,0.82,False,Cổ Nhân Tâm Đắc,1,True,1162,False,6520,0.0186,False,True,False,False,False,True,False,False,83,20,5,6,,True,2026-01-31T03:59:50Z,tâm lý học,19000,Cổ Nhân Dạy: Học Cách Đi Qua Khổ Đau Mà Không Đánh Mất Lòng Thiện | Cổ Nhân Tâm Đắc,F7skkRHTk7s,323,2
186,0.67,False,Cổ Nhân Tâm Đắc,1,False,931,False,6451,0.0189,False,True,False,False,False,True,False,False,79,19,4,6,,False,2026-01-30T12:57:40Z,tâm lý học,19000,Cổ Nhân Dạy: Học Cách Giữ Chữ Tín Ngay Cả Khi Thiệt Phần Mình | Cổ Nhân Tâm Đắc,UOKjNR0Dlv8,264,1
186,0.68,False,Cổ Nhân Tâm Đắc,1,True,976,False,6867,0.0224,False,True,False,False,False,True,False,False,76,19,5,6,,False,2026-01-30T04:00:35Z,tâm lý học,19000,Cổ Nhân Dạy: Học Cách Đối Diện Sự Thật Thay Vì Tự Dối Lòng | Cổ Nhân Tâm Đắc,_q_yQcccRLI,268,1
187,1.26,False,Cổ Nhân Tâm Đắc,2,False,921,False,6917,0.0161,False,True,False,False,False,True,False,False,90,21,6,6,,False,2026-01-29T12:45:03Z,tâm lý học,19000,Cổ Nhân Dạy: Hãy Học Cách Nhẹ Lòng Trước Những Lời Khen Chê Của Thế Gian | Cổ Nhân Tâm Đắc,c9ASie-5gHM,497,3
187,1.43,False,Cổ Nhân Tâm Đắc,2,False,965,False,6601,0.0195,False,True,False,False,False,True,False,False,85,20,9,6,,False,2026-01-29T04:04:06Z,tâm lý học,19000,Cổ Nhân Dạy: Hãy Học Cách Không Để Cảm Xúc Nhất Thời Dẫn Dắt Số Phận| Cổ Nhân Tâm Đắc,Ej9En5zfnME,565,3
188,1.6,False,Cổ Nhân Tâm Đắc,3,False,1118,False,6763,0.0253,False,True,False,True,False,True,False,False,85,21,13,6,,False,2026-01-28T13:01:38Z,tâm lý học,19000,Cổ Nhân Dạy: Hãy Học Cách Giữ Giới Hạn Trong Tất Cả Các Mối Quan Hệ | Cổ Nhân Tâm Đắc,qhGcWUWHalY,632,3
188,0.57,False,Cổ Nhân Tâm Đắc,1,True,1080,False,6523,0.0354,False,True,False,False,False,True,False,False,78,18,7,6,,False,2026-01-28T04:00:45Z,tâm lý học,19000,Cổ Nhân Dạy: Học Cách Sống Chân Thật Mà Không Gây Tổn Thương | Cổ Nhân Tâm Đắc,p5fu5g0rncs,226,1
189,1.21,False,Cổ Nhân Tâm Đắc,1,False,1085,False,6537,0.0188,False,True,False,False,False,True,False,False,81,19,8,6,,False,2026-01-27T12:49:07Z,tâm lý học,19000,"Cổ Nhân Dạy: Học Cách Nhìn Người Qua Hành Động, Thay Vì Lời Nói | Cổ Nhân Tâm Đắc",vDAUHnWBhtg,478,3
189,0.95,False,Cổ Nhân Tâm Đắc,1,False,1139,False,6606,0.0322,False,True,False,False,False,True,False,False,89,21,11,23,,False,2026-01-27T04:16:48Z,tâm lý học,19000,Cổ Nhân Dạy: Học Cách Chấp Nhận Cô Đơn Như Một Phần Của Sự Trưởng Thành | Cổ Nhân Tâm Đắc,UT2UZIjBKXk,373,2
190,0.92,False,Cổ Nhân Tâm Đắc,1,False,1188,False,6564,0.0249,False,True,False,False,False,True,False,False,88,21,8,19,,False,2026-01-26T13:01:10Z,tâm lý học,19000,Cổ Nhân Dạy: Học Cách Biết Dừng Đúng Lúc Để Mọi Chuyện Không Đi Quá Xa | Cổ Nhân Tâm Đắc,ThbOn7gG8PI,362,2
190,1.55,False,Cổ Nhân Tâm Đắc,3,False,1331,False,6555,0.0213,False,True,False,False,False,True,False,False,90,21,10,21,,False,2026-01-26T05:44:34Z,tâm lý học,19000,"Cổ Nhân Dạy: Học Cách Đối Nhân Xử Thế Bằng Nhân Nghĩa, Thay Vì Toan Tính | Cổ Nhân Tâm Đắc",m4P21wDBtI4,611,3
192,1.16,False,Cổ Nhân Tâm Đắc,2,False,998,False,6734,0.0241,False,True,False,False,False,True,False,False,83,20,9,21,,False,2026-01-24T13:00:15Z,tâm lý học,19000,Cổ Nhân Dạy: Học Cách Không Vội Kết Luận Khi Chưa Hiểu Rõ Sự Việc | Cổ Nhân Tâm Đắc,Gbgj12E9qxw,457,2
192,1.44,False,Cổ Nhân Tâm Đắc,3,False,1075,False,6319,0.0351,False,True,False,False,False,True,False,False,83,20,17,21,,True,2026-01-24T05:02:39Z,tâm lý học,19000,Cổ Nhân Dạy: Học Cách Dùng Trí Tuệ Thay Cho Nóng Giận Và Hơn Thua | Cổ Nhân Tâm Đắc,Pb7MQhffclY,569,3
193,1.1,False,Cổ Nhân Tâm Đắc,2,False,1128,False,7348,0.0276,False,True,False,False,False,True,False,False,79,20,10,18,,False,2026-01-23T12:51:46Z,tâm lý học,19000,Cổ Nhân Dạy: Học Cách Sống Đơn Giản Để Tâm Hồn Được Tự Do Hơn | Cổ Nhân Tâm Đắc,X9EHT92FbNU,435,2
193,0.79,False,Cổ Nhân Tâm Đắc,2,False,1087,False,6451,0.0288,False,True,False,False,False,True,False,False,85,20,7,17,,False,2026-01-23T04:16:22Z,tâm lý học,19000,"Cổ Nhân Dạy: Học Cách Sống Chậm, Để Hiểu Sâu Hơn Lòng Người Và Mình | Cổ Nhân Tâm Đắc",PQQpSippYNA,312,2
194,0.99,False,Cổ Nhân Tâm Đắc,1,False,1023,False,6829,0.023,False,True,False,False,False,True,False,False,80,19,8,21,,False,2026-01-22T12:49:56Z,tâm lý học,19000,Cổ Nhân Dạy: Hãy Học Cách Tự Soi Mình Trước Khi Soi Người Khác | Cổ Nhân Tâm Đắc,jQKzQx8loRU,391,2
194,0.5,False,Cổ Nhân Tâm Đắc,4,False,1093,False,6659,0.0758,False,True,False,False,False,True,False,False,85,21,11,20,,True,2026-01-22T05:10:47Z,tâm lý học,19000,"Cổ Nhân Dạy: Người Ít Giao Du Không Phải Là Mất Mát, Mà Là Sàng Lọc | Cổ Nhân Tâm Đắc",Mk6ytUTkdD4,198,1
195,0.94,False,Cổ Nhân Tâm Đắc,2,False,918,False,6971,0.0325,False,True,False,False,False,True,False,False,95,23,10,18,,False,2026-01-21T12:52:14Z,tâm lý học,19000,"Cổ Nhân Dạy: Khi Trời Khiến Ta Sống Một Mình, Ấy Là Lúc Đang Âm Thầm Giữ Phúc | Cổ Nhân Tâm Đắc",gykBZyqh_B4,369,2
195,1.6,False,Cổ Nhân Tâm Đắc,4,False,928,False,6945,0.0412,False,True,False,False,False,True,False,False,92,22,22,17,,False,2026-01-21T04:20:44Z,tâm lý học,19000,"Cổ Nhân Dạy: Khi Không Còn Ham Náo Nhiệt, Là Điềm Báo Đời Bạn Sắp Thay Đổi | Cổ Nhân Tâm Đắc",iid9dkM_B9Y,631,3
196,1.31,False,Cổ Nhân Tâm Đắc,3,False,1107,False,6555,0.0348,False,True,False,False,False,True,False,False,83,21,15,18,,False,2026-01-20T12:48:04Z,tâm lý học,19000,"Cổ Nhân Dạy: Bớt Giao Du, Bớt Ồn Ào Là Dấu Hiệu Phúc Khí Đang Đến | Cổ Nhân Tâm Đắc",nLvD4-bHNJ4,517,3
196,0.68,False,Cổ Nhân Tâm Đắc,2,False,1141,False,6479,0.0301,False,True,False,False,False,True,False,False,79,18,6,19,,False,2026-01-20T04:23:00Z,tâm lý học,19000,Cổ Nhân Dạy: Học Cách Sống Vững Vàng Giữa Đời Nhiều Biến Động | Cổ Nhân Tâm Đắc,9hB4exDrAHI,266,1
197,1.02,False,Cổ Nhân Tâm Đắc,2,False,1159,False,6763,0.0324,False,True,False,False,False,True,False,False,80,19,11,18,,False,2026-01-19T12:56:27Z,tâm lý học,19000,"CỔ NHÂN DẠY: HỌC CÁCH SỐNG CHẬM LẠI, BẠN SẼ NHÌN RÕ LÒNG NGƯỜI | CỔ NHÂN TÂM ĐẮC",HFN0Y5y7WpY,401,2
118,0.3,False,Inside Mindset,1,False,672,False,270,0.0491,False,True,False,False,False,False,False,False,35,8,15,22,,False,2026-04-08T08:30:04Z,psychology facts,18900,Full Body Workout At Home - NO GYM.,87sSOZnY6S0,326,3
297,0.14,False,Inside Mindset,0,False,634,False,249,0.0199,False,False,False,False,True,False,False,False,90,19,3,26,even,False,2025-10-11T11:30:43Z,psychology facts,18900,What Happens if You Eat 2 Eggs Daily for 30 Days (Roj 2 Ande Khane Se Kya Hoga (Benefits).,qsnW20WRu_o,151,1
473,1.38,False,Inside Mindset,1,True,679,False,245,0.029,False,True,False,False,False,False,False,False,55,7,42,23,,False,2025-04-18T14:30:40Z,psychology facts,18900,FOREARMS WORKOUT Secrets EXPOSED -फोरआर्म्स कैसे बनाएं.,wbcAkTP3dBw,1482,3
480,0.98,False,Inside Mindset,3,False,393,False,229,0.0342,False,True,False,False,False,True,False,True,81,19,33,15,,False,2025-04-11T14:30:27Z,psychology facts,18900,Abs Workout | Abs की कसरत | abs workout at home - how to do abs exercise in hindi,jAed_d_YdTE,1052,2
650,0.29,False,Inside Mindset,2,False,212,False,157,0.0764,False,True,False,False,False,False,False,True,49,11,22,13,,False,2024-10-23T08:45:45Z,psychology facts,18900,How to Gain Weight Fast - तेजी से वजन कैसे बढ़ाएं,_UDPPnfg4a0,314,0
829,1.62,False,Inside Mindset,4,False,622,False,477,0.0379,False,False,False,False,True,False,True,False,51,10,62,17,odd,False,2024-04-27T11:22:44Z,psychology facts,18900,7 Signs To Have Real Friends (Fake vs Real Friend).,ke3uJRBMXE0,1741,2
1004,1.31,False,Inside Mindset,0,False,674,False,515,0.0376,False,False,False,False,True,False,False,True,99,22,53,17,even,False,2023-11-04T06:52:05Z,psychology facts,18900,Sigma Male : The Rarest Male On The Earth (10 Signs That You Are A Sigma Male) What is Sigma Male ?,fDzRYijVvaA,1410,1
1025,3.01,False,Inside Mindset,9,False,757,False,502,0.0284,False,False,False,False,True,False,True,False,100,20,83,14,even,False,2023-10-14T07:01:28Z,psychology facts,18900,Alpha vs Beta vs Delta vs Gama vs Omega vs Sigma Female : 6 female Personality  (Which One you Are).,o02eCcRXMxc,3237,3
1033,1.58,False,Inside Mindset,3,False,445,False,437,0.0289,False,True,False,False,True,False,False,False,67,13,46,14,even,False,2023-10-06T10:38:42Z,psychology facts,18900,10 Amazing Psychological Facts - ऐसी बातें जो आप अबतक नही जानते हो.,a2wvFH3HxvU,1694,2
1040,5.84,False,Inside Mindset,9,False,650,False,440,0.0304,False,True,False,False,False,False,False,False,76,14,182,16,,False,2023-09-29T10:40:05Z,psychology facts,18900,ऐसे बात करोगे तो सब दीवाने हो जायेगा - Communication Hack to Impress Anyone.,ubIoT-N0bCo,6283,6
1047,0.96,False,Inside Mindset,0,True,536,False,358,0.0492,False,True,False,False,False,False,False,False,67,14,51,15,,False,2023-09-22T10:30:16Z,psychology facts,18900,पढाई में मन लगाने का Secret तरीके - Tips to Grow Interest in Study.,UdMnhRfPNM4,1037,1
1054,7.41,False,Inside Mindset,4,False,596,False,420,0.0286,False,False,False,False,True,False,False,True,58,11,224,19,odd,False,2023-09-15T09:38:12Z,psychology facts,18900,9 Things Women Notices About Men - (How To Attract Girls).,9obEYSe-Z1w,7974,8
1061,4.56,False,Inside Mindset,8,False,508,False,537,0.0295,False,False,False,False,True,False,False,False,63,10,137,18,odd,False,2023-09-08T09:48:43Z,psychology facts,18900,11 Shocking Psychological Facts -That Will Make Your Life Easy.,k4FQ-V4Wzhk,4907,5
1067,2.52,False,Inside Mindset,7,False,422,False,543,0.0288,False,False,False,False,False,False,False,True,52,10,71,14,,False,2023-09-02T06:21:52Z,psychology facts,18900,Chalaki Se Baat Karna Sikho (How To Talk To Anyone).,suHbeeyI9m0,2705,3
1074,0.77,False,Inside Mindset,6,True,1141,False,436,0.0552,False,False,False,False,True,False,False,False,48,8,40,15,odd,False,2023-08-26T05:30:15Z,psychology facts,18900,Score Highest Marks With Less Study (7 Secrets).,wK-uFxdDTHI,833,1
1081,2947.12,False,Inside Mindset,3138,False,540,False,459,0.0232,False,False,False,True,True,True,False,False,64,11,70312,17,odd,False,2023-08-19T06:34:01Z,psychology facts,18900,7 Signs Someone Really Likes You | Hidden Signals of Attraction.,tNe2MzSVxCI,3169628,2932
1088,0.69,False,Inside Mindset,0,False,1058,False,536,0.0486,False,True,False,True,True,True,False,False,60,12,36,14,odd,False,2023-08-12T07:28:51Z,psychology facts,18900,कामयाब लोगो की 7 आदते | 7 Habits of Highly Effective People.,2IMmWEbu3EM,741,1
1096,0.38,False,Inside Mindset,1,False,550,False,455,0.0489,False,False,False,True,False,False,False,False,39,8,19,16,,False,2023-08-04T09:34:51Z,psychology facts,18900,Ego Is The Enemy Book Summary in Hindi.,mSVl4Y5ooIM,409,0
1102,0.33,False,Inside Mindset,0,False,947,False,447,0.0704,False,False,False,True,False,False,False,False,29,5,25,16,,False,2023-07-29T07:30:08Z,psychology facts,18900,Never Eat Alone Book Summary.,f6L1hwgEreM,355,0
1104,0.82,False,Inside Mindset,3,False,1033,False,549,0.0576,False,False,False,True,False,False,False,False,34,5,48,13,,False,2023-07-27T08:30:08Z,psychology facts,18900,The Millionaire Next Door Summary.,IdW8XzZWwOs,885,1
1109,1.28,False,Inside Mindset,1,False,1063,False,529,0.0377,False,True,False,True,False,True,False,False,76,16,51,12,,False,2023-07-22T07:30:22Z,psychology facts,18900,बड़ी सोच का बड़ा जादू अब हिंदी में | The Magic of Thinking Big Book Summary.,y1ozJ4l5b9A,1378,1
1112,0.52,False,Inside Mindset,0,False,1251,False,498,0.041,False,True,False,True,False,True,False,False,65,12,23,13,,False,2023-07-19T06:30:22Z,psychology facts,18900,Unlock IT Book Summary | Leverage Income Kya Hota Hai (In Hindi).,ip-rVJPIK1E,561,1
1116,1.76,False,Inside Mindset,0,False,1164,False,482,0.0407,False,True,False,True,False,True,False,False,80,16,77,17,,False,2023-07-15T05:44:53Z,psychology facts,18900,कुछ भी Achieve कैसे करे  | THE ONE THING By Gary Keller (Book Summary in Hindi).,pQxIU0E1Vkc,1893,2
1119,0.49,False,Inside Mindset,0,False,1442,False,561,0.0491,False,True,False,True,True,True,True,False,81,17,26,21,odd,False,2023-07-12T08:30:12Z,psychology facts,18900,गरिब vs अमिर ( 7 Money Mistakes ) | Biggest Money Mistakes To Avoid in Your 20s).,rBthgT95x28,529,0
1123,1.35,False,Inside Mindset,1,False,901,False,589,0.0371,False,True,False,True,False,False,False,False,86,15,53,15,,False,2023-07-08T06:56:45Z,psychology facts,18900,RICH बनने का सबसे आसान तरीका  Financial Freedom by Grant Sabatier Book Summay in Hindi,M7IlssjJ2Pw,1454,1
1126,0.58,False,Inside Mindset,4,False,1227,False,466,0.0677,False,True,False,True,True,True,False,False,87,19,38,15,odd,False,2023-07-05T12:30:17Z,psychology facts,18900,पैसे के 5 RULES | You Are a Badass At Making Money By Jen Sincero Book Summary in Hindi,Y-gfrQ1z5zs,620,1
1130,0.42,False,Inside Mindset,1,False,901,False,367,0.0703,False,True,False,True,False,False,False,False,82,14,31,17,,False,2023-07-01T05:35:00Z,psychology facts,18900,ऐसे बनते हैं करोड़पति  RADHAKISHAN DAMANI JI ने कैसे बनाये करोड़ रूपए  (CASE STUDY).,d0JVFt919gM,455,0
1132,1.07,False,Inside Mindset,0,False,1308,False,405,0.0314,False,True,False,True,True,False,False,True,65,14,36,22,even,False,2023-06-29T12:30:50Z,psychology facts,18900,अपना पहले ₹ 500 कहा INVEST करे (How To Invest Your First 500 Rs).,h35MJDcS7EM,1147,1
1136,1.02,False,Inside Mindset,0,False,1076,False,611,0.0337,False,True,False,True,False,True,False,False,86,14,37,23,,False,2023-06-24T15:31:34Z,psychology facts,18900,ऐसे बनते हैं करोड़पति | RAKESH JHUNJHUNWALA INVESTING LESSONS AND BIOGRAPHY | In Hindi.,q65O1-7lLWQ,1099,1
1140,0.93,False,Inside Mindset,0,False,1020,False,483,0.0532,False,True,False,True,False,False,False,False,51,9,53,23,,False,2023-06-21T08:31:49Z,psychology facts,18900,Mutual Fund में Salary Invest कैसे करें (In Hindi).,uX3iE1puJQ8,997,1
4,0.0,False,Masterise Homes,0,False,3701,False,188,0.0213,False,True,False,True,False,False,False,False,78,15,1,3,,False,2026-07-31T01:51:46Z,bất động sản việt nam,17700,A NEW EXPRESSION OF SOHO: NHỮNG KHOẢNH KHẮC SONG HÀNH TẠI TÂM ĐIỂM GIAO THƯƠNG,Bv-zF4_jsSM,47,12
5,0.0,False,Masterise Homes,0,False,3345,False,151,0.0,False,True,False,True,True,False,False,False,79,18,0,3,even,False,2026-07-30T10:32:58Z,bất động sản việt nam,17700,CÙNG NHÌN LẠI NHỮNG KHOẢNH KHẮC ĐÁNG NHỚ TẠI SỰ KIỆN RA MẮT 02 CĂN NHÀ MẪU SOHO,ovrr3wrdljg,54,11
5,2.75,False,Masterise Homes,0,False,1772,False,107,0.0,False,True,False,True,False,False,False,False,76,16,4,3,,False,2026-07-30T06:51:38Z,bất động sản việt nam,17700,HANOI SEASONS GARDEN - PHÂN KHU THE BLOOM: CHẤT SỐNG DUY MỸ GIỮA MIỀN NỞ HOA,rSS2mFpNwLk,499555,99911
11,10.66,False,Masterise Homes,1,False,433,False,99,0.0,False,True,False,False,False,False,False,False,62,14,16,3,,False,2026-07-24T08:20:29Z,bất động sản việt nam,17700,ART TALK - LUẬN ĐÀM CÙNG NGHỆ THUẬT - NÂNG CHUẨN SỐNG TINH HOA,Kw7-tFHiYnY,1936010,176001
13,0.0,False,Masterise Homes,0,False,2427,False,242,0.0181,False,True,False,True,False,False,False,False,63,12,3,3,,False,2026-07-22T04:29:38Z,bất động sản việt nam,17700,TRỌN VẸN HÀNH TRÌNH KIẾN TẠO CỦA MASTERISE HOMES TẠI OCEAN CITY,yQXAHDets5k,166,13
13,0.0,False,Masterise Homes,0,False,2405,False,91,0.0085,False,True,False,True,False,False,False,False,46,10,1,3,,False,2026-07-22T02:34:03Z,bất động sản việt nam,17700,NƠI ÁNH DƯƠNG MAI DỆT NÊN HÀNH TRÌNH HẠNH PHÚC,cVxx5ujt1w8,117,9
20,11.23,False,Masterise Homes,0,False,3457,False,134,0.0,False,True,False,True,False,False,False,False,53,12,7,3,,False,2026-07-15T06:17:20Z,bất động sản việt nam,17700,KHI NHỊP SỐNG TOÀN CẦU GẶP GỠ TINH THẦN VIỆT TẠI SOHO,TvHx5SXSgEo,2038338,101917
30,42.27,False,Masterise Homes,0,False,1164,False,54,0.0,False,True,False,True,False,False,False,False,64,12,30,3,,False,2026-07-05T11:02:09Z,bất động sản việt nam,17700,HANOI SEASONS GARDEN - LẮNG NGHE KHU VƯỜN THỜI GIAN KỂ CHUYỆN...,sFLYzv8uK2w,7673421,255781
63,0.0,False,Masterise Homes,0,False,427,False,97,0.0023,False,True,False,False,True,True,False,False,61,13,1,3,odd,False,2026-06-02T02:56:05Z,bất động sản việt nam,17700,MASTERI ERA LANDMARK | CẬP NHẬT TIẾN ĐỘ DỰ ÁN - THÁNG 05/2026,Ud2Z4NQHttE,440,7
69,0.97,False,Masterise Homes,0,False,4331,False,228,0.0,False,True,False,False,False,False,False,False,85,18,4,3,,False,2026-05-27T10:48:15Z,bất động sản việt nam,17700,THƯỞNG LÃM NHỮNG LÁT CẮT ĐẦY CẢM XÚC TRONG SỰ KIỆN “CHUYỆN CHƯA KỂ GIỮA LÒNG HÀ NỘI…”,fwxuLZ8KEa4,176909,2564
71,0.4,False,Masterise Homes,0,False,3250,False,39,0.0,False,True,False,True,False,True,False,False,96,19,2,3,,False,2026-05-25T08:26:00Z,bất động sản việt nam,17700,MASTERI GRAND COAST | CUỘC SỐNG LÝ TƯỞNG VỚI TIÊU CHUẨN BÀN GIAO CAO CẤP TẠI MASTERI GRAND COAST,MyiMtf8o5VE,71861,1012
80,41.23,False,Masterise Homes,2,False,2552,False,130,0.0,False,True,False,False,False,False,False,False,86,18,25,3,,False,2026-05-16T02:16:55Z,bất động sản việt nam,17700,HANOI SEASONS GARDEN - KHU VƯỜN NUÔI DƯỠNG GIÁ TRỊ THỜI GIAN TRÂN QUÝ GIỮA LÒNG HÀ NỘI,MRoTJ68VWuw,7485326,93567
83,21.37,False,Masterise Homes,0,False,2573,False,18,0.0,False,True,False,True,False,False,False,False,38,10,0,3,,False,2026-05-13T04:20:32Z,bất động sản việt nam,17700,DƯ BA HẠNH PHÚC NỐI DÀI QUA BA THẾ HỆ​,u4n12tbKbUQ,3880204,46749
89,1.66,False,Masterise Homes,0,False,1956,False,33,0.0,False,True,False,False,False,False,False,False,42,9,3,3,,False,2026-05-07T06:39:09Z,bất động sản việt nam,17700,LẮNG NGHE CHUYỆN CHƯA KỂ GIỮA LÒNG HÀ NỘI…,G0fbyVko2sQ,301733,3390
89,5.4,False,Masterise Homes,0,False,1161,False,61,0.0,False,True,False,False,False,False,False,False,96,18,5,3,,False,2026-05-07T04:03:11Z,bất động sản việt nam,17700,MASTERISE HOMES RA MẮT BRANDED LIVING MAGAZINE - ẤN PHẨM TRUYỀN CẢM HỨNG VỀ CHUẨN SỐNG HÀNG HIỆU,Lvor7p6lXM8,980524,11017
92,25.46,False,Masterise Homes,0,False,2935,False,19,0.0,False,True,False,True,False,False,False,False,48,11,0,3,,False,2026-05-04T03:01:56Z,bất động sản việt nam,17700,BÁN ĐẢO SOLA – KHI HIỆN TẠI PHẢN CHIẾU TƯƠNG LAI,b6PQJLaxbR0,4621647,50235
118,4.0,False,Masterise Homes,0,False,3052,False,37,0.0,False,True,False,True,False,True,False,False,96,19,6,3,,False,2026-04-08T04:49:50Z,bất động sản việt nam,17700,MASTERI GRAND COAST | SỐNG KHỎE THEO CÁCH RIÊNG VỚI HỆ TIỆN ÍCH VẬN ĐỘNG TẠI MASTERI GRAND COAST,AK1DFMCIIGI,726179,6154
126,0.01,False,Masterise Homes,0,False,1668,False,104,0.0028,False,True,False,True,True,True,False,False,70,14,4,3,odd,False,2026-03-31T03:31:39Z,bất động sản việt nam,17700,MASTERI TRINITY SQUARE | CẬP NHẬT TIẾN ĐỘ XÂY DỰNG DỰ ÁN THÁNG 03/2026,p3G09xVu1dw,1433,11
134,0.0,False,Masterise Homes,0,False,1423,False,86,0.0049,False,True,False,False,True,True,False,False,61,13,4,3,odd,False,2026-03-23T08:10:09Z,bất động sản việt nam,17700,MASTERI ERA LANDMARK | CẬP NHẬT TIẾN ĐỘ DỰ ÁN - THÁNG 03/2026,Y5EKJivHR-g,823,6
146,1.95,False,Masterise Homes,0,False,4743,False,37,0.0,False,True,False,True,False,True,False,False,83,17,3,3,,False,2026-03-11T02:36:22Z,bất động sản việt nam,17700,MASTERI GRAND COAST | TỰ DO TẬN HƯỞNG GIỮA ĐA TẦNG TIỆN ÍCH TẠI MASTERI GRAND COAST,N7TZWLX05XI,354463,2428
152,1.03,False,Masterise Homes,0,False,2208,False,119,0.0,False,True,False,False,False,False,False,False,45,9,7,3,,False,2026-03-05T04:53:28Z,bất động sản việt nam,17700,LUMIÈRE Essence Peak - THANH TAO SINH PHẨM VỊ,v4cMWjLg2GU,186160,1225
159,0.0,False,Masterise Homes,0,False,1611,False,314,0.0061,False,True,False,False,True,False,False,False,97,21,2,3,odd,False,2026-02-26T04:08:42Z,bất động sản việt nam,17700,HÀNH TRÌNH VINH QUANG TRONG THÁCH THỨC QUA LĂNG KÍNH CỦA TOP 3 ĐẠI LÝ CHIẾN LƯỢC XUẤT SẮC CỦA NĂM,2p7cT1hr1w8,328,2
176,0.0,False,Masterise Homes,0,False,3916,False,64,0.0175,False,True,False,False,True,False,False,False,79,15,5,3,odd,False,2026-02-09T11:33:06Z,bất động sản việt nam,17700,TINH THẦN OLYMPIC CỦA CÁC NGÔI SAO KINH DOANH TRONG HÀNH TRÌNH STAR NATION 2025,y6sfBfswxzY,285,2
176,0.0,False,Masterise Homes,0,False,3144,False,62,0.0218,False,True,False,False,False,False,False,False,80,18,5,3,,False,2026-02-09T10:33:37Z,bất động sản việt nam,17700,CÂU LẠC BỘ NGÔI SAO: NƠI GHI DẤU BẢN LĨNH CỦA NHỮNG CHUYÊN VIÊN KINH DOANH ƯU TÚ,vxh5S2WP8VU,229,1
180,0.0,False,Masterise Homes,0,False,2646,False,517,0.0116,False,True,False,False,True,False,False,False,81,19,8,3,odd,False,2026-02-05T03:50:43Z,bất động sản việt nam,17700,HÀNH TRÌNH KIẾN TẠO 2025 TẠI THỊ TRƯỜNG MIỀN BẮC: TỰ HÀO NHÌN LẠI 6 DẤU ẤN RỰC RỠ,Dhmd3ACSSgk,688,4
182,0.0,False,Masterise Homes,0,False,4369,False,268,0.0175,False,True,False,False,True,False,False,False,84,18,8,3,odd,False,2026-02-03T07:23:47Z,bất động sản việt nam,17700,NHỮNG KHOẢNH KHẮC TỰ HÀO VIẾT NÊN STAR NATION - LỄ VINH DANH ĐỐI TÁC KINH DOANH 2025,mOCR31UBMhY,458,3
194,2.89,False,Masterise Homes,0,False,2539,False,92,0.0,False,True,False,False,False,True,False,False,76,16,10,3,,False,2026-01-22T04:17:58Z,bất động sản việt nam,17700,MASTERI GRAND COAST | NƠI PHONG CÁCH SỐNG TỰ TẠI DẪN LỐI ĐA TẦNG TRẢI NGHIỆM,bVQ9kITFnq4,525262,2708
195,1.44,False,Masterise Homes,0,False,4867,False,143,0.0,False,True,False,False,False,True,False,False,97,19,4,3,,False,2026-01-21T10:11:01Z,bất động sản việt nam,17700,MASTERI GRAND COAST | NHÌN LẠI NHỮNG KHOẢNH KHẮC KHÓ QUÊN TRÊN HÀNH TRÌNH “SỐNG PHONG THÁI TỰ DO”,ql8TUqPnuA4,261322,1340
200,2.29,False,Masterise Homes,0,False,3099,False,115,0.0,False,True,False,False,True,True,False,False,77,15,6,3,odd,False,2026-01-16T07:09:11Z,bất động sản việt nam,17700,MASTERISE HOMES | CẬP NHẬT TIẾN ĐỘ DỰ ÁN MASTERI ERA LANDMARK - THÁNG 01/2026,QkAGwFG_VDQ,416319,2082
201,0.01,False,Masterise Homes,2,False,3453,False,166,0.0092,False,True,False,False,False,False,False,False,86,18,11,3,,False,2026-01-15T04:17:03Z,bất động sản việt nam,17700,"CẦU CẦN GIỜ CHÍNH THỨC ĐỘNG THỔ, MỞ LỐI PHÁT TRIỂN CHIẾN LƯỢC VỀ HƯỚNG BIỂN CỦA TP.HCM",2EO44dGIu9M,1420,7
9,0.63,False,BOOM- Reaction,2,False,0,False,25,0.0067,False,False,True,False,False,False,False,False,34,8,4,0,,False,2026-07-26T15:18:18Z,khám phá vũ trụ,16500,Ai làm vậy bao giờ 🫣 #funny #viral,5w8Z3fL2yOg,894,99
10,1.67,False,BOOM- Reaction,0,False,0,False,33,0.0042,False,False,True,False,False,False,False,False,42,9,10,0,,False,2026-07-25T03:12:42Z,khám phá vũ trụ,16500,Khớp đến từng câu chữ 😆 #funny #viral #dog,VjBwMw9ubis,2359,236
11,11.05,False,BOOM- Reaction,3,False,0,False,30,0.0102,False,False,True,False,False,False,False,False,34,8,157,0,,False,2026-07-24T06:57:08Z,khám phá vũ trụ,16500,Ta đâu có say 🤣 #viral #funny #dog,-cC4ecvLrtQ,15647,1422
12,2.12,False,BOOM- Reaction,13,False,0,False,49,0.0153,False,False,True,False,False,False,False,False,37,6,33,0,,False,2026-07-23T08:05:06Z,khám phá vũ trụ,16500,Bạn hiểu chứ ☹️ #viral #xuhuongtiktok,QBVP9_pp48s,3004,250
13,6.18,False,BOOM- Reaction,0,False,0,False,14,0.004,False,False,True,False,False,False,False,False,35,8,35,0,,False,2026-07-22T06:24:01Z,khám phá vũ trụ,16500,Gậy ông đập mặt ông 🤣 #viral #funny,Yu8UG50N0ZI,8748,673
14,22.5,False,BOOM- Reaction,0,False,0,False,12,0.0008,False,False,True,False,False,False,False,False,32,6,26,0,,False,2026-07-21T02:25:14Z,khám phá vũ trụ,16500,Không được cười. 🤭 #viral #funny,mo6kD88V814,31870,2276
15,5.85,False,BOOM- Reaction,5,False,0,False,17,0.0087,False,False,True,False,False,False,False,False,45,11,67,0,,False,2026-07-20T04:57:19Z,khám phá vũ trụ,16500,Khó cho anh chó quá các m ơi. 😆 #viral #funny,WqI3t3Cy0kA,8285,552
16,12.55,False,BOOM- Reaction,0,False,0,False,24,0.0008,False,False,True,False,False,False,False,False,43,9,14,0,,False,2026-07-19T03:56:35Z,khám phá vũ trụ,16500,Mượt quá rồi. Ảo tung chảo. 😮 #viral #funny,RWkMgIP7xpM,17773,1111
17,4.86,False,BOOM- Reaction,3,False,0,False,24,0.0073,False,False,True,False,False,False,False,False,47,10,47,0,,False,2026-07-18T13:39:21Z,khám phá vũ trụ,16500,Trông nó có khó coi không trài. 🤣 #viral #funny,s_i2RDeyMb8,6882,405
18,0.99,False,BOOM- Reaction,1,False,0,False,21,0.0029,False,False,True,False,True,False,False,False,47,8,3,0,even,False,2026-07-17T14:06:55Z,khám phá vũ trụ,16500,X2 sự đau thương 😌 #viral #funny #xuhuongtiktok,6MAeWuUS1nI,1400,78
19,5.08,False,BOOM- Reaction,2,False,0,False,29,0.0025,False,False,True,False,False,False,False,False,43,9,16,0,,False,2026-07-16T05:06:31Z,khám phá vũ trụ,16500,Vừa xem vừa hồi hộp 😬 #viral #funny #tiktok,Uw-J9vVxBkw,7191,378
20,0.06,False,BOOM- Reaction,0,False,0,False,25,0.0,False,True,True,False,False,False,False,True,60,10,0,0,,False,2026-07-15T04:01:05Z,khám phá vũ trụ,16500,Có quên gì không vậy? 😳 #monkey #viral #funny #xuhuongtiktok,y5hcNiw_s0U,85,4
22,0.16,False,BOOM- Reaction,0,False,0,False,25,0.009,False,False,False,False,False,False,False,False,49,12,2,0,,False,2026-07-13T01:52:13Z,khám phá vũ trụ,16500,Sao t k cãi được gì luôn bay ơi bay #viral #funny,NTzBnaMCv50,222,10
24,5.1,False,BOOM- Reaction,0,False,0,False,24,0.0024,False,False,True,False,False,False,False,False,34,7,17,0,,False,2026-07-11T12:35:11Z,khám phá vũ trụ,16500,Đáng yêu quá 🫣 #cute #viral #funny,hbPgHrfHPDQ,7225,301
26,0.76,False,BOOM- Reaction,0,False,14,False,52,0.012,False,False,False,False,False,False,False,False,35,5,13,0,,False,2026-07-09T04:57:36Z,khám phá vũ trụ,16500,Thương thế #viral #tintuc #thientai,BS9tML2baHw,1082,42
28,0.45,False,BOOM- Reaction,0,False,0,False,98,0.0031,False,False,True,False,False,False,False,False,62,11,2,0,,False,2026-07-07T03:45:10Z,khám phá vũ trụ,16500,Đang vội thì cũng hơi bực nhờ. 😆 #viral #xuhuongtiktok #tintuc,iW3xSwUEXAU,642,23
30,0.67,False,BOOM- Reaction,0,False,0,False,36,0.0053,False,False,True,False,False,False,False,False,63,11,5,0,,False,2026-07-05T01:17:46Z,khám phá vũ trụ,16500,Không biết có chơi gì không nhờ 🫣 #viral #tintuc #xuhuongtiktok,4jFyV8C6yH4,943,31
32,0.65,False,BOOM- Reaction,2,False,0,False,30,0.0098,False,False,True,False,False,False,False,False,32,7,7,0,,False,2026-07-03T13:25:11Z,khám phá vũ trụ,16500,Trêu chó xưa rồi 😆 #viral #funny,7sDThWXQ0y4,915,29
33,1.44,False,BOOM- Reaction,0,False,0,False,24,0.002,False,False,False,False,False,False,False,False,42,6,4,0,,True,2026-07-02T02:54:47Z,khám phá vũ trụ,16500,Mất niềm tin #viral #tintuc #xuhuongtiktok,fSSe1h7PY28,2039,62
34,5.04,False,BOOM- Reaction,2,False,0,False,29,0.0034,False,False,False,False,False,False,False,False,53,9,22,0,,False,2026-07-01T02:52:12Z,khám phá vũ trụ,16500,Thay cho bộ môn trêu chó #viral #xuhuongtiktok #funny,93U31S3bt-o,7139,210
35,0.87,False,BOOM- Reaction,0,False,0,False,24,0.0121,False,False,False,False,False,False,False,False,50,8,15,0,,False,2026-06-30T13:47:13Z,khám phá vũ trụ,16500,Con mèo khổ như choá. #viral #xuhuongtiktok #funny,ZrKYEh9zpL0,1239,35
36,0.59,False,BOOM- Reaction,0,False,0,False,33,0.0072,False,False,True,False,False,False,False,True,55,10,6,0,,False,2026-06-29T04:01:17Z,khám phá vũ trụ,16500,Chàng tiên cá này gu ai? 😁 #viral #xuhuongtiktok #funny,hVg_paL84eQ,832,23
37,0.57,False,BOOM- Reaction,2,False,0,False,28,0.0111,False,False,False,False,False,False,False,True,85,13,7,0,,False,2026-06-28T02:09:31Z,khám phá vũ trụ,16500,Ai biết là hiện tượng gì không? Ảo thật sự. #viral #hiệntượngsiêunhiên #xuhuongtiktok,U4yr3EEnQsk,812,22
38,0.75,False,BOOM- Reaction,0,False,0,False,23,0.0075,False,False,True,False,False,False,False,False,51,11,8,0,,False,2026-06-27T02:12:53Z,khám phá vũ trụ,16500,Con Mèo cũng như con người mà 😁 #viral #funny #pets,Yc4mRVLCJMk,1063,28
39,0.93,False,BOOM- Reaction,0,False,0,False,34,0.0068,False,False,True,False,False,False,False,False,65,11,9,0,,False,2026-06-26T02:14:00Z,khám phá vũ trụ,16500,Không hiểu thanh niên nghĩ gì nữa 🤬 #viral #xuhuongtiktok #tintuc,3L-zHRqSe90,1324,34
40,0.91,False,BOOM- Reaction,3,False,0,False,37,0.0069,False,False,True,False,True,False,False,False,78,15,6,0,even,False,2026-06-25T01:56:44Z,khám phá vũ trụ,16500,Giống nhau như 2 giọt nước. Ôi tuổi thơ của tôi 🥲 #viral #xuhuongtiktok #funny,bVUVUWzhnGU,1295,32
41,3.25,False,BOOM- Reaction,0,False,80,False,31,0.0041,False,False,True,False,False,False,False,True,68,12,19,0,,False,2026-06-24T00:58:17Z,khám phá vũ trụ,16500,Anh em có muốn đến trải nghiệm không? 😆 #viral #xuhuongtiktok #funny,E3aQq6ShPZY,4610,112
42,1.01,False,BOOM- Reaction,2,False,0,False,39,0.0063,False,False,True,False,False,False,False,True,65,11,7,0,,False,2026-06-23T03:22:56Z,khám phá vũ trụ,16500,Không có cửa??? Chả hiểu kiểu gì? 😆 #viral #shorts #xuhuongtiktok,xj2V1qfVpQE,1433,34
43,1.6,False,BOOM- Reaction,0,False,116,False,32,0.0154,False,False,False,False,False,False,False,False,49,9,35,0,,False,2026-06-22T03:31:16Z,khám phá vũ trụ,16500,Gấu trúc Fubao và ông ngoại. #shorts #fubao #cute,SHYIrl21JiM,2273,53
44,0.45,False,BOOM- Reaction,0,False,111,False,51,0.0062,False,True,True,False,False,False,False,True,35,9,4,0,,False,2026-06-21T02:28:31Z,khám phá vũ trụ,16500,Mọi người nghĩ sao về vấn đề này? 🙏,yyY5qq-NCbQ,644,15
1,0.31,False,Đường Lập Nghiệp,1,False,941,False,3990,0.0511,False,True,False,False,True,True,False,False,77,17,8,0,even,False,2026-08-04T02:01:40Z,tài chính cá nhân,16100,CÓ 100 TRIỆU ĐẦU TIÊN ĐỪNG VỘI YÊU HÃY LÀM ĐIỀU NÀY TRƯỚC | Đường Lập Nghiệp ,Fn_Zgr-qMSU,176,176
4,0.4,False,Đường Lập Nghiệp,0,True,918,False,3137,0.0349,True,True,False,False,False,True,True,False,89,20,8,0,,False,2026-07-31T10:21:37Z,tài chính cá nhân,16100,LÀM THUÊ HAY TỰ KINH DOANH SỰ THẬT QUYẾT ĐỊNH HÀNG GIÀU ĂN MÃI ĐI LÀM | Đường Lập Nghiệp ,pjhU0Q62lR8,229,57
6,0.55,False,Đường Lập Nghiệp,0,False,949,False,5004,0.0224,False,True,False,False,True,True,False,False,80,21,7,0,even,True,2026-07-29T10:34:08Z,tài chính cá nhân,16100,"TỪ 2,5 TỶ VỀ 0 ĐỒNG - 7 SAI LẦM NGƯỜI MỚI CÓ TIỀN RẤT DỄ MẮC | Đường Lập Nghiệp ",-t0J00b_N1M,313,52
8,6.94,False,Đường Lập Nghiệp,6,False,789,False,4115,0.0204,False,False,False,False,True,True,False,False,81,18,75,0,odd,False,2026-07-27T13:03:42Z,tài chính cá nhân,16100,"Khi có 1,5 tỷ người khôn làm điều này người khác lại vội tiêu | Đường Lập Nghiệp ",ay-Tm5cDPCs,3968,496
10,1.08,False,Đường Lập Nghiệp,2,False,751,False,3834,0.0226,False,False,False,False,True,True,False,False,72,17,12,0,even,False,2026-07-24T23:24:06Z,tài chính cá nhân,16100,8 nghề ở nông thôn âm thầm hốt bạc ít người nghĩ tới | Đường Lập Nghiệp ,DSp4Tk1DSqI,620,62
12,0.52,False,Đường Lập Nghiệp,0,False,637,False,3849,0.0305,False,True,False,False,True,True,False,False,82,19,9,0,odd,False,2026-07-23T12:58:26Z,tài chính cá nhân,16100,7 BÍ QUYẾT MƯỢN LỰC KIẾM TIỀN -  KHÔNG CẦN MỘT MÌNH LÀM TẤT CẢ | Đường Lập Nghiệp ,-spHtjukbZo,295,25
13,0.59,False,Đường Lập Nghiệp,0,False,976,False,8239,0.0324,False,True,False,False,True,True,False,False,73,16,11,0,odd,False,2026-07-22T12:44:42Z,tài chính cá nhân,16100,7 LOẠI TÀI SẢN CẦN ĐẶC BIỆT TRÂN TRỌNG TRƯỚC NĂM 2027 | Đường Lập Nghiệp ,r1Sf34qX7Ao,340,26
14,0.31,False,Đường Lập Nghiệp,0,False,608,False,2979,0.0229,False,False,False,False,False,False,False,False,67,14,4,0,,False,2026-07-20T23:15:06Z,tài chính cá nhân,16100,người thái kiếm tiền thế nào những tư duy mà nhiều người không biết,CGnJwwm_i28,175,12
15,0.85,False,Đường Lập Nghiệp,4,False,573,False,2585,0.0288,True,True,False,False,True,False,False,False,44,11,10,0,odd,False,2026-07-19T22:56:36Z,tài chính cá nhân,16100,5 NGHỀ LÀM GIÀU Ở NÔNG THÔN AI CŨNG LÀM ĐƯỢC,cRKIfGPk5Vw,486,32
19,3.85,False,Đường Lập Nghiệp,15,True,721,False,2314,0.0295,True,True,False,False,True,True,False,False,85,19,50,0,even,False,2026-07-16T10:00:06Z,tài chính cá nhân,16100,BÍ MẬT ĐẰNG SAU CỘT MỐC 200 TRIỆU ĐẦU TIÊN MÀ NGƯỜI GIÀU ĐỀU BIẾT | Đường Lập Nghiệp ,77cSmbUZny0,2200,116
20,0.54,False,Đường Lập Nghiệp,0,False,710,False,2397,0.0098,False,True,False,False,False,True,False,True,83,18,3,0,,False,2026-07-15T09:00:06Z,tài chính cá nhân,16100,VÌ SAO CÙNG MỘT CHIẾC XE NHƯNG MỖI NGƯỜI MUA MỘT GÁI KHÁC NHAU |. Đường lập nghiệp ,4nk-VF10_S4,306,15
21,0.47,False,Đường Lập Nghiệp,1,False,159,False,3899,0.0332,True,True,False,False,False,True,False,False,86,19,8,0,,False,2026-07-14T10:00:38Z,tài chính cá nhân,16100,CÁI GIÁ CỦA VIỆC KHOE GIÀU NHIỀU NGƯỜI CHỈ NHẬN RA KHI ĐÃ QUÁ MUỘN | Đường Lập Nghiệp ,xpvEb3rJJ6g,271,13
22,3.46,False,Đường Lập Nghiệp,3,True,95,False,3610,0.0227,False,False,False,False,False,False,True,True,64,14,42,0,,True,2026-07-13T05:44:09Z,tài chính cá nhân,16100,Giả nghèo hay sống kín? bí mật giúp nhiều người giữ được tài sản,tVNXiX6Y0ls,1980,90
24,1.19,False,Đường Lập Nghiệp,1,False,100,False,4063,0.0265,False,False,False,False,True,True,False,False,69,15,17,0,even,False,2026-07-11T04:25:37Z,tài chính cá nhân,16100,Điều gì xảy ra nếu bạn tiết kiệm 20.000đ mỗi ngày | Đường Lập Nghiệp ,ds4tSj7cvl8,679,28
27,0.92,False,Đường Lập Nghiệp,0,False,136,False,4587,0.0306,False,True,False,False,True,True,False,False,63,14,16,0,even,False,2026-07-08T06:19:11Z,tài chính cá nhân,16100,8 CON ĐƯỜNG GIÚP BẠN THOÁT CẢNH ĐI LÀM THUÊ | Đường Lập Nghiệp ,QeAnmW50vRo,523,19
28,0.5,False,Đường Lập Nghiệp,0,False,112,False,4870,0.0526,False,False,False,False,False,True,False,False,81,17,15,0,,False,2026-07-07T08:56:13Z,tài chính cá nhân,16100,Toàn bộ hệ thống tiền bạc được giải thích dễ hiểu trong video | Đường Lập Nghiệp ,fYlArI8a8Xo,285,10
29,1.18,False,Đường Lập Nghiệp,0,False,105,False,4077,0.0162,False,False,False,False,True,False,False,False,73,17,11,0,odd,False,2026-07-06T09:40:42Z,tài chính cá nhân,16100,9 quy tắc tối giản về tiền bạc giúp bạn không bao giờ rơi vào khủng hoảng,5HyGvwegRU8,677,23
30,0.62,False,Đường Lập Nghiệp,1,False,98,False,4168,0.0338,False,False,False,False,False,False,False,False,67,15,11,0,,True,2026-07-05T12:58:22Z,tài chính cá nhân,16100,Những cạm bẫy đi xuất khẩu lao động mà môi giới không bao giờ nói. ,AvrPjMQMpDg,355,12
31,0.15,False,Đường Lập Nghiệp,0,False,88,False,3624,0.0471,False,True,False,False,True,False,False,False,57,15,4,0,even,False,2026-07-04T15:05:15Z,tài chính cá nhân,16100,8 NGHỀ CÓ NGUY CƠ BỊ AI THAY THẾ - BẠN CẦN CHUẨN BỊ NGAY ,ZxuxpBNX1ws,85,3
31,1.33,False,Đường Lập Nghiệp,1,False,108,False,4567,0.0251,True,False,False,False,True,False,False,False,74,15,18,0,even,True,2026-07-04T00:09:08Z,tài chính cá nhân,16100,"8 Cách Người Giàu Biến Tiền Thành Tiền, Người Nghèo Lại Làm Điều Ngược Lại",xMT7VCWWcLc,758,24
34,1.61,False,Đường Lập Nghiệp,1,False,84,False,3956,0.0261,False,False,False,False,False,False,False,False,52,13,23,0,,False,2026-07-01T13:39:03Z,tài chính cá nhân,16100,Đường lập nghiệp : tư duy ngắn hạn và tư duy dài hạn,VEX8FhjEhdg,920,27
35,3.74,False,Đường Lập Nghiệp,7,False,90,False,3292,0.0234,False,True,False,False,False,False,False,False,59,13,43,0,,False,2026-06-30T06:25:40Z,tài chính cá nhân,16100,KHÓ KHĂN CỦA CON ĐƯỜNG TÍCH LŨY TÀI SẢN - Đường Lập Nghiệp ,VNmGPYCEsbE,2139,61
38,0.7,False,Đường Lập Nghiệp,0,False,99,False,2876,0.0299,False,True,False,False,True,False,False,True,68,16,12,0,odd,False,2026-06-27T02:44:07Z,tài chính cá nhân,16100,Vì sao ngân hàng thật sự do ngại những người có 1 tỷ đồng tiết kiệm ,d5suh1KAgxU,401,11
41,2.99,False,Đường Lập Nghiệp,1,False,82,False,3791,0.0252,False,True,False,False,False,False,False,False,50,12,42,0,,False,2026-06-24T05:58:55Z,tài chính cá nhân,16100,TÀI SẢN TƯ LỚN THEO THỜI GIAN SỨC MẠNH CỦA LÃI KÉP,BaTRpxckpy4,1707,42
42,1.84,False,Đường Lập Nghiệp,0,False,120,False,3787,0.0228,True,False,False,False,True,True,False,False,89,19,24,0,odd,False,2026-06-23T08:14:19Z,tài chính cá nhân,16100,7 guyên tắc làm giàu của giới tinh hoa- càng hiểu sớm càng giàu nhanh | Đường Lập Nghiệp ,m9hSMKayfbg,1052,25
43,6.78,False,Đường Lập Nghiệp,4,False,164,False,3054,0.0209,True,True,False,False,True,True,False,False,100,21,77,0,even,False,2026-06-22T06:46:53Z,tài chính cá nhân,16100,Người Giàu Không Chạy Theo Tiền: Họ Dùng 8 Nguyên Tắc Này Để Tích Sản Truyền Đời | Đường Lập Nghiệp ,ceaVHHsRip0,3873,90
45,1.73,False,Đường Lập Nghiệp,0,False,114,False,3729,0.0232,True,True,False,False,True,False,False,False,83,19,23,0,even,False,2026-06-20T06:14:29Z,tài chính cá nhân,16100,MỐNG GIÀU QUA NHIỀU THẾ HỆ ĐÂY LÀ 8 NGUYÊN TẮC TÍCH SẢN MÀ NGƯỜI KHÔN LUÔN GIỮ KÍN ,kkMjMnLDzRc,991,22
52,0.7,False,Đường Lập Nghiệp,2,False,121,False,1999,0.0324,True,True,False,False,True,False,False,False,90,19,11,0,even,True,2026-06-13T06:32:49Z,tài chính cá nhân,16100,Bí quyết tích sản của người giàu 8 nguyên tắc kiếm tiền truyền đời không bao giờ lỗi thời ,jCjguupIDlU,401,8
54,3.65,False,Đường Lập Nghiệp,5,True,123,False,3411,0.0307,False,True,False,False,True,True,False,False,92,22,59,0,odd,False,2026-06-11T12:08:55Z,tài chính cá nhân,16100,"7 BÍ MẬT GIỮ TIỀN CỦA NGƯỜI GỐC HOA lương từ 15 triệu đến tài sản 6,5 tỷ | Đường Lập Nghiệp ",MJhWgQH_TIk,2084,39
55,19.42,False,Đường Lập Nghiệp,11,False,113,False,2737,0.0157,True,True,False,False,True,True,False,False,82,20,163,0,odd,False,2026-06-10T02:54:38Z,tài chính cá nhân,16100,7 NGUYÊN TẮC LÀM GIÀU TỪ SỐ 0 ÍT VỐN ÍT QUAN HỆ VẪN THÀNH CÔNG | Đường Lập Nghiệp ,XnLPQvqfGHQ,11100,202
1,0.04,False,Chú Béo Tài Chính,2,False,1958,False,1174,0.0316,False,True,False,False,False,False,False,True,66,16,4,5,,False,2026-08-04T12:00:25Z,tài chính cá nhân,16000,Vì Sao Xe Máy Điện Đắt Hơn Xe Xăng Nhưng Người Việt Vẫn Đổ Xô Mua?,Dz_KbJm8z88,190,190
1,0.1,False,Chú Béo Tài Chính,2,False,1933,False,1194,0.0198,False,True,False,False,False,False,False,True,53,11,7,8,,False,2026-08-03T12:00:02Z,tài chính cá nhân,16000,Vì Sao Nghề Thầy Bói Online Đang Bùng Nổ Khắp TikTok?,3i4Y3V4Hz-s,455,455
3,0.39,False,Chú Béo Tài Chính,4,False,1903,False,1152,0.0236,True,True,False,False,False,False,False,True,62,14,37,6,,False,2026-08-01T12:00:30Z,tài chính cá nhân,16000,Vì Sao Người Giàu Luôn Quan Tâm Đến Dòng Tiền Hơn Là Thu Nhập?,itlOzTIY37c,1739,580
5,0.37,False,Chú Béo Tài Chính,6,False,1608,False,1157,0.0202,False,True,False,False,False,False,False,True,58,12,27,5,,False,2026-07-30T12:00:35Z,tài chính cá nhân,16000,Vì Sao Ngành Game Mobile Không Còn Dễ Kiếm Tiền Như Trước?,Q2EJIzCIrfQ,1630,326
6,1.11,False,Chú Béo Tài Chính,9,False,1458,False,1202,0.0199,False,False,False,False,True,False,False,True,58,13,89,6,even,False,2026-07-29T12:00:27Z,tài chính cá nhân,16000,4 Giai Đoạn Tài Chính Quan Trọng Nhất Đời: Bạn Đang Ở Đâu?,VavwnsBD34E,4937,823
7,1.58,False,Chú Béo Tài Chính,25,False,1656,False,1143,0.0192,False,True,False,False,False,False,False,True,62,13,109,5,,False,2026-07-28T12:00:20Z,tài chính cá nhân,16000,Vì Sao Thời Đại Bán Hàng Trên Facebook Đã Chính Thức Khép Lại?,MILCX4lHAZo,6985,998
8,4.08,False,Chú Béo Tài Chính,60,False,1530,False,1208,0.0146,False,True,False,False,False,False,False,True,51,13,205,7,,False,2026-07-27T12:00:14Z,tài chính cá nhân,16000,Vì Sao Thị Trường Ô Tô Cũ Đang Đóng Băng Dù Giá Rẻ?,ER925NQ2p4s,18100,2262
9,0.51,False,Chú Béo Tài Chính,4,False,1596,False,1249,0.0194,False,True,False,False,False,False,False,True,68,15,40,7,,False,2026-07-26T12:00:30Z,tài chính cá nhân,16000,Vì Sao Việc Làm Thêm Của Du Học Sinh Ngày Càng Cạnh Tranh Khốc Liệt?,VJDVc5iWD2s,2269,252
10,3.52,False,Chú Béo Tài Chính,42,False,1664,False,1119,0.012,False,True,False,False,False,False,False,True,60,13,145,5,,False,2026-07-25T12:00:17Z,tài chính cá nhân,16000,Vì Sao Các Quán Net Một Thời Nay Phải Chuyển Nghề Hàng Loạt?,LF2rZUg8MOE,15598,1560
11,0.98,False,Chú Béo Tài Chính,8,False,1194,False,1482,0.0173,False,True,False,False,True,False,False,True,61,14,67,6,odd,False,2026-07-24T12:00:08Z,tài chính cá nhân,16000,Muốn Nhân Đôi Tài Sản Trước Tuổi 35? Đây Là Cách An Toàn Nhất,p7_blvwOiZc,4340,395
12,1.77,False,Chú Béo Tài Chính,13,False,1472,False,1195,0.0108,False,True,False,False,False,False,False,True,50,11,72,5,,False,2026-07-23T12:00:29Z,tài chính cá nhân,16000,Vì Sao Cơn Sốt Vàng Đang Nguội Lạnh Trong Âm Thầm?,YTgXPCKpNik,7847,654
13,3.51,False,Chú Béo Tài Chính,65,False,1643,False,1119,0.0218,False,True,False,False,False,False,False,True,57,13,274,7,,False,2026-07-22T12:00:19Z,tài chính cá nhân,16000,Vì Sao Ngành IT Không Còn Là Vùng Đất Hứa Lương Nghìn Đô?,doHq3gDyVLA,15568,1198
15,2.41,False,Chú Béo Tài Chính,43,False,2040,False,1247,0.0234,False,False,False,False,True,False,False,True,52,10,207,5,even,False,2026-07-20T12:00:24Z,tài chính cá nhân,16000,"Muốn có dòng tiền 10 triệu/tháng, cần bao nhiêu vốn?",-UbGgZ-hIz4,10679,712
16,2.76,False,Chú Béo Tài Chính,38,False,2112,False,1297,0.0292,False,True,False,False,False,False,False,True,51,11,319,5,,False,2026-07-19T12:00:01Z,tài chính cá nhân,16000,Vì Sao Hàng Loạt Trung Tâm Tiếng Anh Đang Đóng Cửa?,k2HM7ojYB5I,12222,764
17,0.73,False,Chú Béo Tài Chính,1,False,1846,False,1245,0.0235,False,True,False,False,True,False,False,True,62,14,75,5,even,False,2026-07-18T12:00:04Z,tài chính cá nhân,16000,Vì Sao Tiết Kiệm 100 TRIỆU Đầu Tiên Lại Là Thử Thách Khó Nhất?,tO0ruSU6rj4,3237,190
18,4.64,False,Chú Béo Tài Chính,60,False,2048,False,1173,0.0188,False,True,False,False,False,False,False,True,56,13,327,3,,False,2026-07-17T12:00:36Z,tài chính cá nhân,16000,Vì Sao Tài Xế Xe Ôm Công Nghệ  Đang Nghỉ Việc Hàng Loạt?,UQqxclDh4ao,20565,1142
19,4.39,False,Chú Béo Tài Chính,31,True,2119,False,1206,0.0118,False,True,False,False,False,False,False,True,49,12,198,6,,True,2026-07-16T12:00:25Z,tài chính cá nhân,16000,Vì Sao Giá Chung Cư Giảm? Cắt Lỗ Vẫn Không Ai Mua,z41ni6BUyqs,19460,1024
20,0.35,False,Chú Béo Tài Chính,7,False,2162,False,1202,0.0207,False,True,False,False,False,False,False,True,74,17,25,4,,False,2026-07-15T12:00:20Z,tài chính cá nhân,16000,Vì Sao NHÀ PHỐ Cho Thuê Tại Các Quận Trung Tâm Đang Bị Bỏ Trống Hàng Loạt?,0We6Rv9Vgdc,1549,77
21,1.12,False,Chú Béo Tài Chính,12,False,2079,False,1203,0.0251,False,True,False,False,False,False,False,True,55,12,113,6,,False,2026-07-14T12:00:39Z,tài chính cá nhân,16000,Vì Sao NGÂN HÀNG Sợ Những Khách Hàng Am Hiểu Tài Chính?,6cEs-MfcpAg,4972,237
22,0.37,False,Chú Béo Tài Chính,2,False,2064,False,1244,0.0185,False,True,False,False,False,False,False,True,61,14,28,6,,False,2026-07-13T12:00:07Z,tài chính cá nhân,16000,Vì Sao Bạn Luôn ĐU ĐỈNH Trong Mọi Cơn Sốt ĐẤT và CHỨNG KHOÁN?,Edp7tRpmyg8,1625,74
23,0.54,False,Chú Béo Tài Chính,4,False,1693,False,1150,0.0134,False,True,False,False,True,False,False,False,65,16,28,3,even,True,2026-07-12T12:00:11Z,tài chính cá nhân,16000,LẠM PHÁT 2026: 5 TÀI SẢN Nên Sở Hữu Ngay Để TIỀN Không Bị Mất Giá,u5CCv1xaXMA,2390,104
24,1.42,False,Chú Béo Tài Chính,6,False,1642,False,1445,0.0299,False,True,False,False,True,False,False,True,60,14,182,7,even,False,2026-07-11T12:00:17Z,tài chính cá nhân,16000,"Vốn 20 TRIỆU, Nên Kinh Doanh Online Gì? Hướng Dẫn Từ A tới Z",XdQzMpPHXYQ,6285,262
25,5.1,False,Chú Béo Tài Chính,8,False,1887,False,1102,0.0111,True,True,False,False,True,False,True,True,62,14,243,7,even,True,2026-07-10T12:00:30Z,tài chính cá nhân,16000,Bán Hàng Online 2026 Là Cơ Hội Làm Giàu Hay Cái Bẫy Trắng Tay?,VjFm2IGTAVw,22620,905
26,22.62,False,Chú Béo Tài Chính,296,True,1938,False,1204,0.0131,False,True,False,False,False,False,False,True,56,14,1014,6,,True,2026-07-09T12:00:33Z,tài chính cá nhân,16000,Vì Sao BÁN ĐẤT Bây Giờ Rất Khó? Cắt Lỗ Cũng Không Ai Mua,yXnTnSh8F7U,100247,3856
27,0.28,False,Chú Béo Tài Chính,0,False,1758,False,1206,0.0431,False,True,False,False,True,False,False,False,64,16,54,4,odd,False,2026-07-08T12:00:09Z,tài chính cá nhân,16000,7 Tài Sản Giá Trị Hơn Cả Tiền Bạc Bạn Cần Xây Dựng Trước Tuổi 40,iydH2dz7c0g,1252,46
28,0.21,False,Chú Béo Tài Chính,2,False,1313,False,1093,0.0403,True,True,False,False,True,False,False,False,55,12,36,6,even,False,2026-07-07T12:00:36Z,tài chính cá nhân,16000,10 Nguyên Tắc Tài Chính Giúp Người DO THÁI Luôn Giàu Có,fyFq6bCn5Ew,944,34
29,0.75,False,Chú Béo Tài Chính,22,False,1550,False,1221,0.0305,False,True,False,False,True,False,False,False,46,11,79,7,even,False,2026-07-06T12:00:28Z,tài chính cá nhân,16000,10 Nghề Nông Thôn Vốn Ít Kiếm Tiền Tỷ Năm 2026,rQ3TLeEu36w,3313,114
31,1.02,False,Chú Béo Tài Chính,8,False,1489,False,1125,0.0378,True,True,False,False,True,False,True,True,74,17,163,0,odd,False,2026-07-04T05:00:14Z,tài chính cá nhân,16000,5 Cách Người Giàu Dùng AI Kiếm Tiền: Bạn Đang Giải Trí Hay Tạo Ra Giá Trị?,FeK8tkKJasM,4523,146
33,0.42,False,Chú Béo Tài Chính,9,False,1991,False,1192,0.0428,False,True,False,False,True,False,False,True,64,16,71,5,even,False,2026-07-02T12:00:22Z,tài chính cá nhân,16000,Có 500 Triệu Nên Đầu Tư Gì? 6 Việc Cần Làm Ngay Để Tiền Sinh Lời,bbx3exntQSw,1867,57
34,0.65,False,Chú Béo Tài Chính,17,False,2088,False,1073,0.0309,True,True,False,False,False,False,False,True,67,16,72,6,,False,2026-07-01T12:00:01Z,tài chính cá nhân,16000,Vì Sao Trông Có Vẻ Giàu Lại Là Một Lợi Thế Rất Lớn Trong Cuộc Sống?,dier9NxANB0,2884,85
245,0.94,False,SIRO MUSIC,2,False,1317,False,1078,0.0129,False,True,True,False,True,False,True,False,75,17,31,27,odd,False,2025-12-01T16:05:55Z,động lực thành công,15600,EDM TRUYỀN ĐỘNG LỰC HAY NHẤT 2025 ♫ EDM Remix Thư Giản Sau Ngày Dài Mệt Mỏi,NnlS0ZsutVw,2558,10
316,0.8,False,SIRO MUSIC,2,False,1317,False,1373,0.0082,False,True,True,False,True,False,True,False,61,13,16,27,odd,False,2025-09-22T05:02:16Z,động lực thành công,15600,EDM TRUYỀN ĐỘNG LỰC HAY NHẤT 2025 ♫ EDM Gây Nghiện Siro Music,yp2zOFzR2jQ,2185,7
341,0.68,False,SIRO MUSIC,2,False,1294,False,2415,0.012,False,True,True,False,True,False,True,False,70,16,20,27,odd,False,2025-08-28T14:52:09Z,động lực thành công,15600,EDM TRUYỀN ĐỘNG LỰC HAY NHẤT 2025 ♫ MASHUP EDM 9 IN 1 REMIX GÂY NGHIỆN,iqKncigQOwg,1837,5
347,0.83,False,SIRO MUSIC,1,False,1312,False,1211,0.0062,False,True,True,False,True,False,True,False,88,19,13,27,odd,False,2025-08-22T13:51:05Z,động lực thành công,15600,SOMETHING JUST LIKE THIS ♫ EDM TRUYỀN ĐỘNG LỰC HAY NHẤT 2025 ♫ MASHUP 5 IN 1 TEEME REMIX,nxY04PmMUEU,2246,6
353,0.12,False,SIRO MUSIC,0,False,1320,False,866,0.0093,False,True,True,False,True,False,False,False,97,21,3,27,odd,False,2025-08-16T03:15:56Z,động lực thành công,15600,EDM Remix TikTok 2025 ♫ Mashup Hoa Nở Không Màu x Mở Lối Cho Em x Thương Người Không Thương Remix,SyT0PNs7c9s,321,1
357,1.05,False,SIRO MUSIC,0,False,1276,False,1661,0.0067,False,True,False,False,False,False,False,False,52,11,19,27,,False,2025-08-11T16:32:35Z,động lực thành công,15600,EDM Gây Nghiện Giúp Giảm Stress Sau Ngày Dài Mệt Mỏi,FpVjyEVVKp0,2853,8
371,0.72,False,SIRO MUSIC,1,False,1439,False,1275,0.0087,False,True,True,False,True,False,True,False,97,20,16,27,odd,False,2025-07-28T15:39:30Z,động lực thành công,15600,EDM TRUYỀN ĐỘNG LỰC HAY NHẤT 2025 ♫ MASHUP Ignite x HIDING BOOTY x FEARLESS x Feel Me x Fractures,kjb0lxSQxjE,1958,5
397,0.9,False,SIRO MUSIC,0,False,1316,False,1044,0.0041,False,True,False,False,False,False,True,False,50,11,10,27,,False,2025-07-03T02:11:31Z,động lực thành công,15600,EDM Remix Truyền Động Lực Hay Cho Anh Em Chơi Game,dIHvOz5C9y0,2440,6
417,1.06,False,SIRO MUSIC,2,False,1305,False,1084,0.0052,False,True,True,False,True,False,True,False,59,12,13,27,odd,False,2025-06-13T15:06:44Z,động lực thành công,15600,EDM TRUYỀN ĐỘNG LỰC HAY NHẤT 2025 ♫ MASHUP EDM TIKTOK REMIX,yL5SWvz74F4,2884,7
426,0.81,False,SIRO MUSIC,0,False,1305,False,1171,0.0041,False,True,True,False,True,False,True,False,52,11,9,27,odd,False,2025-06-04T04:30:14Z,động lực thành công,15600,EDM TRUYỀN ĐỘNG LỰC HAY NHẤT 2025 ♫ MASHUP EDM REMIX,ThITqWaCPVo,2212,5
436,0.95,False,SIRO MUSIC,0,False,1275,False,1269,0.0043,False,True,True,False,True,False,True,False,63,13,11,27,odd,False,2025-05-25T04:47:13Z,động lực thành công,15600,EDM TRUYỀN ĐỘNG LỰC HAY NHẤT 2025 ♫ MASHUP EDM REMIX GÂY NGHIỆN,N8Ak6CLqRPU,2578,6
447,0.65,False,SIRO MUSIC,2,False,1305,False,1102,0.0056,False,True,True,False,True,False,True,False,52,11,8,27,odd,False,2025-05-13T17:46:05Z,động lực thành công,15600,EDM TIKTOK REMIX ♫ EDM TRUYỀN ĐỘNG LỰC HAY NHẤT 2025,R4h5WAnV280,1775,4
456,0.93,False,SIRO MUSIC,0,False,1267,False,1115,0.0036,False,True,True,False,True,False,True,False,55,12,9,27,odd,False,2025-05-05T15:25:32Z,động lực thành công,15600,EDM TRUYỀN ĐỘNG LỰC HAY NHẤT 2025 ♫ EDM Remix Anime Hay,YC_zRDYoQzQ,2533,6
469,29.77,False,SIRO MUSIC,10,False,1307,False,1187,0.0047,False,True,True,False,True,False,True,False,95,19,370,27,odd,False,2025-04-21T18:13:01Z,động lực thành công,15600,EDM TRUYỀN ĐỘNG LỰC HAY NHẤT 2025 ♫ MASHUP ĐẢO NGHỊCH X DYNASTY X SUMMER EXPRESS X WOLVES REMIX,DtwS-_v9xwA,80838,172
499,1.96,False,SIRO MUSIC,3,False,1283,False,1304,0.0036,False,True,True,False,True,False,True,False,71,14,16,27,odd,False,2025-03-23T11:34:23Z,động lực thành công,15600,EDM TIKTOK TRUYỀN ĐỘNG LỰC HAY NHẤT 2025 ♫ Nhạc Remix TikTok Triệu View,CHg4qRUkRNU,5324,11
505,1.22,False,SIRO MUSIC,5,False,1269,False,1401,0.006,False,True,True,False,True,False,True,False,57,12,15,27,odd,False,2025-03-17T04:56:18Z,động lực thành công,15600,EDM TRUYỀN ĐỘNG LỰC HAY NHẤT 2025 ♫ Nhạc Remix Hot Tiktok,h5N-hfr444A,3308,7
508,1.31,False,SIRO MUSIC,1,False,1305,False,1554,0.0039,False,True,True,False,True,False,True,False,62,14,13,27,odd,False,2025-03-14T06:42:58Z,động lực thành công,15600,EDM TRUYỀN ĐỘNG LỰC HAY NHẤT 2025 ♫ EDM Remix Tik Tok Hay Nhất,SzfNvESxNjI,3566,7
510,149.46,False,SIRO MUSIC,70,False,1314,False,1713,0.0066,False,True,True,False,True,False,True,False,90,19,2626,27,odd,False,2025-03-12T01:18:11Z,động lực thành công,15600,EDM TRUYỀN ĐỘNG LỰC HAY NHẤT 2025 ♫ MASHUP ♫ HOLD ON ♫ SENBONZAKURA ♫ FAIRY TAIL ♫ FLOWERS,f21g1vqZ_kk,405855,796
513,1.86,False,SIRO MUSIC,0,False,1305,False,1504,0.0069,False,True,True,False,False,False,False,False,75,18,35,27,,False,2025-03-09T07:36:21Z,động lực thành công,15600,EDM TRUYỀN ĐỘNG LỰC CHÁY HƠN FREE FIRE ♫ TIE ME DOWN ♫ VẠN NIÊN TƯ ♫ WOLVES,IJ4aFjOWT18,5038,10
515,1.75,False,SIRO MUSIC,3,False,1300,False,1286,0.0069,False,True,True,False,True,False,True,False,87,21,30,27,odd,False,2025-03-07T11:33:19Z,động lực thành công,15600,EDM TRUYỀN ĐỘNG LỰC HAY NHẤT 2025 ♫ WOLVES ♫ EAST OF EDEN ♫ CLOSER ♫ TINH VỆ ♫ XUẤT SƠN,UiK-YTzP3Fo,4750,9
521,0.48,False,SIRO MUSIC,2,False,1296,False,3655,0.0129,False,True,True,False,True,False,True,False,98,22,15,27,odd,False,2025-02-28T15:59:11Z,động lực thành công,15600,EDM TRUYỀN ĐỘNG LỰC CUỐI TUẦN HAY NHẤT 2025 ♫ Nhạc EDM Remix Quẩy Banh Nóc Kích Trần ♫ Nhạc 1 Hour,bH3WFZVawPE,1317,3
523,3.49,False,SIRO MUSIC,1,False,1311,False,1493,0.0045,False,True,True,False,True,False,True,False,100,20,42,27,odd,False,2025-02-27T03:53:26Z,động lực thành công,15600,EDM TRUYỀN ĐỘNG LỰC HAY NHẤT 2025 ♫ FAKE LOVE X WOLVES X NOTHING STOPPING ME -TRACK EDM REMIX TIKTOK,poKo6TijQkY,9484,18
525,0.54,False,SIRO MUSIC,3,False,1282,False,1141,0.0163,False,True,True,False,True,False,True,False,70,16,21,27,odd,False,2025-02-25T03:00:27Z,động lực thành công,15600,EDM Gây Nghiện Hay Nhất 2025 ♫ EDM Chill Thư Giãn Sau Ngày Dài Mệt Mỏi,1XKGjWZ8BAA,1476,3
527,4.37,False,SIRO MUSIC,4,False,1305,False,1022,0.0053,False,True,True,False,True,False,True,False,62,13,59,27,odd,False,2025-02-23T05:00:06Z,động lực thành công,15600,EDM TRUYỀN ĐỘNG LỰC HAY NHẤT 2025 ♫ FT VACATION x MONODY REMIX,6qcb62bzDD8,11864,23
529,5.47,False,SIRO MUSIC,4,False,1268,False,1709,0.0082,False,True,True,False,True,False,True,False,56,12,118,27,odd,False,2025-02-21T03:58:46Z,động lực thành công,15600,EDM Remix Hot TikTok 2025 ♫ EDM TRUYỀN ĐỘNG LỰC HAY NHẤT,mjje0yMS_4Y,14843,28
530,0.67,False,SIRO MUSIC,1,False,1305,False,920,0.005,False,True,True,False,True,False,True,False,50,11,8,27,odd,False,2025-02-20T10:53:47Z,động lực thành công,15600,EDM TRUYỀN ĐỘNG LỰC HAY NHẤT 2025 ♫ EDM Gây Nghiện,8_gQOqt2GVc,1814,3
534,0.26,False,SIRO MUSIC,0,False,1303,False,201,0.0128,False,False,False,False,False,False,False,False,91,21,9,27,,False,2025-02-15T16:45:39Z,động lực thành công,15600,Quá Vội Vàng Lời Nói Gấm Nhung Lụa - Lụy Tình (Dong x Thazh Remix) - Nhạc Hot Tik Tok Remix,GNRdy_mnUGI,701,1
546,9.0,False,SIRO MUSIC,5,False,1304,False,1359,0.005,False,True,True,False,True,False,True,False,92,20,118,24,odd,False,2025-02-04T11:00:17Z,động lực thành công,15600,EDM REMIX CỰC MẠNH QUẨY GAME HAY NHẤT 2025 ♫ MASHUP LEGEND NEVER DIE x GODS X SOLD OUT REMIX,FFdWsyMjvaU,24450,45
548,9.82,False,SIRO MUSIC,12,False,1305,False,1541,0.006,False,True,True,False,True,False,False,False,94,21,149,24,odd,False,2025-02-02T11:00:21Z,động lực thành công,15600,EDM TRUYỀN ĐỘNG LỰC 2025 ♫ MASHUP LEGEND NEVER DIE x GODS x FAIRY TAIL x BẤT VẤN BIỆT LY REMIX,LQVdXf49pC0,26653,49
552,69.77,False,SIRO MUSIC,34,False,1305,False,1418,0.0048,False,True,True,False,True,False,True,False,93,21,879,27,odd,False,2025-01-29T11:00:27Z,động lực thành công,15600,EDM TRUYỀN ĐỘNG LỰC HAY NHẤT 2025 ♫ MASHUP LET HIM COOK x LOST SKY DREAMS x TIE ME DOWN REMIX,M4DfClj_UQE,189451,343
1,0.09,False,Đường Khởi Nghiệp ,0,False,870,False,3893,0.1935,False,True,False,False,True,True,False,False,84,18,6,0,odd,False,2026-08-04T02:29:32Z,làm giàu tư duy,15000,15 QUY TẮC QUẢN LÝ TIỀN QUAN TRỌNG NHẤT TÓM GỌN TRONG MỘT VIDEO | Đường khởi Nghiệp ,GEKkgDDFhHI,31,31
4,0.68,False,Đường Khởi Nghiệp ,0,True,1023,False,2954,0.0339,False,False,False,False,False,True,True,False,81,19,8,0,,False,2026-07-31T09:46:04Z,làm giàu tư duy,15000,Đừng vội nghỉ việc - đây là sự thật về làm thương vs làm chủ | Đường khởi Nghiệp ,i-qTZ08qoLQ,236,59
6,0.44,False,Đường Khởi Nghiệp ,0,True,812,False,4079,0.0132,True,True,False,False,True,True,False,False,77,17,2,0,odd,False,2026-07-29T05:00:06Z,làm giàu tư duy,15000,Sự thật về giàu ngầm 9 dấu hiệu người có tiền không khoe | Đường khởi Nghiệp ,73R6crcY44s,152,25
6,1.23,False,Đường Khởi Nghiệp ,0,True,672,False,4572,0.0047,True,True,False,False,True,True,False,False,85,20,2,0,even,False,2026-07-28T17:18:29Z,làm giàu tư duy,15000,Sự thật về giàu ngầm – 8 dấu hiệu bạn có tiền hơn người khác nghĩ | Đường Khởi Nghiệp,-LSqJX3uY0U,426,71
10,0.59,False,Đường Khởi Nghiệp ,0,False,659,False,4508,0.0246,False,False,False,False,True,True,False,False,75,16,5,0,odd,False,2026-07-24T23:29:52Z,làm giàu tư duy,15000,7 nghề nhìn bình thường nhưng Kiếm tiền tỷ ở nông thôn | Đường khởi Nghiệp ,h55u2qT-rtA,203,20
12,2.67,False,Đường Khởi Nghiệp ,0,False,609,False,3695,0.0173,False,True,False,False,True,True,False,False,73,16,16,0,even,False,2026-07-23T12:38:51Z,làm giàu tư duy,15000,MUỐN GIỮ ĐƯỢC TIỀN HÃY HỌC 8 THÓI QUEN NHÀM CHÁN NÀY | Đường khởi Nghiệp ,nhP5JYoiilU,926,77
13,1.0,False,Đường Khởi Nghiệp ,0,False,784,False,8170,0.0116,True,True,False,False,True,True,False,True,82,20,4,0,even,False,2026-07-22T12:46:35Z,làm giàu tư duy,15000,“Tuổi 40 Chưa Có Gì? Đi Đúng 4 Nước Cờ Này Vẫn Có Thể Đổi Đời | Đường khởi Nghiệp ,ZC1dtP7-J_E,346,27
14,1.0,False,Đường Khởi Nghiệp ,0,False,708,False,3063,0.023,True,True,False,False,False,False,False,True,73,18,8,0,,True,2026-07-20T23:00:06Z,làm giàu tư duy,15000,"tại sao cành làm càng nghèo , bí quyết thay đổi tư duy để tự do tài chính",05uyX53sbak,348,25
15,0.52,False,Đường Khởi Nghiệp ,0,True,517,False,3422,0.0275,False,False,False,False,True,False,False,False,49,12,5,0,even,False,2026-07-20T13:54:02Z,làm giàu tư duy,15000,". 2 năm Thay đổi tài chính, bí mật, không ai nói.",uKTI7-6jhtQ,182,12
19,2.38,False,Đường Khởi Nghiệp ,0,False,1007,False,2083,0.0193,True,False,False,False,False,True,False,False,82,17,16,0,,False,2026-07-16T10:30:39Z,làm giàu tư duy,15000,Người giàu không chạy theo giá vàng có làm điều này mỗi tháng | Đường khởi Nghiệp ,tuKNDy8qfl0,827,44
20,7.51,False,Đường Khởi Nghiệp ,2,False,686,False,2338,0.0107,False,True,False,False,True,True,False,False,77,17,26,0,odd,True,2026-07-15T10:00:06Z,làm giàu tư duy,15000,9 THỨ CÀNG GIỮ CÀNG NGHÈO HÃY BỎ NGAY TRƯỚC KHI QUÁ MUỘN | Đường khởi Nghiệp ,mzWOx49S6J0,2607,130
21,0.65,False,Đường Khởi Nghiệp ,0,False,140,False,3932,0.0221,False,False,False,False,True,False,False,False,67,15,5,0,odd,True,2026-07-14T10:00:06Z,làm giàu tư duy,15000,Hiểu đúng lỗ hổng 45 ngày bạn có thể tiết kiệm hàng chục triệu đồng,ieu6nOZpQdc,226,11
22,0.17,False,Đường Khởi Nghiệp ,0,True,98,False,241,0.0,False,False,False,False,False,False,False,False,64,16,0,0,,True,2026-07-13T05:22:34Z,làm giàu tư duy,15000,Chạy xe dịch vụ nhưng - càng chạy càng nghèo - sự thật ít ai nói,FXeBUati94M,60,3
25,0.39,False,Đường Khởi Nghiệp ,2,False,108,False,3670,0.037,False,False,False,False,False,False,True,False,74,19,3,0,,False,2026-07-10T11:00:06Z,làm giàu tư duy,15000,Ô tô công cụ hay cỗ máy đốt tiền - cách giúp bạn giữ tiền xây dựng tài sản,SqqWVpQWQVc,135,5
25,3.12,False,Đường Khởi Nghiệp ,2,False,109,False,4001,0.0286,True,False,False,False,True,True,False,False,76,17,29,0,odd,False,2026-07-09T23:16:38Z,làm giàu tư duy,15000,7 thói quen phát triển kinh tế khiến bạn giàu sau 2 năm | Đường khởi Nghiệp ,WoSQofzNZRw,1083,43
27,9.92,False,Đường Khởi Nghiệp ,12,True,156,False,4793,0.0148,True,True,False,False,True,True,False,False,84,19,39,0,odd,True,2026-07-08T06:25:36Z,làm giàu tư duy,15000,7 bí mật tích lũy tài sản của người giàu người nghèo không để ý | Đường khởi Nghiệp ,EKro-Efdltc,3441,127
28,1.75,False,Đường Khởi Nghiệp ,3,True,100,False,4266,0.0215,True,False,False,False,True,False,False,False,66,15,10,0,odd,True,2026-07-07T09:10:02Z,làm giàu tư duy,15000,7 bí mật tích lũy tài sản của người giàu mà người nghèo không biết,s08IecFzeWg,606,22
29,1.09,False,Đường Khởi Nghiệp ,1,False,115,False,3436,0.0186,False,False,False,False,False,True,False,True,82,18,6,0,,False,2026-07-06T08:54:45Z,làm giàu tư duy,15000,Tại sao Ngân hàng lại sợ những người có tiền tỷ gửi tiết kiệm | Đường khởi Nghiệp ,ye3H7R4Hgi0,377,13
30,0.4,False,Đường Khởi Nghiệp ,0,False,93,False,3646,0.0,False,False,False,False,True,False,False,False,59,13,0,0,even,True,2026-07-05T13:13:39Z,làm giàu tư duy,15000,8 sai lầm đi xuất khẩu lao động khiến nhiều người mất trắng,VutB-rENwRU,140,5
31,112.19,False,Đường Khởi Nghiệp ,13,False,82,False,3821,0.0129,True,False,False,False,False,False,False,False,48,10,491,0,,False,2026-07-04T15:10:33Z,làm giàu tư duy,15000,Luật chơi của tiền càng hiểu sớm càng giàu nhanh,s2WZdNldPEk,38929,1256
31,0.27,False,Đường Khởi Nghiệp ,0,False,128,False,3720,0.0316,False,True,False,False,True,False,False,False,56,13,3,0,odd,False,2026-07-03T23:01:24Z,làm giàu tư duy,15000,7 THÓI QUEN ÂM THẦM PHÁ HỦY TƯƠNG LAI TÀI CHÍNH CỦA BẠN ,wyk6jsXDDXA,95,3
34,1.22,False,Đường Khởi Nghiệp ,0,False,80,False,3697,0.0118,False,True,False,False,True,False,False,False,47,10,5,0,even,False,2026-07-01T13:44:27Z,làm giàu tư duy,15000,8 CHIẾN LƯỢC BIẾN THỜI GIAN RẢNH THÀNH MỎ VÀNG ,M_dFkV9xDUA,423,12
35,0.4,False,Đường Khởi Nghiệp ,0,True,112,False,3324,0.0504,True,True,False,False,True,True,False,False,79,19,7,0,odd,False,2026-06-30T06:14:21Z,làm giàu tư duy,15000,Bí mật 7 tư duy xây dựng tài sản mà mà người giàu giấu kín | Đường khởi Nghiệp ,Fd5MciV26II,139,4
38,300.64,False,Đường Khởi Nghiệp ,57,True,112,False,3354,0.0263,False,False,False,False,True,False,False,False,80,20,2689,0,even,False,2026-06-27T02:44:35Z,làm giàu tư duy,15000,10 phút hiểu kinh tế hơn 4 năm đại học - bí mật với tinh hoa không muốn bạn biết,X2q2tDHQs-k,104322,2745
41,10.16,False,Đường Khởi Nghiệp ,2,False,98,False,2909,0.0176,True,True,False,False,False,False,False,True,64,14,60,0,,False,2026-06-24T06:17:36Z,làm giàu tư duy,15000,ĐỪNG CHỜ CÓ VỐN MỚI KHỞI NGHIỆP: NGƯỜI GIÀU BẮT ĐẦU NHƯ THẾ NÀO?,Nv1qzAPIgFU,3524,86
42,0.4,False,Đường Khởi Nghiệp ,0,False,93,False,3562,0.0435,True,True,False,False,False,False,False,False,60,13,6,0,,False,2026-06-23T07:25:45Z,làm giàu tư duy,15000,Khởi Nghiệp Thời Khó Khăn: Dùng Nguồn Lực Sẵn Có Để Đổi Đời ,2BaFMbJtzl0,138,3
43,0.26,False,Đường Khởi Nghiệp ,0,False,98,False,2474,0.0112,False,True,False,False,True,True,False,False,65,15,1,0,odd,False,2026-06-22T06:08:22Z,làm giàu tư duy,15000,99% Người Thất Bại Vì Chờ Đủ Vốn Mới Bắt Đầu | Đường khởi Nghiệp ,938yd8NRRE4,89,2
45,1.63,False,Đường Khởi Nghiệp ,0,False,97,False,4696,0.0177,True,True,False,False,False,False,False,False,63,14,10,0,,False,2026-06-20T06:33:00Z,làm giàu tư duy,15000,MUỐN GIÀU ĐỪNG CHỜ CÓ TIỀN HÃY KHỞI NGHIỆP BẰNG THỨ BẠN ĐANG CÓ,Pbj7iB-dL5w,566,13
52,0.59,False,Đường Khởi Nghiệp ,0,False,106,False,3584,0.0246,False,True,False,False,True,False,False,False,72,17,5,0,even,False,2026-06-13T06:36:49Z,làm giàu tư duy,15000,Khởi Nghiệp Từ Con Số 0: Biến Những Gì Đang Có Thành Cỗ Máy Kiếm Tiền từ,Nps6sloUFIY,203,4
54,1.35,False,Đường Khởi Nghiệp ,0,False,106,False,4342,0.0234,False,True,False,False,True,True,False,False,73,16,11,0,even,False,2026-06-11T11:39:29Z,làm giàu tư duy,15000,CHIẾN LƯỢC 2 NĂM XÂY DỰNG TÀI SẢN DÀNH CHO NGƯỜI MỚI | Đường khởi Nghiệp ,ZQMTAkKII-U,470,9
111,5.19,False,Tâm An Giữa Đời Official,76,False,688,False,1036,0.0267,False,False,False,True,False,True,False,False,90,22,952,16,,False,2026-04-15T04:15:06Z,tâm lý học,14100,Bạn rất cuốn hút mà bạn thậm chí còn không biết – Đây là bằng chứng tâm lý học | Carl Jung,M3xdBEJlhUY,38513,347
119,0.58,False,Tâm An Giữa Đời Official,21,False,900,False,2261,0.0275,False,False,False,False,False,False,False,True,92,21,98,18,,False,2026-04-07T12:01:13Z,tâm lý học,14100,Đàn ông yêu như thế nào? Tâm lý học về bộ não nam tính thiêng liêng trong tình yêu song sinh,eukYGbtcmc4,4320,36
160,1.64,False,Tâm An Giữa Đời Official,91,False,484,False,1872,0.0408,False,True,False,False,True,True,False,False,83,20,407,6,even,False,2026-02-25T00:30:00Z,tâm lý học,14100,8 Dấu Hiệu Cho Thấy Bạn Có Trí Tuệ Mà 99% Mọi Người Không Thể Hiểu Được | Carl Jung,a5i4ngcCRfU,12195,76
198,0.61,False,Tâm An Giữa Đời Official,34,False,506,False,1893,0.0353,False,False,False,False,False,True,False,False,74,17,125,7,,False,2026-01-18T03:30:18Z,tâm lý học,14100,Điều gì xảy ra khi người đồng cảm ngừng làm hài lòng mọi người | Carl Jung,POkDSHUfOWo,4503,23
206,1.31,False,Tâm An Giữa Đời Official,91,False,862,False,2944,0.0381,False,True,False,False,False,False,False,False,66,15,280,7,,False,2026-01-10T03:30:43Z,tâm lý học,14100,NGƯỜI NÀY ĐANG ĐƯA RA MỘT QUYẾT ĐỊNH QUAN TRỌNG VỀ BẠN – Carl Jung,hKnNiZCmyfg,9726,47
209,0.62,False,Tâm An Giữa Đời Official,65,False,865,False,2988,0.0458,False,True,False,False,True,True,False,False,69,16,146,8,even,False,2026-01-07T12:01:54Z,tâm lý học,14100,Ngọn Lửa Song Sinh Trong 2026 – Hành Trình Trở Về Bình An | Carl Jung,uLa2vTQ59t4,4603,22
209,0.79,False,Tâm An Giữa Đời Official,54,False,876,False,3426,0.0389,False,False,False,False,False,False,False,False,80,19,175,5,,False,2026-01-07T03:30:19Z,tâm lý học,14100,Hãy chuẩn bị sẵn sàng – những gì sắp xảy ra không thể ngăn cản được! – Carl Jung,TEkR2voufhQ,5881,28
210,0.97,False,Tâm An Giữa Đời Official,58,False,859,False,3471,0.0339,False,False,False,False,False,True,False,False,63,15,187,9,,False,2026-01-06T12:00:58Z,tâm lý học,14100,Người ấy nhớ bạn trong im lặng (và đây là dấu hiệu) | Carl Jung,Rx23aGGUbpw,7221,34
210,1.07,False,Tâm An Giữa Đời Official,138,False,898,False,3173,0.0513,False,False,False,False,False,True,False,False,100,22,268,6,,False,2026-01-06T03:30:21Z,tâm lý học,14100,Người này sẽ quay lại. Bước đi tiếp theo của bạn sẽ quyết định số phận của mối quan hệ này|Carl Jung,OZm-2PaiYjY,7910,38
211,0.8,False,Tâm An Giữa Đời Official,37,False,860,False,3782,0.0382,False,True,False,False,False,True,False,False,64,15,189,8,,False,2026-01-05T12:00:38Z,tâm lý học,14100,Người Ấy Không Thể Trốn Chạy Nữa: Sự Tiếp Xúc Đã Đến | Carl Jung,Kkmx6TWF-mg,5920,28
211,1.17,False,Tâm An Giữa Đời Official,125,False,861,False,3377,0.0487,False,True,False,False,False,True,False,False,65,15,298,8,,False,2026-01-05T03:30:38Z,tâm lý học,14100,"NGƯỜI ĐÓ ĐANG ĐẾN TÌM BẠN, HỌ KHÔNG THỂ CHẠY TRỐN NỮA | Carl Jung",gqL2WdgyKGw,8684,41
214,0.5,False,Tâm An Giữa Đời Official,58,False,888,False,2971,0.0582,False,True,False,False,False,True,False,False,92,22,157,4,,False,2026-01-02T05:01:05Z,tâm lý học,14100,Người ấy bắt đầu năm mới với nỗi nhớ bạn (Và đây là dấu hiệu chứng minh điều đó) | Carl Jung,rIEFfClbsps,3694,17
214,1.56,False,Tâm An Giữa Đời Official,81,False,880,False,3789,0.0324,False,True,False,False,True,True,False,True,84,19,294,10,even,False,2026-01-02T03:30:38Z,tâm lý học,14100,Vì Sao Làm Việc Trong Im Lặng Khiến Cuộc Sống Rực Rỡ Hơn Trong Năm 2026? | Carl Jung,hPSmZa-lvEU,11565,54
215,1.39,False,Tâm An Giữa Đời Official,71,False,894,False,3696,0.0411,False,False,False,False,True,True,False,False,98,22,353,23,even,False,2026-01-01T13:00:58Z,tâm lý học,14100,"Nếu bạn nhận được thông điệp này, năm 2026 sẽ là năm tuyệt vời nhất trong cuộc đời bạn | Carl Jung",RMzZSARoO8c,10328,48
215,0.49,False,Tâm An Giữa Đời Official,37,False,874,False,3665,0.0475,False,True,False,False,True,False,False,False,78,20,134,6,even,False,2026-01-01T03:30:55Z,tâm lý học,14100,6 dấu hiệu từ vũ trụ cho thấy bạn đã thực sự sẵn sàng cho tình yêu – Carl Jung,uYiO6C05ka8,3602,17
217,0.72,False,Tâm An Giữa Đời Official,42,False,891,False,3421,0.0369,False,False,False,False,False,True,False,False,95,22,156,8,,False,2025-12-30T03:32:36Z,tâm lý học,14100,"Bạn chỉ nhìn thấy điều này một lần duy nhất, ngay trước khi mọi thứ trở nên rõ ràng | Carl Jung",D2ah26CIo7c,5360,25
219,4.55,False,Tâm An Giữa Đời Official,76,False,858,False,3276,0.0207,False,False,False,False,False,False,False,False,62,15,623,5,,False,2025-12-28T12:00:04Z,tâm lý học,14100,"Khi bạn cuối cùng buông bỏ, mọi thứ sẽ đâu vào đấy - Carl Jung",20prPDqxuXc,33785,154
219,1.03,False,Tâm An Giữa Đời Official,95,False,863,False,3884,0.0548,False,True,False,False,True,False,False,False,67,14,323,20,even,False,2025-12-28T01:00:08Z,tâm lý học,14100,"Nếu Video Này Tìm Được Bạn Trước 2026, Thời Khắc Chuyển Mình Đã Đến",4E5J4Rk5G8A,7629,35
220,0.92,False,Tâm An Giữa Đời Official,121,False,863,False,3394,0.0557,False,False,False,False,False,False,False,False,66,15,258,12,,False,2025-12-27T00:00:14Z,tâm lý học,14100,Thông điệp từ linh hồn song sinh của bạn đến đúng lúc bạn cần nhất,DDL9CXcHJY0,6804,31
222,2.0,False,Tâm An Giữa Đời Official,125,False,877,False,3457,0.0388,False,True,False,False,False,True,False,False,81,18,451,9,,False,2025-12-25T12:00:15Z,tâm lý học,14100,Vũ Trụ Không Ngẫu Nhiên Chọn Bạn: Dấu Hiệu Của Một Năng Lượng Hiếm Có | Carl Jung,9eA3zgJ9nQk,14846,67
222,0.7,False,Tâm An Giữa Đời Official,115,False,892,False,2849,0.0676,False,True,False,False,False,True,False,False,96,20,237,14,,False,2025-12-25T06:00:06Z,tâm lý học,14100,Khi Cánh Cổng Cuối Cùng Khép Lại: Thông Điệp Thức Tỉnh Dành Cho Nữ Thần Thiêng Liêng | Carl Jung,u_xDd5xbEh4,5207,23
222,2.18,False,Tâm An Giữa Đời Official,42,False,878,False,4125,0.0211,False,False,False,False,True,True,False,False,82,20,300,6,odd,False,2025-12-25T03:30:28Z,tâm lý học,14100,Một người đàn ông chỉ yêu một người phụ nữ khi 3 điều này cùng tồn tại | Carl Jung,MUsvIWptlWY,16181,73
223,1.1,False,Tâm An Giữa Đời Official,58,False,991,False,4085,0.0378,False,False,False,False,False,True,False,False,100,23,251,5,,False,2025-12-24T12:00:23Z,tâm lý học,14100,"Bạn chỉ nhìn thấy điều này một lần duy nhất, ngay trước khi con người cũ của bạn chết đi | Carl Jung",7ERWO4ZzM_Y,8179,37
223,2.43,False,Tâm An Giữa Đời Official,157,False,752,False,3742,0.0383,False,True,False,False,False,True,False,False,55,13,535,5,,False,2025-12-24T03:30:47Z,tâm lý học,14100,Video Này Chỉ Xuất Hiện Khi Bạn Đã Sẵn Sàng | Carl Jung,z2eTR7DbnpU,18056,81
224,0.86,False,Tâm An Giữa Đời Official,76,False,870,False,2918,0.047,False,True,False,False,False,True,False,False,73,17,224,5,,False,2025-12-23T12:01:43Z,tâm lý học,14100,Vũ Trụ Đã Gọi Tên Bạn: Thời Điểm Chiến Thắng Cuối Cùng Đã Đến | Carl Jung,p16Fq0AaEwg,6383,28
224,4.84,False,Tâm An Giữa Đời Official,176,False,494,False,2999,0.0273,False,True,False,False,False,True,False,False,85,20,804,7,,False,2025-12-23T03:31:01Z,tâm lý học,14100,"NGƯỜI ẤY SẼ QUAY TRỞ LẠI CUỘC ĐỜI BẠN, VÌ TÌNH YÊU GIỮA HAI NGƯỜI LÀ THẬT | Carl Jung",mbFHAG2RqOI,35928,160
226,0.59,False,Tâm An Giữa Đời Official,67,False,793,False,3742,0.0568,False,True,False,False,False,True,False,False,96,21,183,5,,False,2025-12-21T12:00:43Z,tâm lý học,14100,Vũ trụ sẽ ban thưởng cho bạn vì đã chịu đựng được những điều mà người khác không thể.| Carl Jung,Mq2O-AfQtxk,4403,19
227,1.45,False,Tâm An Giữa Đời Official,79,False,491,False,3112,0.0399,False,False,False,False,False,False,False,False,90,21,352,8,,False,2025-12-20T12:01:55Z,tâm lý học,14100,Dấu hiệu cuối cùng trước khi vũ trụ ban tặng cho bạn mọi thứ bạn hằng mong ước – Carl Jung,tGrCvNcVyEY,10803,48
227,0.39,False,Tâm An Giữa Đời Official,94,False,488,False,2952,0.0836,False,True,False,False,False,True,False,True,87,18,145,6,,False,2025-12-20T03:30:47Z,tâm lý học,14100,Vì sao những ngày trước Giáng sinh lại quan trọng đối với linh hồn song sinh| Carl Jung,q-rteJawJsI,2859,13
227,0.22,False,Tâm An Giữa Đời Official,41,False,466,False,3296,0.087,False,True,False,False,False,False,False,False,65,15,99,14,,False,2025-12-20T01:02:11Z,tâm lý học,14100,Bài kiểm tra khiến hầu hết mọi người gục ngã… và bạn đã vượt qua!,4CuWN-hePcE,1610,7
1,0.27,False,VNTV - TIN MỚI,0,False,1332,False,1698,0.0197,False,True,False,False,True,True,False,True,94,22,11,32,even,True,2026-08-04T10:00:34Z,giá vàng phân tích,13900,Tin Tức Việt Nam | DƯ NỢ TÍN DỤNG NGÂN HÀNG VƯỢT 20 TRIỆU TỶ ĐỒNG: DÒNG TIỀN ĐANG CHẢY VỀ ĐÂU?,HRuKELSrDUE,558,558
1,0.38,False,VNTV - TIN MỚI,0,False,1338,False,1677,0.0117,False,True,False,False,True,True,False,True,97,23,9,27,even,False,2026-08-04T04:00:25Z,giá vàng phân tích,13900,Tin Tức Việt Nam | 8 NHÀ THẦU LONG THÀNH MANG TIỀN TẠM ỨNG ĐI GỬI TIẾT KIỆM: ĐIỀU GÌ ĐANG XẢY RA?,a2ueCIhUMR0,772,772
1,2.81,False,VNTV - TIN MỚI,3,False,1366,False,1396,0.01,False,True,False,False,True,True,False,True,100,23,54,30,odd,False,2026-08-03T10:00:10Z,giá vàng phân tích,13900,Tin Tức Việt Nam | NGÂN HÀNG ĐỒNG LOẠT PHÁT HÀNH CHỨNG CHỈ TIỀN GỬI LÃI  9% 1 NĂM: ĐIỀU GÌ ĐANG XẢY?,zoBQS3EuYpA,5725,5725
1,1.19,False,VNTV - TIN MỚI,0,False,1284,False,1500,0.0041,False,True,False,False,False,True,False,True,91,18,10,29,,False,2026-08-03T04:00:34Z,giá vàng phân tích,13900,Tin Tức Việt Nam | TÍN DỤNG NGÂN HÀNG PHÂN HÓA MẠNH: DÒNG TIỀN ĐANG CHẢY VỀ ĐÂU?#vntvtinmoi,slEDiL-7Ckg,2425,2425
2,2.45,False,VNTV - TIN MỚI,1,False,1339,False,1563,0.0054,False,True,False,False,True,True,False,True,98,23,26,28,even,False,2026-08-02T10:00:32Z,giá vàng phân tích,13900,"Tin Tức Việt Nam | CHỦ ĐẦU TƯ ""SÂN BAY LONG THÀNH"" BÁO LÃI GẦN 6.700 TỶ ĐỒNG: ĐIỀU GÌ ĐANG XẢY RA?",8p81q0IYrOw,5007,2504
2,1.09,False,VNTV - TIN MỚI,1,False,1340,False,1342,0.0045,False,True,False,False,True,True,False,True,92,25,9,26,even,False,2026-08-02T04:00:12Z,giá vàng phân tích,13900,Tin Tức Việt Nam | HÀ NỘI SẮP CÓ SIÊU DỰ ÁN 2 TỶ ĐÔ LA MỸ VEN SÔNG: KHU VỰC NÀO SẼ THAY ĐỔI?,OCQm5vBy2vg,2229,1114
3,0.25,False,VNTV - TIN MỚI,0,False,1285,False,1441,0.01,False,True,False,False,True,True,False,True,98,22,5,30,even,False,2026-08-01T10:00:13Z,giá vàng phân tích,13900,Tin Tức Việt Nam | NGÂN HÀNG GIẢM NHÂN SỰ NHƯNG TĂNG LƯƠNG 54 TRIỆU ĐỒNG 1 THÁNG: ĐIỀU GÌ  XẢY RA?,Uz3vtbw4WkU,501,167
3,0.24,False,VNTV - TIN MỚI,0,False,1295,False,1412,0.0062,False,True,False,False,True,True,False,True,98,22,3,30,even,False,2026-08-01T04:00:11Z,giá vàng phân tích,13900,Tin Tức Việt Nam | VÀNG ĐÃ GIẢM 28% TỪ ĐỈNH LIỆU LỊCH SỬ CÓ LẶP LẠI CÚ TĂNG HƠN 20 LẦN?#vntvtinmoi,o6T-oULH0FM,486,162
4,2.44,False,VNTV - TIN MỚI,3,False,1330,False,1355,0.0062,False,True,False,False,False,True,False,True,100,22,28,29,,True,2026-07-31T10:00:31Z,giá vàng phân tích,13900,Tin Tức Việt Nam | NGÂN HÀNG GỠ VƯỚNG NHÀ ĐẤT THẾ CHẤP HÀNG LOẠT:KHOẢN NỢ CÓ CƠ HỘI ĐƯỢC KHƠI THÔNG?,3kGslgIONqU,4977,1244
4,0.14,False,VNTV - TIN MỚI,0,False,1273,False,1284,0.0,False,True,False,False,False,True,False,True,97,23,0,28,,True,2026-07-31T04:00:05Z,giá vàng phân tích,13900,"Tin Tức Việt Nam | CẢNH BÁO ĐỔI CHIP THẺ NGÂN HÀNG: THẺ VẪN TRONG VÍ, TIỀN VẪN CÓ THỂ GẶP RỦI RO?",TuS3fVHbH2A,285,71
5,5.06,False,VNTV - TIN MỚI,2,False,1359,False,1499,0.0037,False,True,False,False,True,True,False,True,99,23,36,31,odd,False,2026-07-30T10:00:05Z,giá vàng phân tích,13900,Tin Tức Việt Nam | TIỀN GỬI NGƯỜI DÂN CHẠM 11 TRIỆU TỶ ĐỒNG: VÌ SAO CHƯA CHẢY SANG VÀNG VÀ NHÀ ĐẤT?,RaQW5TlTOWg,10327,2065
5,0.89,False,VNTV - TIN MỚI,3,False,1349,False,1314,0.0094,False,True,False,False,True,True,False,True,100,23,14,28,even,False,2026-07-30T04:00:35Z,giá vàng phân tích,13900,Tin Tức Việt Nam | 2 TRIỆU TỶ ĐỒNG NHÀ ĐẤT ĐANG THẾ CHẤP TẠI VIETCOMBANK CON SỐ NÀY NÓI LÊN ĐIỀU Gì?,B-qMzeBQYT0,1811,362
6,2.25,False,VNTV - TIN MỚI,1,False,1362,False,1479,0.0037,False,True,False,False,False,True,False,True,99,24,16,29,,False,2026-07-29T10:00:11Z,giá vàng phân tích,13900,Tin Tức Việt Nam | LÃI SUẤT CHO VAY TĂNG TRỞ LẠI: NGƯỜI MUA NHÀ VÀ NGƯỜI VAY VỐN CẦN LƯU Ý ĐIỀU GÌ?,l6n1swNYfc4,4597,766
6,6.98,False,VNTV - TIN MỚI,4,False,1403,False,1532,0.0053,False,True,False,False,False,True,False,True,89,22,72,28,,False,2026-07-29T04:00:23Z,giá vàng phân tích,13900,Tin Tức Việt Nam | Dự Báo Mới Nhất Về Giá Vàng: Kịch Bản Nào Có Khả Năng Xảy Ra Cao Nhất?,uDAIKOX3Tk8,14233,2372
7,0.25,False,VNTV - TIN MỚI,0,False,1324,False,1423,0.0059,False,True,False,False,False,True,False,True,95,22,3,28,,False,2026-07-28T10:00:20Z,giá vàng phân tích,13900,Tin Tức Việt Nam | ĐỀ XUẤT BỎ CÔNG CHỨNG KHI MUA BÁN NHÀ ĐẤT: NGƯỜI DÂN CÓ CÒN PHẢI CÔNG CHỨNG?,NYpm7TZy0r8,510,73
7,1.63,False,VNTV - TIN MỚI,2,False,1314,False,1442,0.0024,False,True,False,False,False,True,False,False,100,23,6,30,,False,2026-07-28T04:00:12Z,giá vàng phân tích,13900,"Tin Tức Việt Nam | LUẬT MỚI VỀ BỒI THƯỜNG, TÁI ĐỊNH CƯ KHI NHÀ NƯỚC THU HỒI ĐẤT: NGƯỜI DÂN CẦN BIẾT!",gMHM_uwS7MI,3325,475
8,0.17,False,VNTV - TIN MỚI,0,False,1395,False,1651,0.0,False,True,False,False,True,True,False,False,100,23,0,13,odd,True,2026-07-27T10:00:25Z,giá vàng phân tích,13900,Tin Tức Việt Nam | CHUYÊN GIA CẢNH BÁO 3 ĐIỀU PHẢI KIỂM TRA TRƯỚC KHI MUA KIM CƯƠNG KẺO MẤT TIỀN OAN,AujGV88bcnY,339,42
8,0.21,False,VNTV - TIN MỚI,1,False,1359,False,1072,0.0069,False,True,False,False,True,True,False,False,100,20,2,19,odd,False,2026-07-27T04:00:38Z,giá vàng phân tích,13900,Tin Tức Việt Nam |  NHÀ NƯỚC TẶNG QUÀ NGƯỜI CÓ CÔNG DỊP 27/7: AI ĐƯỢC NHẬN 600 NGHÌN ĐỒNG#vntvtinmoi,1RZw7ZcY65Y,433,54
9,2.34,False,VNTV - TIN MỚI,0,False,1384,False,1144,0.0046,False,True,False,False,False,True,False,True,94,22,22,29,,True,2026-07-26T10:00:18Z,giá vàng phân tích,13900,Tin Tức Việt Nam | SỔ TIẾT KIỆM ĐÁO HẠN QUÊN RÚT CÓ BỊ MẤT LÃI: NGÂN HÀNG CHÍNH THỨC GIẢI ĐÁP?,-LoXoBK_TYM,4766,530
9,0.26,False,VNTV - TIN MỚI,1,False,1370,False,1160,0.0057,False,True,False,False,False,True,False,False,100,22,2,30,,False,2026-07-26T04:00:14Z,giá vàng phân tích,13900,Tin Tức Việt Nam |  NHỮNG TRƯỜNG HỢP TÀI KHOẢN NGÂN HÀNG CÓ THỂ BỊ PHONG TỎA NGƯỜI DÂN CẦN BIẾT NGAY,W8LeX7t0Gtw,527,59
10,0.91,False,VNTV - TIN MỚI,0,False,1426,False,1239,0.0027,False,True,False,False,False,True,False,True,96,22,5,19,,True,2026-07-25T10:00:37Z,giá vàng phân tích,13900,"Tin Tức Việt Nam | ""ĐẤT THẮNG, LƯƠNG THUA"" VÌ SAO CÀNG ĐI LÀM CHĂM CHỈ, GIẤC MƠ MUA NHÀ CÀNG XA?",Ks3saJxKpGg,1851,185
10,1.42,False,VNTV - TIN MỚI,1,True,1395,False,1258,0.0038,False,True,False,False,True,True,False,False,100,24,10,26,even,False,2026-07-25T04:00:08Z,giá vàng phân tích,13900,Tin Tức Việt Nam | SJC LÊN TIẾNG VỀ HƠN 170 NGHÌN VIÊN ĐÁ CHỈ HƠN 6.000 ĐỒNG MỘT VIÊN: SỰ THẬT LÀ GÌ,_a0rw5pIx9Y,2890,289
11,0.71,False,VNTV - TIN MỚI,0,False,1393,False,1273,0.0048,False,True,False,False,False,True,False,True,98,23,7,25,,True,2026-07-24T10:00:15Z,giá vàng phân tích,13900,Tin Tức Việt Nam | CHUNG CƯ HẾT HẠN SỬ DỤNG CÓ MẤT QUYỀN SỞ HỮU: BỘ XÂY DỰNG CHÍNH THỨC LÊN TIẾNG?,iVbImQ9JQ1Y,1451,132
11,1.67,False,VNTV - TIN MỚI,3,False,1412,False,1320,0.0035,False,True,False,False,True,True,False,True,96,22,9,20,even,False,2026-07-24T04:00:24Z,giá vàng phân tích,13900,Tin Tức Việt Nam | PNJ TRẢ TIỀN MUA LẠI VÀNG TRONG 120 NGÀY: NGƯỜI DÂN CÓ NÊN BÁN SANG NƠI KHÁC?,QXUtQUHr9CI,3406,310
12,6.43,False,VNTV - TIN MỚI,7,False,1417,False,1521,0.0044,False,True,False,False,False,True,False,True,95,20,51,22,,True,2026-07-23T10:00:10Z,giá vàng phân tích,13900,"Tin Tức Việt Nam | LÊN KẾ HOẠCH ""GIẢI CỨU"" CHỢ TRUYỀN THỐNG: CHỢ TRUYỀN THỐNG MẤT KHÁCH VÌ ĐÂU?",UqGnHrZ0BMQ,13116,1093
12,0.19,False,VNTV - TIN MỚI,0,False,1416,False,1358,0.0052,False,True,False,False,True,True,False,True,98,21,2,22,even,False,2026-07-23T04:00:22Z,giá vàng phân tích,13900,Tin Tức Việt Nam | QUY ĐỊNH MỚI VỀ ĐẤT ĐAI: CHỦ TỊCH XÃ CÓ THỂ PHẠT ĐẾN 250 TRIỆU ĐỒNG?#vntvtinmoi,VmyqaS3Bl7w,388,32
13,5.36,False,VNTV - TIN MỚI,2,False,1406,False,1171,0.0038,False,True,False,False,False,True,False,True,100,22,40,23,,False,2026-07-22T10:00:15Z,giá vàng phân tích,13900,"Tin Tức Việt Nam | BẤT ĐỘNG SẢN, DÒNG TIỀN VÀ TẤM BIỂN CHO THUÊ MẶT BẰNG:BIẾN ĐỘNG LỚN  NỀN KINH TẾ?",oxKFIsmiGkw,10931,841
13,4.24,False,VNTV - TIN MỚI,5,False,1418,False,1146,0.0031,False,True,False,False,False,True,False,True,98,22,22,23,,True,2026-07-22T04:00:32Z,giá vàng phân tích,13900,Tin Tức Việt Nam | TỔNG GIÁM ĐỐC PNJ LÊN TIẾNG XIN LỖI CHUYỆN GÌ  XẢY RA VỚI THỊ TRƯỜNG KIM CƯƠNG?,sdEjoSgT8oo,8645,665
14,0.16,False,VNTV - TIN MỚI,0,False,1434,False,1107,0.0,False,True,False,False,True,True,False,True,91,21,0,19,even,False,2026-07-21T10:00:13Z,giá vàng phân tích,13900,Tin Tức Việt Nam | THỦ TƯỚNG: CÓ ĐỊA PHƯƠNG CÓ THỂ GIẢM 50 PHẦN TRĂM SỐ ĐẦU MỐI TRƯỜNG HỌC?,UoChy33frWA,332,24
14,0.53,False,VNTV - TIN MỚI,1,True,1371,False,1165,0.0074,False,True,False,False,True,True,False,True,88,18,7,22,even,False,2026-07-21T04:00:26Z,giá vàng phân tích,13900,Tin Tức Việt Nam | CHUYỂN TRÊN 400 TRIỆU ĐỒNG PHẢI CHỜ 24 GIỜ: SỰ THẬT LÀ GÌ?#vntvtinmoi,K92JDDmiljE,1084,77
6099,1.0,False,Paweł Jędrzejak,16706,False,167,False,186,0.0082,False,True,False,False,False,False,False,False,52,11,199093,15,,False,2009-11-21T19:40:46Z,motivation speech,13800,I am a champion - the greatest speech ever [ENG SUB],yX39J_YyKbs,26262732,4306
626,1.69,False,Tuấn Hưng Tây Nguyên,7,False,0,False,60,0.0151,False,False,False,False,True,False,False,False,78,13,318,0,even,False,2024-11-16T14:13:03Z,bất động sản việt nam,13500,"Đảo cọ Dubai, kì quan thứ 8 của thế giới #batdongsan #bdsdaknong #palmjumeirah",F9ZAHodL9e0,21528,34
626,0.02,False,Tuấn Hưng Tây Nguyên,0,False,154,False,95,0.0098,False,True,False,False,True,False,False,False,93,20,2,18,even,False,2024-11-16T06:24:56Z,bất động sản việt nam,13500,"(Đã bán) Lô đất siêu vip, Cafe đẹp. Ôm 30m mặt tiền đường bê tông giá cả hạt dẻ. lhO3333O37I7",iCHnHDUY21c,205,0
637,137.59,False,Tuấn Hưng Tây Nguyên,432,False,0,False,59,0.0002,False,False,False,False,False,False,False,False,75,11,,0,,False,2024-11-05T05:48:04Z,bất động sản việt nam,13500,Cây cầu cao nhất trên thế giới #beipanjiang #nhadat #batdongsan #bdsdaknong,uZ8watftqyg,1749853,2747
644,0.01,False,Tuấn Hưng Tây Nguyên,0,False,0,False,41,0.0137,False,True,False,False,True,False,True,False,72,17,1,0,even,False,2024-10-29T05:21:29Z,bất động sản việt nam,13500,"250m mặt tiền đường, diện tích 4ha quá rẻ chỉ vs 5,5ty  . Có hỗ trợ Bank",Dk0HXFokG1o,73,0
646,66.26,False,Tuấn Hưng Tây Nguyên,304,False,0,False,59,0.0094,True,False,False,False,False,False,False,False,86,16,7630,0,,False,2024-10-27T03:42:22Z,bất động sản việt nam,13500,"Vùng đất của giới siêu giàu Việt Nam, chỉ dành cho giới Thượng lưu #nhadat #bdsdaknong",JMBgVBtTIYU,842746,1305
647,0.3,False,Tuấn Hưng Tây Nguyên,0,False,189,False,226,0.0018,False,True,False,True,True,False,False,False,88,20,7,18,even,False,2024-10-26T09:49:41Z,bất động sản việt nam,13500,"Review Mảnh đất siêu vip, mua đất tặng luôn 250m mặt đường nhựa, chỉ hơn 5x tỷ để sở hữu",LatZ4zhrc_4,3818,6
660,58.77,False,Tuấn Hưng Tây Nguyên,236,False,0,False,60,0.0085,False,True,False,False,True,False,False,False,97,18,6139,0,odd,False,2024-10-12T16:08:40Z,bất động sản việt nam,13500,"Tỉ phú trẻ tuổi nhất Việt Nam, mới 1 tuổi đã có khối tài sản khủng  #batdongsan #nguyenphuonghang",aBjdPxPEkTQ,747426,1132
668,6.34,False,Tuấn Hưng Tây Nguyên,17,False,53,False,60,0.0104,False,True,False,False,False,False,False,False,98,18,822,18,,False,2024-10-05T11:56:18Z,bất động sản việt nam,13500,Quốc gia duy nhất ở ĐNÁ k giáp biển nhưng vẫn có cảng biển #laos #nhadat #batdongsan #hungtuanphan,DBnUcXI_mzM,80646,121
675,14.9,False,Tuấn Hưng Tây Nguyên,20,False,0,False,39,0.0093,False,False,False,False,False,False,False,False,92,16,1734,0,,False,2024-09-27T23:48:21Z,bất động sản việt nam,13500,"Toà nhà bị ghét nhất hành tinh, vì thiết kế quá độc lạ #batdongsan #batdongsanhomnay #nhadat",qMgkxz9APYQ,189474,281
730,0.85,False,Tuấn Hưng Tây Nguyên,0,False,53,False,60,0.0183,True,True,False,False,False,False,False,False,97,18,198,18,,False,2024-08-04T03:45:30Z,bất động sản việt nam,13500,Donald Trump - Từ ông trùm bất động sản đến Tổng thống giàu nhất nước Mỹ #donaldtrump #batdongsan,MAL2wyvsXfQ,10805,15
750,0.06,False,Tuấn Hưng Tây Nguyên,0,False,53,False,50,0.0275,False,True,False,False,False,False,False,False,96,20,20,18,,True,2024-07-15T09:18:54Z,bất động sản việt nam,13500,Một chữ cái cực kì quan trọng trên sổ đỏ cần lưu ý để tránh mất ti*n oan #batdongsan #luatdatdai,LJKXboidmxM,727,1
761,0.78,False,Tuấn Hưng Tây Nguyên,2,False,53,False,57,0.0139,False,False,False,False,False,False,False,False,93,17,136,14,,False,2024-07-04T06:48:22Z,bất động sản việt nam,13500,Ông Trùm Bất Động Sản Vương Kiện Lâm - Khuynh Đảo Thị Trường Trung Quốc #batdongsan #taichinh,0YNEjx7SOvE,9917,13
790,1.33,False,Tuấn Hưng Tây Nguyên,11,False,53,False,60,0.0093,False,True,False,False,True,False,False,False,99,20,147,14,even,True,2024-06-05T13:52:34Z,bất động sản việt nam,13500,Top 4 Tỉnh Thành Phố Ở Việt Nam Không Có Hộ Nghèo & Cận Nghèo Ở Việt Nam  #batdongsan #tphcm#danang,1wBK5yeERgE,16925,21
790,0.01,False,Tuấn Hưng Tây Nguyên,0,True,53,False,353,0.0,False,True,False,False,False,False,False,True,94,23,0,14,,False,2024-06-04T16:49:12Z,bất động sản việt nam,13500,Những Sự Thật Có Thể Bạn Chưa Biết ? Tiền & Danh Tiếng Càng Làm Lộ Rõ Bản Chất Của Elon Musk ?,_pKMMH--tlw,102,0
849,2.9,False,Tuấn Hưng Tây Nguyên,35,False,115,False,60,0.0116,True,False,False,False,True,False,False,False,65,12,392,14,odd,False,2024-04-07T13:32:15Z,bất động sản việt nam,13500,Top 5 Tỉnh Thành Phố Giàu Nhất Việt Nam #batdongsan #tower #tphcm,k9I2U-IFab4,36876,43
875,0.08,False,Tuấn Hưng Tây Nguyên,1,False,145,False,228,0.0073,False,False,False,False,True,False,False,False,83,15,6,14,odd,False,2024-03-12T00:59:15Z,bất động sản việt nam,13500,Top 5 tòa nhà cao nhất thế giới thời điểm hiện tại #tower #batdongsan #hungtuanphan,OOoLGibRUVs,962,1
929,0.66,False,Tuấn Hưng Tây Nguyên,5,False,53,False,59,0.0163,False,True,False,False,False,False,False,False,98,21,131,14,,False,2024-01-18T11:58:39Z,bất động sản việt nam,13500,Lotte World Tower  - Niềm Tự Hào Của Hàn Quốc Khi Nhắc Đến Những Công Trình Lóa Mắt Nhất TG #tower,rBItOe_SGPc,8362,9
933,0.58,False,Tuấn Hưng Tây Nguyên,5,False,53,False,50,0.0221,False,False,False,False,False,False,False,True,100,23,157,14,,False,2024-01-14T09:54:48Z,bất động sản việt nam,13500,Cây cầu Bàn Tay Phật ở khu thắng cảnh Maling Tianguan bị xem là đạo nhái cây Cầu Vàng của Việt Nam ?,TTmta9hPOkw,7318,8
942,0.42,False,Tuấn Hưng Tây Nguyên,0,False,53,False,60,0.0227,False,True,False,False,False,False,False,False,99,17,120,14,,False,2024-01-05T04:13:06Z,bất động sản việt nam,13500,Tuyến đường có Giá Cho Thuê Mặt Bằng Đắt Đỏ nhất thế giới #batdongsan #hungtuanphan #saigon #shorts,zktIBnTEwJo,5288,6
955,3.37,False,Tuấn Hưng Tây Nguyên,8,False,135,False,58,0.0113,False,True,False,False,True,False,False,False,75,16,477,14,even,False,2023-12-23T11:56:10Z,bất động sản việt nam,13500,Bí ẩn 2 ngồi chùa tôn tại 500 năm trên đỉnh núi chẻ đôi #batdongsan #dulich,tx2_bUxKJGw,42875,45
959,65.82,False,Tuấn Hưng Tây Nguyên,215,False,574,False,59,0.0073,False,True,False,False,True,False,False,False,95,20,5863,14,even,False,2023-12-19T11:36:29Z,bất động sản việt nam,13500,Trung Tâm Tài Chính Quốc Tế Bình An - công trình nhân tạo cao thứ 4 thế giới #batdongsan #tower,jHBSq5JF1yg,837150,873
968,234.52,False,Tuấn Hưng Tây Nguyên,1210,False,53,False,51,0.0281,False,True,False,False,False,False,False,False,100,19,82541,14,,False,2023-12-10T05:06:12Z,bất động sản việt nam,13500,Tiền và danh tiếng ngày càng làm lộ rõ BẢN CHẤT con người của Elon Musk #batdongsan #elonmusk #short,GbkBs0HmEIE,2982576,3081
973,0.6,False,Tuấn Hưng Tây Nguyên,2,False,53,False,31,0.0124,False,False,False,False,False,False,False,False,73,14,93,14,,False,2023-12-05T07:17:15Z,bất động sản việt nam,13500,Toà tháp có mặt đồng lớn nhất thế giới - Abraj Al-Bait #batdongsan #tower,mc0mD6l6J20,7685,8
976,1.81,False,Tuấn Hưng Tây Nguyên,5,False,53,False,36,0.0121,False,False,False,False,False,False,False,False,82,13,274,14,,False,2023-12-02T10:52:49Z,bất động sản việt nam,13500,Toà Nhà Cao Nhất Trung Quốc - Tháp Thượng Hải #batdongsan #thapthuonghai #business,t21cTQcQR1M,23074,24
977,0.71,False,Tuấn Hưng Tây Nguyên,0,False,187,False,35,0.0109,False,False,False,False,False,False,False,False,87,17,99,14,,False,2023-12-01T06:21:10Z,bất động sản việt nam,13500,Đây là địa điểm độc nhất vô nhị trên thế giới - Vulcan point island #batdongsan #island,n9FX8eo8hO4,9068,9
978,1.18,False,Tuấn Hưng Tây Nguyên,7,False,53,False,45,0.011,False,False,False,False,False,False,False,False,82,14,158,14,,False,2023-11-30T08:18:28Z,bất động sản việt nam,13500,Đâu là toà nhà cao nhất thế giới - Burj Khalifa #batdongsan #business #burjkhalifa,g7Emt4REXWE,14993,15
982,0.91,False,Tuấn Hưng Tây Nguyên,9,False,53,False,34,0.0154,False,True,False,False,False,False,False,False,98,18,170,14,,False,2023-11-26T14:49:26Z,bất động sản việt nam,13500,Đường cao tốc Độc nhất Vô nhị trên Thế giới - Cao tốc trên mây #batdongsan #business #hungtuanphan,m23-uqUR4AY,11627,12
983,1.21,False,Tuấn Hưng Tây Nguyên,8,False,53,False,42,0.0061,False,True,False,False,False,False,False,False,99,19,86,14,,False,2023-11-25T05:53:50Z,bất động sản việt nam,13500,Bà Trương Mỹ Lan soán ngôi ông Quyết để trở thành Siêu lừa đảo đệ nhất VN #batdongsan #hungtuanphan,ZABT6WtrWjE,15330,16
989,0.47,False,Tuấn Hưng Tây Nguyên,1,False,53,False,33,0.0155,False,False,False,False,True,False,False,False,100,21,92,14,even,False,2023-11-19T06:44:17Z,bất động sản việt nam,13500,"Vay thế chấp Trả tiền trước hạn, không làm 2 điều này thì tài sản vẫn không phải của bạn #batdongsan",Nm8dzFoqNU4,5997,6
991,1.09,False,Tuấn Hưng Tây Nguyên,0,False,53,False,24,0.0141,False,False,False,False,False,False,False,False,43,7,195,14,,False,2023-11-17T15:01:26Z,bất động sản việt nam,13500,Hỏa Diệm Sơn # #batdongsan #dulich #tayduki,SA0fpjQdbmY,13809,14
3,1.38,False,Vàng Thời Đại,20,False,261,False,1538,0.0693,False,True,False,False,True,False,True,True,89,16,197,19,odd,False,2026-07-31T23:41:07Z,giá vàng phân tích,11800,PHÂN TÍCH XU HƯỚNG GIÁ VÀNG TUẦN SAU:3-7/8/2026 LIỆU CÓ GIẢM VỀ 11 TRIỆU/LƯỢNG HAY KHÔNG?,TwbiVGsCZ1w,3131,1044
4,0.72,False,Vàng Thời Đại,11,False,211,False,917,0.0761,False,True,False,False,True,False,True,True,90,18,113,19,odd,False,2026-07-31T06:54:55Z,giá vàng phân tích,11800,PHÂN TÍCH XU HƯỚNG GIÁ VÀNG CHIỀU NAY NGÀY:31/7/2026 TIẾP ĐÀ PHỤC HỒI HAY SẼ GIẢM TRỞ LẠI?,8WJOyufWKsU,1630,408
4,1.02,False,Vàng Thời Đại,17,False,254,False,1164,0.0724,False,True,False,False,True,False,False,True,98,20,151,18,odd,False,2026-07-30T23:19:40Z,giá vàng phân tích,11800,PHÂN TÍCH XU HƯỚNG GIÁ VÀNG HÔM NAY NGÀY:31/7/2026 VÀNG CÓ TIẾP TỤC TĂNG KHI CHỈ SỐ DXY SUY YẾU???,uX9brRThv5w,2322,580
5,0.47,False,Vàng Thời Đại,15,False,268,False,949,0.1081,False,True,False,False,True,False,False,True,100,18,101,19,even,False,2026-07-30T06:31:42Z,giá vàng phân tích,11800,PHÂN TÍCH XU HƯỚNG GIÁ VÀNG CHIỀU NAY NGÀY:30/7/2026 VÀNG QUAY ĐẦU GIẢM!LIỆU CÓ TĂNG LẠI ĐƯỢC KHÔNG?,bIigqdC7wfI,1073,215
5,1.92,False,Vàng Thời Đại,25,False,261,False,1173,0.0521,False,True,False,False,True,False,False,True,99,19,203,19,even,False,2026-07-29T23:12:37Z,giá vàng phân tích,11800,PHÂN TÍCH XU HƯỚNG GIÁ VÀNG HÔM NAY NGÀY:30/7/2026 VÀNG TĂNG MẠNH SAU PHÁT BIỂU CỦA CHỦ TỊCH FED???,HsN-sICktbU,4373,875
11,1.61,False,Vàng Thời Đại,21,False,219,False,1129,0.0599,False,True,False,False,True,False,True,True,98,18,198,19,even,False,2026-07-23T22:47:35Z,giá vàng phân tích,11800,PHÂN TÍCH XU HƯỚNG GIÁ VÀNG HÔM NAY NGÀY:24/7/2026 VÀNG GIẢM MẠNH!LIỆU CÓ TĂNG LẠI ĐƯỢC HAY KHÔNG?,WpbCK7M3KtQ,3657,332
12,1.16,False,Vàng Thời Đại,16,False,216,False,1119,0.0681,False,True,False,False,True,False,True,True,95,19,164,18,odd,False,2026-07-22T23:14:46Z,giá vàng phân tích,11800,PHÂN TÍCH XU HƯỚNG GIÁ VÀNG HÔM NAY NGÀY:23/7/2026 TIẾP ĐÀ TĂNG HAY SẼ ĐIỀU CHỈNH GIẢM TRỞ LẠI?,IXQOmP35daQ,2644,220
13,1.48,False,Vàng Thời Đại,16,False,218,False,1164,0.049,False,True,False,False,True,False,True,True,97,20,149,19,even,False,2026-07-22T07:22:42Z,giá vàng phân tích,11800,PHÂN TÍCH XU HƯỚNG GIÁ VÀNG CHIỀU NAY NGÀY:22/7/2026 TIẾP ĐÀ BỨT PHÁ VÀ ĐÃ MUA VÀO ĐƯỢC HAY CHƯA?,jTgFeIbGNMw,3368,259
13,0.92,False,Vàng Thời Đại,22,False,220,False,1040,0.0819,False,True,False,False,True,False,True,True,99,20,150,19,even,False,2026-07-21T23:14:44Z,giá vàng phân tích,11800,PHÂN TÍCH XU HƯỚNG GIÁ VÀNG HÔM NAY NGÀY:22/7/2026 TIẾP ĐÀ PHỤC HỒI HAY SẼ ĐIỀU CHỈNH GIẢM TRỞ LẠI?,_urfRj5KZVI,2101,162
14,1.02,False,Vàng Thời Đại,10,False,207,False,803,0.0584,False,True,False,False,True,False,True,True,86,16,126,18,odd,False,2026-07-21T06:37:16Z,giá vàng phân tích,11800,PHÂN TÍCH XU HƯỚNG GIÁ VÀNG CHIỀU NAY NGÀY:21/7/2026 LIỆU VÀNG CÒN TĂNG NƯA HAY KHÔNG?,lDaTufVaMwU,2330,166
14,0.86,False,Vàng Thời Đại,17,False,205,False,1106,0.0825,False,True,False,False,True,False,True,True,84,17,144,19,odd,False,2026-07-20T23:12:26Z,giá vàng phân tích,11800,PHÂN TÍCH XU HƯỚNG GIÁ VÀNG HÔM NAY NGÀY:21/7/2026 ĐÃ ĐẾN LÚC MUA VÀO ĐƯỢC HAY CHƯA?,wQKvqgsa2SE,1952,139
15,0.66,False,Vàng Thời Đại,10,False,255,False,868,0.0807,False,True,False,False,True,False,True,True,90,17,112,17,even,False,2026-07-20T06:50:56Z,giá vàng phân tích,11800,PHÂN TÍCH XU HƯỚNG GIÁ VÀNG CHIỀU NAY NGÀY:20/7/2026 LIỆU VÀNG CÓ TĂNG LẠI ĐƯỢC HAY KHÔNG?,C5YSu-g--Pg,1512,101
15,0.97,False,Vàng Thời Đại,20,False,217,False,850,0.073,False,True,False,False,True,False,True,True,96,19,141,19,even,False,2026-07-19T23:17:01Z,giá vàng phân tích,11800,PHÂN TÍCH XU HƯỚNG GIÁ VÀNG HÔM NAY NGÀY:20/7/2026 VÀNG LẠI GIẢM !LIỆU ĐÃ MUA VÀO ĐƯỢC HAY CHƯA?,fPwg1STK_8s,2206,147
17,1.37,False,Vàng Thời Đại,27,False,192,False,1379,0.0749,False,True,False,False,True,False,False,True,80,15,207,18,even,False,2026-07-17T23:34:45Z,giá vàng phân tích,11800,PHÂN TÍCH XU HƯỚNG GIÁ VÀNG TUẦN SAU:20-24/7/2026 CƠ HỘI ĐỂ MUA THÊM VÀNG VÀO???,cVucfVKdiMk,3125,184
18,0.67,False,Vàng Thời Đại,15,False,202,False,878,0.0792,False,True,False,False,True,False,True,True,81,15,105,19,odd,False,2026-07-17T07:04:38Z,giá vàng phân tích,11800,PHÂN TÍCH XU HƯỚNG GIÁ VÀNG CHIỀU NAY NGÀY:17/7/2026 VÀNG CÒN GIẢM NỮA HAY KHÔNG?,ANpgJX8g6-M,1515,84
18,1.32,False,Vàng Thời Đại,15,False,218,False,1067,0.0608,False,True,False,False,True,False,True,True,97,19,167,19,odd,False,2026-07-16T23:14:55Z,giá vàng phân tích,11800,PHÂN TÍCH XU HƯỚNG GIÁ VÀNG HÔM NAY NGÀY:17/7/2026 VÀNG GIẢM MẠNH! ĐÃ MUA VÀNG VÀO ĐƯỢC HAY CHƯA?,xbn5dQDigC8,2993,166
19,0.5,False,Vàng Thời Đại,11,False,264,False,888,0.0931,False,True,False,False,True,False,True,True,99,19,95,19,even,False,2026-07-16T06:53:01Z,giá vàng phân tích,11800,PHÂN TÍCH XU HƯỚNG GIÁ VÀNG CHIỀU NAY NGÀY:16/7/2026 TIẾP TỤC ĐIỀU CHỈNH GIẢM HAY PHỤC HỒI TRỞ LẠI?,p3iqqTqcWpI,1139,60
19,0.83,False,Vàng Thời Đại,13,False,219,False,924,0.084,False,True,False,False,True,False,True,True,98,20,146,19,even,False,2026-07-15T23:13:10Z,giá vàng phân tích,11800,PHÂN TÍCH XU HƯỚNG GIÁ VÀNG HÔM NAY NGÀY :16/7/2026 VẪN CÒN ĐIỀU CHỈNH HAY SẼ TĂNG TRƯỞNG TRỞ LẠI?,T9Xrw8ciFMw,1892,100
20,0.89,False,Vàng Thời Đại,14,False,212,False,1199,0.065,False,True,False,False,True,False,True,True,91,18,118,19,odd,False,2026-07-15T07:09:24Z,giá vàng phân tích,11800,PHÂN TÍCH XU HƯỚNG GIÁ VÀNG CHIỀU NAY NGÀY:15/7/2026 ĐÃ ĐẾN LÚC MUA VÀNG VÀO ĐƯỢC HAY CHƯA?,2fowCL--prg,2031,102
20,1.27,False,Vàng Thời Đại,15,False,218,False,924,0.0667,False,True,False,False,True,False,True,True,97,20,178,19,odd,False,2026-07-14T23:11:57Z,giá vàng phân tích,11800,PHÂN TÍCH XU HƯỚNG GIÁ VÀNG HÔM NAY NGÀY:15/7/2026 TIẾP ĐÀ PHỤC HỒI HAY SẼ QUAY ĐẦU GIẢM TRỞ LẠI?,ABFjR5D_TTk,2892,145
21,0.79,False,Vàng Thời Đại,17,False,216,False,846,0.0738,False,True,False,False,True,False,False,True,94,19,115,19,even,False,2026-07-14T06:44:57Z,giá vàng phân tích,11800,PHÂN TÍCH XU HƯỚNG GIÁ VÀNG CHIỀU NAY NGÀY:14/7/2026 VỚI DỮ LIỆU LẠM PHÁT CPI VÀNG SẼ THẾ NÀO?,OUxFjnBdWIQ,1789,85
21,1.22,False,Vàng Thời Đại,22,False,293,False,1004,0.072,False,True,False,False,True,False,False,True,99,19,178,19,even,False,2026-07-13T23:11:41Z,giá vàng phân tích,11800,"PHÂN TÍCH XU HƯỚNG GIÁ VÀNG HÔM NAY NGÀY:14/7/2026 MỸ THU PHÍ 20% Ở EO BIỂN HORMUZ,DẦU TĂNG MẠNH???",_6Y_iHnsfag,2777,132
22,1.25,False,Vàng Thời Đại,12,False,264,False,950,0.056,False,True,False,False,True,False,False,True,99,16,148,19,odd,False,2026-07-13T06:51:01Z,giá vàng phân tích,11800,PHÂN TÍCH XU HƯỚNG GIÁ VÀNG CHIỀU NAY NGÀY:13/7/2026 LIỆU VÀNG CÓ GIẢM VỀ 3700$(110 TR/LƯỢNG)KHÔNG?,AU4IcEgK1t8,2855,130
22,1.02,False,Vàng Thời Đại,18,False,236,False,985,0.0838,False,True,False,False,True,False,False,True,90,16,176,19,odd,False,2026-07-12T23:13:42Z,giá vàng phân tích,11800,PHÂN TÍCH XU HƯỚNG GIÁ VÀNG HÔM NAY NGÀY:13/7/2026 NÓNG!MỸ TẤN CÔNG IRAN!VÀNG GIẢM SỐC ???,54S0rZF_g8Q,2315,105
24,0.98,False,Vàng Thời Đại,30,False,242,False,1340,0.0913,False,True,False,False,True,False,True,True,92,18,174,17,odd,False,2026-07-10T23:24:22Z,giá vàng phân tích,11800,PHÂN TÍCH XU HƯỚNG GIÁ VÀNG TUẦN SAU:13-17/7/2026 TIẾP TỤC GIẢM HAY SẼ TĂNG MẠNH MẼ TRỞ LẠI?,3_ei3UCKDAc,2235,93
25,0.67,False,Vàng Thời Đại,12,False,218,False,871,0.0735,False,True,False,False,True,False,True,True,97,19,100,19,even,False,2026-07-10T07:17:37Z,giá vàng phân tích,11800,PHÂN TÍCH XU HƯỚNG GIÁ VÀNG CHIỀU NAY NGÀY:10/7/2026 NÊN MUA HAY BÁN THỜI ĐIỂM NÀY CHO THÍCH HỢP?,_lHedx6cZUo,1524,61
25,0.61,False,Vàng Thời Đại,11,False,254,False,1155,0.1092,False,True,False,False,True,False,True,True,87,17,140,19,even,False,2026-07-09T23:19:08Z,giá vàng phân tích,11800,PHÂN TÍCH XU HƯỚNG GIÁ VÀNG HÔM NAY NGÀY:10/7/2026 LIỆU VÀNG CÓ CÒN GIẢM NỮA HAY KHÔNG?,qY7QZQaSBto,1383,55
26,1.11,False,Vàng Thời Đại,14,False,221,False,732,0.0533,False,True,False,False,True,False,True,True,100,20,120,19,odd,False,2026-07-09T07:08:59Z,giá vàng phân tích,11800,PHÂN TÍCH XU HƯỚNG GIÁ VÀNG CHIỀU NAY NGÀY:9/7/2026 TIẾP ĐÀ PHỤC HỒI HAY SẼ ĐIỀU CHỈNH GIẢM TRỞ LẠI?,v6MlRBaj2gE,2514,97
26,1.6,False,Vàng Thời Đại,17,False,220,False,1379,0.0566,False,True,False,False,True,False,False,True,99,20,189,19,odd,False,2026-07-08T23:15:59Z,giá vàng phân tích,11800,PHÂN TÍCH XU HƯỚNG GIÁ VÀNG HÔM NAY NGÀY:9/7/2026 BIÊN BẢN CUỘC HỌP CỦA FOMC CÓ TỐT CHO VÀNG KHÔNG?,lFqawFr5sx0,3639,140
27,0.87,False,Vàng Thời Đại,17,False,270,False,863,0.0706,False,True,False,False,True,False,True,True,90,18,122,19,even,False,2026-07-08T07:03:33Z,giá vàng phân tích,11800,PHÂN TÍCH XU HƯỚNG GIÁ VÀNG CHIỀU NAY NGÀY:8/7/2026 TIẾP TỤC GIẢM HAY SẼ PHỤC HỒI TRỞ LẠI?,VVhopB5VZpQ,1969,73
66,0.21,False,DreamyXesthetic,10,False,644,False,13,0.0385,False,False,True,False,False,False,False,False,27,2,387,0,,False,2026-05-30T12:24:11Z,psychology facts,11600,Psychology says🫠...........,IrHFKVLWHJ0,10310,156
80,0.24,False,DreamyXesthetic,22,False,579,False,14,0.0378,False,False,True,False,False,False,False,False,21,2,429,0,,False,2026-05-16T10:20:57Z,psychology facts,11600,Death asked🫠✨!!......,LaoxP2FzZ4Q,11946,149
90,0.13,False,DreamyXesthetic,3,False,577,False,10,0.0336,False,False,True,False,False,False,False,False,28,4,216,0,,False,2026-05-06T14:06:48Z,psychology facts,11600,you just need it🙃🗣️.........,MYStbSA8oBE,6522,72
99,0.12,False,DreamyXesthetic,57,False,589,False,13,0.022,False,False,True,False,False,False,False,True,23,3,72,0,,False,2026-04-27T07:55:25Z,psychology facts,11600,comment ur name!?🌝.....,nPIIwSDtmVQ,5853,59
118,0.17,False,DreamyXesthetic,5,False,570,False,13,0.0359,False,False,True,False,False,False,False,False,56,9,302,0,,False,2026-04-07T15:50:14Z,psychology facts,11600,maturity is when u realise it's not about books🙂........,CLVOHDxvsUI,8541,72
159,5.79,False,DreamyXesthetic,56,False,564,False,11,0.0171,False,False,True,False,False,False,False,False,24,3,4845,0,,False,2026-02-26T08:18:53Z,psychology facts,11600,when you lose🫠..........,mnfWsIZRNl0,287373,1807
162,0.39,False,DreamyXesthetic,73,False,728,False,15,0.0164,False,False,True,False,False,False,False,False,43,4,248,0,,False,2026-02-23T05:49:57Z,psychology facts,11600,Giving outfits according to🌝......#trending,OYUg3gw-TOA,19571,121
165,0.42,False,DreamyXesthetic,13,False,502,False,16,0.0232,False,False,True,False,False,False,False,False,38,4,470,0,,False,2026-02-20T14:28:06Z,psychology facts,11600,pov: you are introvert🌝......#trending,3mk_A1ag_j4,20825,126
181,0.25,False,DreamyXesthetic,12,False,627,False,14,0.0266,False,False,True,False,False,False,False,False,36,5,324,0,,False,2026-02-04T11:26:49Z,psychology facts,11600,It's not about the flowers🫠.........,TrUxQyW7E2k,12610,70
205,1.23,False,DreamyXesthetic,20,False,615,False,12,0.0275,False,False,True,False,False,False,False,False,27,2,1660,0,,False,2026-01-11T08:51:46Z,psychology facts,11600,psychology says🫠✨..........,SHJTLqQnT1c,61065,298
230,1.0,False,DreamyXesthetic,39,False,615,False,14,0.0237,False,False,True,False,False,False,False,False,31,3,1137,0,,False,2025-12-17T14:04:55Z,psychology facts,11600,life with these🫠🙌🏻.............,LQppIi27QQM,49657,216
235,0.33,False,DreamyXesthetic,13,False,626,False,10,0.0421,False,False,True,False,False,False,False,True,29,3,667,0,,False,2025-12-12T14:38:55Z,psychology facts,11600,some people still!?🫠.........,Q9YhqztDF_g,16164,69
248,7.24,False,DreamyXesthetic,135,False,626,False,10,0.0202,False,False,True,False,False,False,False,True,29,3,7126,0,,False,2025-11-29T10:16:55Z,psychology facts,11600,Felt like this!?🫠🫴🏻..........,ESb7mUgZxyI,359528,1450
255,12.14,False,DreamyXesthetic,92,False,608,False,12,0.0196,False,False,True,False,False,False,False,False,35,2,11742,0,,False,2025-11-21T16:52:50Z,psychology facts,11600,psychology says🫠✨..................,-93HvnbNBvw,602889,2364
263,1.01,False,DreamyXesthetic,30,False,608,False,15,0.0276,False,False,True,False,False,False,False,False,36,3,1350,0,,False,2025-11-14T14:12:12Z,psychology facts,11600,sorry I falied🦋🫠....................,-zKj8p6xb-c,49966,190
270,17.31,False,DreamyXesthetic,68,False,608,False,12,0.0205,False,False,True,False,False,False,False,False,26,2,17524,0,,False,2025-11-07T14:27:43Z,psychology facts,11600,a person🫠✨................,-SH8f3_C2RU,859708,3184
275,2.88,False,DreamyXesthetic,40,False,608,False,14,0.0227,False,False,True,False,False,False,False,False,25,2,3215,0,,False,2025-11-02T10:37:09Z,psychology facts,11600,most girls🫠✨.............,SH23OF4EUXg,143150,521
277,7.33,False,DreamyXesthetic,89,False,608,False,12,0.0262,False,False,True,False,False,False,False,False,25,3,9433,0,,False,2025-10-31T10:48:55Z,psychology facts,11600,just a person🫠✨..........,_FiqNXWjNXg,363818,1313
279,126.8,False,DreamyXesthetic,680,False,606,False,9,0.0145,False,False,True,False,False,False,False,False,31,2,90426,0,,False,2025-10-29T08:34:58Z,psychology facts,11600,psychology says✨🫠..............,zX4ojV31jWI,6296289,22567
280,0.87,False,DreamyXesthetic,23,False,4989,False,11,0.0253,False,False,True,False,False,False,False,False,78,10,1071,0,,False,2025-10-28T06:05:32Z,psychology facts,11600,you are just like a butterfly🫠💫!#aesthetic #fypシ゚viral #cute #dreamy #trending,IJvoRDHZXiA,43243,154
281,144.07,False,DreamyXesthetic,3014,False,260,False,8,0.0156,False,False,True,False,False,False,False,False,21,2,108803,0,,False,2025-10-27T09:01:42Z,psychology facts,11600,someone🫠!! #aesthetic,iDyrn6TmIi4,7154254,25460
106,1.02,False,Nghiêm Văn Hùng (Master Xuân Hùng) ,0,False,1072,False,174,0.0156,False,True,True,True,True,True,False,False,88,17,2,24,even,False,2026-04-20T12:16:32Z,động lực thành công,11500,ĐÃ ĐẾN LÚC NGƯƠI PHẢI THAY ĐỔI | RAP THỨC TỈNH HỘI TRƯỜNG 1000 NGƯỜI 🔥🔥🔥 #masterxuanhung,z641m_azqLw,128,1
107,0.87,False,Nghiêm Văn Hùng (Master Xuân Hùng) ,0,False,4022,False,311,0.0,False,True,False,False,True,True,False,False,54,13,0,24,even,False,2026-04-19T14:00:06Z,động lực thành công,11500,TẦM NHÌN 2 TỶ ĐÔ |  Bài Hát Đánh Thức Người Lập Nghiệp,KfAWbuI-QIk,110,1
107,2.6,False,Nghiêm Văn Hùng (Master Xuân Hùng) ,0,False,858,False,42,0.0122,False,True,False,False,True,False,False,False,88,11,4,24,even,False,2026-04-19T04:05:23Z,động lực thành công,11500,TẦM NHÌN 2 TỶ ĐÔ SHORT #masterxuanhung #music #tamnhintydo #lapnghiep #nhactruyencamhung,eUrdIK9kLGQ,327,3
108,1.26,False,Nghiêm Văn Hùng (Master Xuân Hùng) ,2,True,1386,False,301,0.0314,False,True,False,False,False,True,False,False,53,12,3,25,,False,2026-04-18T14:00:06Z,động lực thành công,11500,TỰ LỰC CÁNH SINH | KHÔNG AI CỨU MÌNH NGOÀI CHÍNH MÌNH,rF1ryfHr44w,159,1
109,0.33,False,Nghiêm Văn Hùng (Master Xuân Hùng) ,0,False,1298,False,275,0.0,False,True,False,False,False,True,False,False,71,17,0,25,,False,2026-04-17T14:00:06Z,động lực thành công,11500,ĐỜI CHỈ TÔN TRỌNG KẺ ĐÃ ĐI QUA LỬA | RAP THỨC TỈNH CHO NGƯỜI LẬP NGHIỆP,6Op5rSZjpGE,42,0
109,0.68,False,Nghiêm Văn Hùng (Master Xuân Hùng) ,0,False,870,False,303,0.0116,False,True,False,False,False,True,False,False,76,15,1,25,,False,2026-04-17T02:27:36Z,động lực thành công,11500,Từ Tuyệt Vọng Đến Làm Chủ Số Phận | NHÂN ĐỊNH THẮNG THIÊN (Spiritual HipHop),O8VV-ZGC-LU,86,1
111,1.41,False,Nghiêm Văn Hùng (Master Xuân Hùng) ,0,False,0,False,54,0.0056,False,False,False,False,False,False,False,False,74,5,1,0,,False,2026-04-15T15:22:20Z,động lực thành công,11500,#huyenthoainguoicambut #rap  #coaching  #masterxuanhung #nhactruyencamhung,Z908sp9tD08,178,2
111,1.99,False,Nghiêm Văn Hùng (Master Xuân Hùng) ,0,False,0,False,37,0.0,False,False,False,False,False,False,False,False,66,15,0,0,,False,2026-04-15T15:16:58Z,động lực thành công,11500,Phải đi qua nghìn lần đau đớn… lấy nỗi đau mình viết thành sử ca..,0YPpoZGnd1Q,251,2
111,0.23,False,Nghiêm Văn Hùng (Master Xuân Hùng) ,0,False,993,False,406,0.069,False,True,True,False,False,True,False,False,67,14,2,22,,False,2026-04-15T14:00:06Z,động lực thành công,11500,KIÊN NHẪN – ĐẾ CHẾ KHÔNG XÂY TRONG MỘT NGÀY | Festival Motivation 🔥,L1vebPCDDME,29,0
112,0.21,False,Nghiêm Văn Hùng (Master Xuân Hùng) ,0,False,707,False,294,0.0385,False,True,False,False,False,False,False,False,56,13,1,22,,False,2026-04-14T14:02:01Z,động lực thành công,11500,KIÊN CƯỜNG – Nghe Xong Bạn Sẽ Không Bao Giờ Muốn Bỏ Cuộc,2VRbJyayR-g,26,0
113,0.06,False,Nghiêm Văn Hùng (Master Xuân Hùng) ,0,False,1071,False,368,0.0,False,True,False,False,True,True,False,False,83,18,0,23,even,False,2026-04-13T14:00:06Z,động lực thành công,11500,ZEN MEDITATION 100M$ Cho Doanh Nhân Tầm Lớn | Nghe Mỗi Ngày Để Tâm Trí Tĩnh Và Sáng,Afam7iwKtWI,8,0
114,0.94,False,Nghiêm Văn Hùng (Master Xuân Hùng) ,0,False,660,False,213,0.0,True,True,False,False,False,True,False,False,59,15,0,21,,False,2026-04-12T14:00:07Z,động lực thành công,11500,CẦU GÌ ĐƯỢC NẤY | RAP ĐỈNH CAO TƯ DUY – MUỐN GIÀU PHẢI NGHE,0i4o9_4iEss,119,1
115,0.79,False,Nghiêm Văn Hùng (Master Xuân Hùng) ,0,False,1073,False,293,0.01,False,True,False,False,False,True,False,False,62,15,1,26,,False,2026-04-11T14:00:06Z,động lực thành công,11500,"TÂM TƯỞNG SỰ THÀNH | Khi Ý Niệm Đủ Mạnh, Vận Mệnh Phải Cúi Đầu",HXM9hwyCFVA,100,1
116,0.66,False,Nghiêm Văn Hùng (Master Xuân Hùng) ,0,True,1104,False,315,0.0,False,True,False,False,False,False,False,False,48,11,0,24,,False,2026-04-10T14:00:06Z,động lực thành công,11500,LINKING – Bí Mật Kết Nối Mọi Thứ Thành Quyền Lực,lwTwBiGjDWs,83,1
117,1.44,False,Nghiêm Văn Hùng (Master Xuân Hùng) ,0,False,1347,False,306,0.011,False,True,False,False,False,False,False,False,69,14,2,13,,False,2026-04-09T14:00:06Z,động lực thành công,11500,"ZERO TO HERO – Nhạc Truyền Lửa Cho Người Đang Khởi Nghiệp, Lập Nghiệp",DyCBHjzk_Zc,181,2
118,0.6,False,Nghiêm Văn Hùng (Master Xuân Hùng) ,0,False,4001,False,255,0.0,False,True,False,False,False,True,False,False,78,20,0,25,,False,2026-04-08T14:00:06Z,động lực thành công,11500,SAI MỘT LY ĐI TRĂM DẶM – Bài Học ĐẮT GIÁ Nhất Cuộc Đời | Rap Cảnh Tỉnh Cực Gắt,kQzvfEhtrWA,76,1
119,1.73,False,Nghiêm Văn Hùng (Master Xuân Hùng) ,6,False,4781,False,322,0.0505,False,True,False,False,False,True,False,False,89,20,5,27,,False,2026-04-07T14:00:06Z,động lực thành công,11500,HUYỀN THOẠI NGƯỜI CẦM BÚT | Rap Hào Hùng Cho Nhà Sáng Tạo Viết Nên Thời Đại Kỷ Nguyên Mới,ugZXqLRjLn0,218,2
119,0.89,False,Nghiêm Văn Hùng (Master Xuân Hùng) ,0,False,0,False,57,0.0089,False,False,True,False,False,False,False,False,14,4,1,0,,False,2026-04-07T07:14:01Z,động lực thành công,11500,Rồng 🐉 Ẩn Mình,7j-bdqhGlnE,112,1
119,3.21,False,Nghiêm Văn Hùng (Master Xuân Hùng) ,0,False,0,False,37,0.0148,False,False,False,False,False,False,False,False,12,3,6,0,,False,2026-04-07T07:10:26Z,động lực thành công,11500,Rồng Ẩn Mình,HQqwKfwDuno,405,3
120,1.22,False,Nghiêm Văn Hùng (Master Xuân Hùng) ,0,False,652,False,294,0.0,False,True,False,False,False,True,False,True,87,19,0,28,,False,2026-04-06T14:00:06Z,động lực thành công,11500,KHÔNG CÙNG TẦN – PRIVATE OLD MONEY RAP | Tại sao người ĐẲNG CẤP thường chọn sự im lặng?,baudk-Fm_ss,154,1
121,1.1,False,Nghiêm Văn Hùng (Master Xuân Hùng) ,3,False,4993,False,338,0.0435,False,True,False,False,False,True,False,False,75,17,3,22,,False,2026-04-05T14:00:06Z,động lực thành công,11500,KHÔNG ĐÁNH MÀ THẮNG | MV Rap Chiến Lược – Binh Pháp Tôn Tử Trong Kinh Doanh,sDWl6MnTj4M,138,1
122,1.5,False,Nghiêm Văn Hùng (Master Xuân Hùng) ,1,False,1637,False,160,0.0106,False,True,False,False,False,False,False,False,57,14,1,26,,False,2026-04-04T14:00:06Z,động lực thành công,11500,RAP ĐỐT ADS NHƯ VUA - DÀNH TẶNG CHO CÁC ÔNG TRÙM CHẠY ADS,gGnPqH4xrqM,189,2
123,11.91,False,Nghiêm Văn Hùng (Master Xuân Hùng) ,1,False,1215,False,266,0.0093,False,True,False,False,False,False,False,False,78,18,13,28,,False,2026-04-03T14:50:20Z,động lực thành công,11500,(RAP) RỒNG ẨN MÌNH – Kẻ Im Lặng Đang Nắm Cuộc Chơi (Rap Tài Chính & Quyền Lực),pz38ijabVEU,1501,12
124,1.32,False,Nghiêm Văn Hùng (Master Xuân Hùng) ,2,False,786,False,1528,0.0422,False,True,False,False,False,False,False,False,73,16,5,22,,False,2026-04-02T13:30:06Z,động lực thành công,11500,NHẠC ĐỘNG LỰC MẠNH NHẤT THẾ GIỚI - KÍCH HOẠT NĂNG LƯỢNG NGÀY MỚI TRÀN ĐẦY,gq8VM9t5PY4,166,1
535,1.71,False,Nghiêm Văn Hùng (Master Xuân Hùng) ,0,False,0,False,54,0.0186,False,True,False,False,True,False,False,False,68,16,4,19,even,False,2025-02-15T03:20:46Z,động lực thành công,11500,ĐẲNG CẤP KIẾM TIỀN CỦA SÓI GIÀ PHỐ WALL (22 Triệu Đô La Trong 3 Giờ),_2ywdIANbl0,215,0
1706,1.34,False,Nghiêm Văn Hùng (Master Xuân Hùng) ,1,False,500,False,147,0.0296,False,True,False,True,True,True,False,False,72,18,4,23,odd,True,2021-12-02T12:18:49Z,động lực thành công,11500,(IMC K1) Làm Thế Nào Để Trả Giá ÍT NHẤT cho những SAI LẦM | Mr Xuân Hùng,XbFnCLzyBis,169,0
1706,0.98,False,Nghiêm Văn Hùng (Master Xuân Hùng) ,5,False,509,False,193,0.0565,False,True,False,True,True,True,False,False,72,17,2,25,odd,False,2021-12-02T03:20:41Z,động lực thành công,11500,(IMC K1) Hành Trình Vạn Dặm Bắt Đầu Từ Bước Chân Đầu Tiên | Mr Xuân Hùng,mhR9MbB2Irs,124,0
1733,0.74,False,Nghiêm Văn Hùng (Master Xuân Hùng) ,2,False,493,False,71,0.0538,False,True,False,True,False,True,False,False,57,13,3,17,,False,2021-11-05T10:19:50Z,động lực thành công,11500,Suy Nghĩ Tích Cực Để Chuyển Hóa Năng Lượng | Mr Xuân Hùng,3p24sqZVD-g,93,0
1733,0.49,False,Nghiêm Văn Hùng (Master Xuân Hùng) ,0,False,521,False,127,0.0,False,True,False,True,True,True,False,False,85,20,0,17,even,False,2021-11-05T02:50:06Z,động lực thành công,11500,Loại Bỏ Những Chiếc Phanh Kìm Hãm Bạn Để Tăng Tốc Mạnh Mẽ Cho Năm 2022 | Mr Xuân Hùng,sVj4ykIml5Y,62,0
1733,0.49,False,Nghiêm Văn Hùng (Master Xuân Hùng) ,0,False,515,False,244,0.0,False,True,False,True,False,True,False,False,78,19,0,27,,False,2021-11-04T15:40:19Z,động lực thành công,11500,Hãy Loại Bỏ Những Lý Do Đang Ngăn Cản Bạn Để Trở Nên Xuất Chúng | Mr Xuân Hùng,coJqCkSxRoY,62,0
2,0.07,False,Doanh nhân thời AI,9,False,1856,False,3317,0.1405,False,True,False,False,True,False,False,False,88,21,8,26,odd,False,2026-08-02T15:05:43Z,bất động sản việt nam,11300,05 MÔ HÌNH KINH DOANH HÁI RA TIỀN – CHỈ CẦN 100 KHÁCH QUEN còn hơn 10 000 người theo dõi,gVZULqymkUA,121,60
23,0.2,False,Doanh nhân thời AI,10,False,1928,False,2264,0.0758,False,True,False,False,False,False,False,False,100,22,16,28,,False,2026-07-12T14:00:20Z,bất động sản việt nam,11300,"TIN NÓNG Chợ Truyền Thống Đồng Loạt Đìu Hiu, Tiểu Thương Oằn Mình Giữ Nghề – Điều Gì Đang Thực Sự Xả",aWC5WIU_bqQ,343,15
44,0.21,False,Doanh nhân thời AI,3,False,1331,False,1226,0.0254,False,True,False,False,True,False,False,False,83,20,6,24,even,False,2026-06-21T13:30:33Z,bất động sản việt nam,11300,CẢNH BÁO TỪ 2026 NHIỀU TRƯỜNG HỢP VI PHẠM ĐẤT ĐAI SẼ BỊ XỬ LÝ NẶNG   CÓ THỂ KHỞI TỐ,yKCpYDIT_aM,354,8
58,0.2,False,Doanh nhân thời AI,6,False,1187,False,668,0.0751,False,True,False,False,True,False,False,False,55,13,19,25,odd,False,2026-06-07T12:30:15Z,bất động sản việt nam,11300,05 QUY ĐỊNH ĐẤT ĐAI MỚI NHẤT 2026 MÀ NHIỀU NGƯỜI BỎ SÓT,tQdKJOhkTRA,333,6
77,0.16,False,Doanh nhân thời AI,3,False,1495,False,545,0.0332,False,True,False,False,True,False,False,False,69,16,6,23,even,False,2026-05-19T15:04:52Z,bất động sản việt nam,11300,TIN NÓNG ĐÁNH THUẾ Nhà Thứ 2 Bỏ Hoang Người Ôm Nhiều BĐS Đang Lo Lắng,HWki7dxA9rk,271,4
87,0.14,False,Doanh nhân thời AI,8,False,1122,False,1291,0.0759,False,True,False,False,False,False,False,True,54,13,10,27,,False,2026-05-09T15:25:58Z,bất động sản việt nam,11300,Vì sao người trẻ Đi làm CẢ ĐỜI… vẫn KHÔNG MUA NỔI NHÀ?,IzL6bbxknHQ,237,3
100,0.9,False,Doanh nhân thời AI,9,False,1157,False,1943,0.0461,False,True,False,False,True,True,False,False,58,15,61,25,even,False,2026-04-26T05:51:29Z,bất động sản việt nam,11300,VÀNG BẠC 2026 - 02 Thời Điểm Có Thể BÙNG NỔ | ĐỪNG BÁN SỚM,KPJlNJmvnWw,1519,15
103,1.08,False,Doanh nhân thời AI,11,False,933,False,1973,0.0323,False,True,False,False,True,False,False,False,71,17,48,22,odd,False,2026-04-23T12:01:57Z,bất động sản việt nam,11300,7 Cách Kiếm Tiền Để KHÔNG PHỤ THUỘC ĐỒNG LƯƠNG – Ai Cũng Có Thể Bắt Đầu,yGoOMMHzdl0,1824,18
122,1.78,False,Doanh nhân thời AI,4,False,1026,False,2873,0.0365,False,True,False,False,True,True,False,False,58,14,106,26,odd,False,2026-04-04T13:16:36Z,bất động sản việt nam,11300,Vàng Không Còn Hot | 7 Kênh Đầu Tư HÚT TIỀN MẠNH NHẤT 2026,kGlFiHyHHcI,3015,25
137,2.52,False,Doanh nhân thời AI,33,False,915,False,1608,0.0603,True,True,False,False,True,False,False,False,93,20,225,21,even,False,2026-03-20T14:02:12Z,bất động sản việt nam,11300,"Biến 50 triệu Thành “MÁY ĐẺ TIỀN” Trong 4 Năm, Đây Là Cách Người Giàu Khiến TIỀN SINH RA TIỀN",c-oN9JHVdM8,4278,31
158,171.35,False,Doanh nhân thời AI,250,False,865,False,1524,0.0356,True,True,False,False,True,False,False,False,85,20,10095,26,odd,False,2026-02-27T13:57:52Z,bất động sản việt nam,11300,7 Tài Sản PHẢI NẮM GIỮ NGAY! 2026–2030 Chu Kỳ tạo ra NGƯỜI GIÀU MỚI – Hoặc XÓA SỔ Bạn,1t02y9OIKr8,290349,1838
162,22.95,False,Doanh nhân thời AI,58,False,995,False,1815,0.0198,False,True,False,False,True,True,False,False,69,18,713,23,even,False,2026-02-23T13:07:18Z,bất động sản việt nam,11300,2026 - 2030 có phải là THỜI ĐIỂM VÀNG để BÁN ĐẤT | 05 Lý do then chốt,HfeIPrDUN9k,38886,240
181,54.62,False,Doanh nhân thời AI,189,False,1274,False,2177,0.0217,False,True,False,False,True,False,False,False,49,10,1818,26,even,False,2026-02-04T13:30:54Z,bất động sản việt nam,11300,Chu Kỳ 2026–2030 Khi TIỀN MẶT TRỞ THÀNH QUYỀN LỰC,9so9zNK8ULQ,92553,511
190,3.13,False,Doanh nhân thời AI,19,False,1132,False,1741,0.0304,False,True,False,False,True,True,False,False,74,19,142,23,even,False,2026-01-26T14:24:28Z,bất động sản việt nam,11300,LÃI SUẤT VƯỢT 8% | 03 Tài Sản Sẽ BỊ THANH LỌC 2026 khi Tiền Trở Nên Đắt Đỏ,X1SaJHwqBH8,5301,28
198,29.41,False,Doanh nhân thời AI,61,False,1254,False,1921,0.0355,False,True,False,False,True,False,False,False,40,11,1710,27,even,False,2026-01-18T13:54:47Z,bất động sản việt nam,11300,"BỎ LỠ 6 TÀI SẢN NÀY, 2026 BẠN SẼ HỐI HẬN",rKGV7KdzOFk,49829,252
202,37.56,False,Doanh nhân thời AI,80,False,1357,False,2924,0.0255,False,True,False,False,True,True,False,True,52,14,1543,24,odd,False,2026-01-14T13:29:59Z,bất động sản việt nam,11300,5 Loại Đất Sẽ BẬT GIÁ MẠNH 2026 | Ai Có NÊN GIỮ NGAY,1xPsXhqUcqA,63638,315
217,93.32,False,Doanh nhân thời AI,257,False,1380,False,1575,0.0279,False,True,False,False,True,True,True,True,85,21,4155,23,even,False,2025-12-30T14:16:55Z,bất động sản việt nam,11300,TẦM NHÌN Bất Động Sản 2026 – 2030: LUẬT CHƠI ĐÃ ĐỔI | BÁN – GIỮ hay MUA mới SỐNG SÓT?,2zq5DOQ8nhM,158127,729
221,8.76,False,Doanh nhân thời AI,19,False,1404,False,1469,0.0261,False,True,False,False,True,False,False,True,90,20,369,23,even,False,2025-12-26T14:33:52Z,bất động sản việt nam,11300,GIÁ VÀNG 2 THÁNG TỚI - KỊCH BẢN NÀO khi thị trường đầy biến động? Lời khuyên từ chuyên gia,7yrCBfMuouc,14838,67
226,1.14,False,Doanh nhân thời AI,23,False,1580,False,1491,0.06,False,True,False,False,True,True,False,False,94,22,93,27,even,False,2025-12-21T14:17:42Z,bất động sản việt nam,11300,Vì Sao các nước ĐỔ XÔ GOM VÀNG trước 2026 | Giá vàng TĂNG MẠNH từ NGA – MỸ  đến  TRUNG QUỐC,ryDD54DWyh0,1933,9
240,3.09,False,Doanh nhân thời AI,24,False,1435,False,2407,0.0256,False,True,False,False,True,True,True,False,86,20,110,25,even,False,2025-12-07T14:18:41Z,bất động sản việt nam,11300,"2026 MUA VÀNG, MUA ĐẤT hay GIỮ TIỀN | NHÀ ĐẦU TƯ THÔNG MINH chọn gì thời lạm phát 2026",XCmMqf_Sx80,5239,22
290,0.57,False,Doanh nhân thời AI,2,False,1220,False,482,0.0115,False,True,False,False,True,True,False,False,89,22,9,22,odd,True,2025-10-18T12:59:45Z,bất động sản việt nam,11300,7 BÀI HỌC CỰC ĐẮT GIÁ qua sai lầm “CHÍ TỬ” của Shark BÌNH | Ai cũng phải khắc cốt ghi tâm,8gdHRHL0-rU,960,3
291,1.95,False,Doanh nhân thời AI,6,False,1244,False,471,0.0054,False,True,False,False,False,True,False,False,97,23,12,25,,False,2025-10-17T03:33:35Z,bất động sản việt nam,11300,Vụ Shark Bình CẬP NHẬT MỚI NHẤT | Nhà đầu tư có lấy lại được tiền Và Hình phạt Shark Bình đối mặt,Ed3isN4jMsQ,3305,11
295,0.11,False,Doanh nhân thời AI,6,False,2295,False,849,0.0481,False,True,False,True,True,True,False,False,82,22,3,20,even,False,2025-10-13T14:12:05Z,bất động sản việt nam,11300,14 Ngành Vẫn Ăn Nên Làm Ra Dù Kinh Tế Suy Thoái | HÃY NẮM LẤY CƠ HỘI | Đầu Tư 2025,Gzxbwf592qU,187,1
299,0.04,False,Doanh nhân thời AI,2,False,1339,False,816,0.1143,True,True,False,True,True,True,False,False,75,19,6,24,odd,False,2025-10-09T14:42:48Z,bất động sản việt nam,11300,7 KỸ NĂNG GIÚP BẠN ĐI TRƯỚC 10 NĂM | Lộ trình TỰ DO TÀI CHÍNH cho người TRẺ,8zBJOe9pFA0,70,0
301,0.05,False,Doanh nhân thời AI,9,False,1019,False,553,0.2317,False,True,False,False,False,True,False,False,93,23,10,21,,False,2025-10-07T12:23:20Z,bất động sản việt nam,11300,"Bí Quyết Mua Nhà cho Người Trẻ, Vốn Ít | Cách Mua Nhà Khi Vốn Ít | Tư Duy Tài Chính Người Trẻ",GW8J38DlVZ4,82,0
304,0.15,False,Doanh nhân thời AI,4,False,1018,False,883,0.0346,True,True,False,False,True,False,False,False,65,14,5,18,odd,False,2025-10-04T12:34:25Z,bất động sản việt nam,11300,Elon Musk và 07 Bí Quyết Thành Công Của Người Giàu Nhất Hành Tinh,U8iOsxyv-vI,260,1
306,0.92,False,Doanh nhân thời AI,2,False,679,False,77,0.0192,False,True,False,False,True,False,False,False,90,17,28,28,even,False,2025-10-02T13:59:26Z,bất động sản việt nam,11300,Thế Giới Chấn Động - Elon Musk Cán Mốc 500 TỶ USD tài sản #elonmusk  #tintuc #typhuthegioi,SNCHQT_pO_g,1565,5
307,0.03,False,Doanh nhân thời AI,,False,1090,False,904,0.1522,False,True,False,False,True,False,False,False,76,18,7,26,odd,False,2025-10-01T04:25:36Z,bất động sản việt nam,11300,Đưa AI Vào Tiểu Học Ngay Từ Lớp 1 – Chuyên Gia Lên Tiếng   Phụ Huynh Bất Ngờ,ax-fzpoH6m8,46,0
310,2.63,False,Doanh nhân thời AI,7,False,981,False,61,0.0076,False,False,False,False,False,False,False,False,59,15,27,26,,False,2025-09-28T12:42:58Z,bất động sản việt nam,11300,Shark Bình nói gì khi bị tố lừa dối đồng bào vì dự án AntEx,YreSn55v_Tk,4464,14
314,0.19,False,Doanh nhân thời AI,10,False,1285,False,667,0.0525,False,True,False,False,False,False,False,False,98,23,7,26,,False,2025-09-24T03:33:40Z,bất động sản việt nam,11300,Thủ Tướng Phạm Minh Chính Cảnh Báo Về Giá Nhà Chung Cư - LÝ DO TĂNG GIÁ VÀ GIẢI PHÁP TỪ CHUYÊN GIA,n-R31BKq2eU,324,1
4,0.43,False,Mạnh Chia Sẻ Vàng,1,False,93,False,4834,0.0679,False,True,False,False,True,False,False,False,93,19,79,12,even,False,2026-07-31T06:11:43Z,giá vàng phân tích,11100,"Trực tiếp giá vàng Ngày 4/8/2026 -  CƠ HỘI ĐẪ ĐẾN giá vàng 9999, vàng sjc, vàng nhẫn 9999,...",Hwn0U9PjoJI,1179,295
1,0.69,False,Mạnh Chia Sẻ Vàng,9,False,861,False,766,0.0542,False,True,False,False,False,False,False,True,61,15,93,10,,True,2026-08-04T02:35:04Z,giá vàng phân tích,11100,TIN KHẨN : Giá Vàng Nguy Hiểm Căng Thẳng - Không Nên Cắt Lỗ ?,qEOuSZBxJ_o,1881,1881
1,1.17,False,Mạnh Chia Sẻ Vàng,7,False,877,False,904,0.0469,False,True,False,False,False,False,True,True,74,20,142,16,,False,2026-08-03T01:47:11Z,giá vàng phân tích,11100,TIN KHẨN : Giá Vàng Sắp Bùng Nổ Hay Sập Lớn - Nhà đầu tư nên làm gì NGAY ?,2FcXfYZdcj4,3175,3175
2,0.61,False,Mạnh Chia Sẻ Vàng,11,False,800,False,853,0.0791,False,True,False,False,False,False,False,True,73,19,120,16,,False,2026-08-02T00:43:11Z,giá vàng phân tích,11100,TIN KHẨN : Giá Vàng Tuần Sau Lao Dốc Mạnh  - Nhà đầu tư nên làm gì NGAY ?,W-1nKQRcBag,1656,828
3,0.49,False,Mạnh Chia Sẻ Vàng,7,False,869,False,712,0.0635,False,True,False,False,False,False,False,True,74,19,77,14,,True,2026-08-01T01:51:23Z,giá vàng phân tích,11100,TIN KHẨN : Bẫy Thao Túng VÀNG BIẾN ĐỘNG Cực Mạnh - Nhà Đầu Tư Nên Làm Gì ?,mNvI6U73jwU,1322,441
3,0.74,False,Mạnh Chia Sẻ Vàng,3,False,96,False,4079,0.0347,False,True,False,False,True,False,False,False,96,18,67,12,odd,False,2026-07-31T18:19:16Z,giá vàng phân tích,11100,"Trực tiếp giá vàng Ngày 31/7/2026 -  QUÁ KHỦNG KHIẾP giá vàng 9999, vàng sjc, vàng nhẫn 9999,...",nv1Ew_D-df8,2017,672
4,0.74,False,Mạnh Chia Sẻ Vàng,5,False,860,False,792,0.0621,False,True,False,False,False,False,False,True,68,17,120,11,,False,2026-07-31T01:45:55Z,giá vàng phân tích,11100,TIN KHẨN : Giá Vàng Nguy Hiểm BẤT NGỜ TRÁI CHIỀU  - Có Nên Mua Vào ?,ZnNrdQ7jTZs,2013,503
4,0.74,False,Mạnh Chia Sẻ Vàng,3,False,94,False,4227,0.0446,False,True,False,False,True,False,False,False,94,18,87,12,even,False,2026-07-30T18:19:49Z,giá vàng phân tích,11100,"Trực tiếp giá vàng Ngày 30/7/2026 -  SẬP GIẢM MẠNH giá vàng 9999, vàng sjc, vàng nhẫn 9999,...",bTki6-nlfNg,2020,505
5,1.19,False,Mạnh Chia Sẻ Vàng,8,False,864,False,829,0.039,False,True,False,False,False,False,False,True,66,18,118,15,,True,2026-07-30T03:30:50Z,giá vàng phân tích,11100,TIN KHẨN : Giá Vàng SẬP GIẢM CỰC SÂU  - Nhà Đầu Tư Có Nên Cắt Lỗ ?,BCVBZxaXjdw,3231,646
5,0.77,False,Mạnh Chia Sẻ Vàng,3,False,94,False,3289,0.0522,False,False,False,False,True,False,False,False,94,18,106,12,odd,False,2026-07-29T18:05:49Z,giá vàng phân tích,11100,"Trực tiếp giá vàng Ngày 29/7/2026 -  Tiếp Tục Giảm giá vàng 9999, vàng sjc, vàng nhẫn 9999,...",sqlWiiFDDZo,2090,418
7,0.57,False,Mạnh Chia Sẻ Vàng,2,False,965,False,841,0.0539,False,True,False,False,False,False,True,True,99,22,82,14,,True,2026-07-28T02:29:48Z,giá vàng phân tích,11100,TIN KHẨN :  Vàng TĂNG HAY GIẢM CỰC SÂU? Cái bẫy giằng co đang khiến cả thị trường toàn cầu chao đảo,Ejm2I0ZCT5A,1558,223
7,0.85,False,Mạnh Chia Sẻ Vàng,0,False,93,False,3412,0.0428,False,True,False,False,True,False,False,False,93,18,99,12,odd,False,2026-07-27T18:17:37Z,giá vàng phân tích,11100,"Trực tiếp giá vàng Ngày 27/7/2026 - KHÔNG THỂ TIN giá vàng 9999, vàng sjc, vàng nhẫn 9999,...",G-y9Sh_nSSQ,2314,331
8,0.53,False,Mạnh Chia Sẻ Vàng,3,False,859,False,755,0.0723,False,True,False,False,False,False,True,True,54,14,102,9,,True,2026-07-27T02:45:57Z,giá vàng phân tích,11100,TIN KHẨN : Giá Vàng NGUY HIỂM  - THỜI CƠ HAY CẠM BẪY ?,Mqk4GDCfR3E,1452,182
9,1.14,False,Mạnh Chia Sẻ Vàng,8,False,877,False,833,0.0479,False,True,False,False,False,False,False,True,75,20,141,11,,True,2026-07-26T05:21:16Z,giá vàng phân tích,11100,"TIN KHẨN : Giá Vàng SẬP MẤT ĐÁY, ĐỪNG VỘI BÁN THÁO ! Yếu tố bất ngờ nổ ra ?",Nh4YQi1LmWg,3108,345
10,0.63,False,Mạnh Chia Sẻ Vàng,7,False,873,False,752,0.0603,False,True,False,False,False,False,False,True,72,19,96,18,,True,2026-07-25T03:52:36Z,giá vàng phân tích,11100,TIN KHẨN : Giá Vàng Tuần Sau SẬP GIẢM MẠNH  - Nhà Đầu Tư Có Nên Cắt Lỗ ?,FI95BybZ1y4,1707,171
11,1.22,False,Mạnh Chia Sẻ Vàng,14,False,863,False,776,0.045,False,True,False,False,False,False,False,True,71,17,136,20,,True,2026-07-24T01:10:12Z,giá vàng phân tích,11100,TIN KHẨN : Giá Vàng BẤT NGỜ Giảm Đồng Loạt  - Coi Chừng Mất Tiền Oan  ?,2fRXnir0L7M,3330,303
11,0.75,False,Mạnh Chia Sẻ Vàng,0,False,97,False,3736,0.0424,False,True,False,False,True,False,False,False,96,19,87,12,odd,False,2026-07-23T18:22:34Z,giá vàng phân tích,11100,"Trực tiếp giá vàng Ngày 23/7/2026 - Chuẩn Bị Vỡ Trận giá vàng 9999, vàng sjc, vàng nhẫn 9999,...",n0PrUL-DHxQ,2052,187
12,0.73,False,Mạnh Chia Sẻ Vàng,6,False,874,False,807,0.0628,False,True,False,False,False,False,False,True,73,18,119,15,,True,2026-07-22T23:41:57Z,giá vàng phân tích,11100,TIN KHẨN : Giá Vàng Nguy Hiểm Giảm Mạnh  - Nhà đầu tư cẩn thận bẫy vàng ?,QFe_TbvX8_o,1991,166
13,1.01,False,Mạnh Chia Sẻ Vàng,14,False,851,False,1589,0.0634,False,True,False,False,False,False,False,True,59,14,161,15,,True,2026-07-22T01:56:00Z,giá vàng phân tích,11100,TIN KHẨN : Giá Vàng Nguy Hiểm VỠ TRẬN- Coi Chừng Mất Tiền ?,C4P2KWpsnWU,2759,212
14,1.4,False,Mạnh Chia Sẻ Vàng,11,False,864,False,735,0.0463,False,True,False,False,False,False,False,True,67,16,165,17,,False,2026-07-21T01:32:53Z,giá vàng phân tích,11100,TIN KHẨN : Giá Vàng SẬP THẢM HOẠ  - Nhà Đầu Tư Vẫn cuống cuồng gom?,9NwbrvLXp24,3802,272
14,0.99,False,Mạnh Chia Sẻ Vàng,5,False,80,False,4226,0.0443,False,False,False,False,True,False,False,False,79,15,114,12,even,False,2026-07-20T18:42:28Z,giá vàng phân tích,11100,"Trực tiếp giá vàng Ngày 20/7/2026 - giá vàng 9999, vàng sjc, vàng nhẫn 9999,...",PZ9JblkXiGY,2688,192
18,1.51,False,Mạnh Chia Sẻ Vàng,20,False,864,False,1510,0.0404,False,True,False,False,False,False,False,True,62,17,146,15,,True,2026-07-16T21:50:42Z,giá vàng phân tích,11100,TIN KHẨN : Giá Vàng Còn SẬP MẠNH  - Nhà Đầu Tư Có Nên Cắt Lỗ ?,ipG1RgV8vPY,4112,228
19,1.3,False,Mạnh Chia Sẻ Vàng,14,False,878,False,866,0.0406,False,True,False,False,False,False,False,True,77,20,130,13,,True,2026-07-16T03:52:16Z,giá vàng phân tích,11100,TIN KHẨN : Giá Vàng BẤT NGỜ đảo chiều GIẢM MẠNH - Nhà Đâu Tư Lo Lắng Cắt Lỗ ?,oeJXs0acXoY,3549,187
19,1.4,False,Mạnh Chia Sẻ Vàng,5,False,85,False,4279,0.0318,False,True,False,False,True,False,False,False,85,18,116,12,odd,False,2026-07-15T18:32:46Z,giá vàng phân tích,11100,"Trực tiếp giá vàng Ngày 15/7/2026 - KHÔNG THỂ TIN NỔI Giá Vàng 9999, Sjc, Pnj và Doji",JLi_UUq9y3o,3809,200
20,1.37,False,Mạnh Chia Sẻ Vàng,9,False,871,False,782,0.0455,False,True,False,False,False,False,False,True,66,18,161,15,,True,2026-07-15T02:37:39Z,giá vàng phân tích,11100,TIN KHẨN : Giá Vàng GIẢM SÂU BẪY CẮT LỖ  - Nhà Đầu Tư Nên Làm Gì ?,X5Dgh4hmBUo,3735,187
21,1.4,False,Mạnh Chia Sẻ Vàng,17,False,861,False,844,0.0585,False,True,False,False,False,False,False,True,60,15,206,13,,True,2026-07-14T04:40:29Z,giá vàng phân tích,11100,TIN KHẨN : Giá Vàng GIẢM CỰC SÂU -  Coi Chừng Mất Tiền Oan ?,IDvE_w_HRLY,3814,182
24,1.7,False,Mạnh Chia Sẻ Vàng,19,False,870,False,660,0.05,False,True,False,False,False,False,True,True,69,18,212,11,,True,2026-07-11T03:15:14Z,giá vàng phân tích,11100,TIN KHẨN : Giá Vàng Tuần Sau Tạo Đáy - Cơ Hội Hay Cái Bẫy Tài Chính ?,NqlnX_ytdGc,4622,193
25,1.78,False,Mạnh Chia Sẻ Vàng,15,False,871,False,736,0.0416,False,True,False,False,False,False,True,True,70,18,187,15,,True,2026-07-10T00:35:37Z,giá vàng phân tích,11100,TIN KHẨN : Giá Vàng LAO DỐC THỦNG ĐÁY - Cơ Hội Hay Cái Bẫy Tài Chính ?,f_mPaBoRHYM,4852,194
25,1.3,False,Mạnh Chia Sẻ Vàng,4,False,79,False,3465,0.0321,False,True,False,False,True,False,False,False,79,17,110,12,odd,False,2026-07-09T17:43:33Z,giá vàng phân tích,11100,"Trực tiếp giá vàng Ngày 9/7/2026 - LAO DỐC MẠNH Giá Vàng 9999, Sjc, Pnj và Doji",VLfuvf9rLg0,3552,142
26,2.3,False,Mạnh Chia Sẻ Vàng,25,False,872,False,807,0.0397,False,True,False,False,False,False,False,True,80,21,224,22,,True,2026-07-09T01:34:18Z,giá vàng phân tích,11100,TIN KHẨN : Giá Vàng Nguy Hiểm BẤT NGỜ SẬP MẤT MỐC - Nhà đầu tư nên làm gì NGAY ?,hFvI8y6PTcQ,6267,241
756,0.14,False,♡Akari-chan♡,9,False,0,False,7,0.0417,False,False,True,False,False,False,False,False,41,6,35,0,,False,2024-07-09T11:00:57Z,tâm lý học,10100,gyomei and Muichiro height 🤣 #demonslayer,enV0plDFfTo,1055,1
756,0.34,False,♡Akari-chan♡,6,False,0,False,58,0.0347,False,False,False,False,True,True,False,False,90,18,83,0,even,False,2024-07-09T01:06:12Z,tâm lý học,10100,"Shinobu : nếu tôi chữa được cho bà, bà đưa tôi 200k. #funny #kny | cre : @chunpopofficialy",xWZP0_Y9FIA,2564,3
758,1.59,False,♡Akari-chan♡,15,False,0,False,12,0.0444,False,False,False,False,False,False,False,False,37,6,517,0,,False,2024-07-07T10:39:41Z,tâm lý học,10100,hashira in the rain #demonslayer #kny,K6QqMVsGpD0,11972,16
760,0.89,False,♡Akari-chan♡,9,False,0,False,14,0.0393,False,False,False,False,True,True,False,True,60,11,254,0,even,False,2024-07-05T14:31:37Z,tâm lý học,10100,look how he falling #anime #kny #zenitsuagatsuma | ss4 arc |,uyxxdbf-zLE,6691,9
765,0.43,False,♡Akari-chan♡,11,False,0,False,24,0.03,False,False,False,False,True,True,False,False,47,9,86,0,even,False,2024-06-30T00:54:26Z,tâm lý học,10100,tính tiền 2 #gacha #funny | cre : @MrZunniderRS,AtLD-dguLMI,3228,4
767,0.13,False,♡Akari-chan♡,38,False,0,False,17,0.0977,False,False,False,False,False,False,False,True,34,4,55,0,,False,2024-06-28T08:16:09Z,tâm lý học,10100,hair? #gacha #oldtrend #gachatrend,_priNIFPhpw,952,1
771,1.77,False,♡Akari-chan♡,25,False,0,False,16,0.0511,False,False,False,False,False,True,False,True,62,13,653,0,,False,2024-06-24T05:54:44Z,tâm lý học,10100,"con ""cồn lặc"" là gì nhỉ? ;-; | kimetsu academy | #gacha #funny",6ZLsR0fQ6zE,13276,17
772,0.94,False,♡Akari-chan♡,7,False,0,False,13,0.0195,False,False,False,False,False,True,False,False,60,12,131,0,,False,2024-06-23T04:19:47Z,tâm lý học,10100,miku miku beam!! ⭐⭐ | my art | #trend #miku #art #ibispaintx,HJHU2HEeVbc,7087,9
778,0.08,False,♡Akari-chan♡,14,False,0,False,14,0.0859,False,False,True,False,False,True,False,False,98,11,40,0,,False,2024-06-17T08:19:37Z,tâm lý học,10100,shoulder boulder |collab with @Dawane_RINP |⚠toxic words⚠ #gacha #gachaclub #gachatrend #gachaedit,v4BuL57h2dg,629,1
787,0.28,False,♡Akari-chan♡,14,False,0,False,39,0.0367,False,False,False,False,False,True,False,False,74,15,63,0,,False,2024-06-08T03:10:30Z,tâm lý học,10100,chiến dịch giải cứu nezuko của Zenitsu | cre : tiktok | #gacha #funny #kny,OCT9TSu4W-M,2097,3
791,1.23,False,♡Akari-chan♡,26,False,0,False,9,0.0386,False,True,False,False,False,True,False,False,100,18,331,0,,True,2024-06-04T06:23:23Z,tâm lý học,10100,hug #gacha #trend #gachatiktok #gachatrend #oldtrend | xin lỗi nha Y/N TvT | !video chỉ để giải trí!,8Vc6Ev7HgTo,9245,12
796,0.38,False,♡Akari-chan♡,15,False,0,False,20,0.0441,False,False,False,False,True,False,False,False,95,16,111,0,even,False,2024-05-29T22:22:22Z,tâm lý học,10100,theo truyền thuyết thì có tất cả 12 cung hoàng đạo #cunghoangdao #trend #art #capcut #fairytail,GlN62UI683Y,2855,4
798,3.73,False,♡Akari-chan♡,35,False,0,False,16,0.0416,False,False,False,False,False,True,False,False,97,21,1131,0,,False,2024-05-28T11:31:59Z,tâm lý học,10100,sự khác biệt giữa con trai và con gái #kny #capcut #funny | !video chỉ mang tính chất giải trí! |,WfS2dzbPT9M,28011,35
803,0.5,False,♡Akari-chan♡,6,False,68,False,266,0.047,False,False,True,False,False,False,False,False,63,11,170,0,,False,2024-05-23T08:30:11Z,tâm lý học,10100,🔥🍀hashira react to hashira training arc🍀 🇻🇳/🇬🇧 { bad English }🔥,ZPKdfDIF6xk,3744,5
807,0.98,False,♡Akari-chan♡,12,False,0,False,18,0.0401,False,False,False,False,False,False,False,False,61,12,283,0,,False,2024-05-19T04:08:55Z,tâm lý học,10100,"Obanai : suốt ngày câu chia tay, chia tay. #kny #funny #gacha",C73EPivfB40,7363,9
812,1.61,False,♡Akari-chan♡,20,False,0,False,28,0.0433,False,False,False,False,False,False,False,False,43,9,503,0,,False,2024-05-14T00:41:57Z,tâm lý học,10100,câu chuyện cắt đầu moi bất ổn #funny #gacha,VRqh7Vox5Tw,12073,15
814,3.65,False,♡Akari-chan♡,12,False,0,False,23,0.0291,False,False,False,False,False,False,False,True,42,10,787,0,,False,2024-05-12T03:09:30Z,tâm lý học,10100,sự uy lực của cột nhà đây sao? #kny #funny,48601A9fsi4,27430,34
816,0.18,False,♡Akari-chan♡,17,False,31,False,31,0.0638,False,False,False,False,False,False,False,False,21,3,67,0,,False,2024-05-10T11:36:52Z,tâm lý học,10100,tuesday #gacha #trend,-BtETgXGYIk,1317,2
821,5.71,False,♡Akari-chan♡,27,False,26,False,23,0.0338,False,False,False,False,True,False,False,False,49,12,1425,0,odd,False,2024-05-05T02:22:34Z,tâm lý học,10100,tiết dự giờ giả trân hồi cấp 1 kiểu : #funny #kny,lxYek92xFE8,42956,52
823,0.55,False,♡Akari-chan♡,7,False,0,False,10,0.0332,False,False,False,False,False,True,False,False,68,17,130,0,,False,2024-05-03T00:16:57Z,tâm lý học,10100,"Muichiro : cụ ơi, ăn cướp xe!! #funny #gacha #kny | lưu ý : có tục |",xYCYOCLZdng,4132,5
827,2.16,False,♡Akari-chan♡,11,False,0,False,20,0.0307,False,False,False,False,True,False,False,False,34,8,487,0,odd,False,2024-04-29T03:11:36Z,tâm lý học,10100,đúng 9h là phải về đấy #funny #kny,vvW41Kfw_9U,16207,20
829,0.67,False,♡Akari-chan♡,15,False,0,False,19,0.0475,False,False,False,False,False,False,False,False,61,12,224,0,,False,2024-04-27T00:50:06Z,tâm lý học,10100,Không phải tại em cũng không phải tại anh. #funny #kny #gacha,Ognlrr8UPyE,5033,6
830,1.02,False,♡Akari-chan♡,4,False,0,False,13,0.0375,False,False,False,False,False,False,False,False,66,13,284,0,,False,2024-04-26T01:26:06Z,tâm lý học,10100,"bánh chưng, bánh tét,... chứ có đứa bé nào đâu. #funny #kny #gacha",-KCe5-TmOug,7671,9
832,2.09,False,♡Akari-chan♡,11,False,0,False,26,0.049,False,False,False,False,False,False,False,True,40,9,760,0,,False,2024-04-24T02:16:06Z,tâm lý học,10100,Obanai : ủa bộ tao sai hả??? #funny #kny,STftsp2zNIY,15732,19
834,34.86,False,♡Akari-chan♡,76,False,0,False,44,0.0348,False,False,False,False,False,False,False,False,56,11,9042,0,,False,2024-04-22T01:15:04Z,tâm lý học,10100,khi mẹ bạn thấy dạo này quá yên bình #funny #demonslayer,RSB9FLepbKQ,262077,314
835,0.89,False,♡Akari-chan♡,17,False,0,False,39,0.0535,False,True,False,False,False,False,False,False,61,12,342,0,,False,2024-04-21T00:32:39Z,tâm lý học,10100,khi các chị trong KNY khịa người yêu kiểu. #funny #kny #girls,DGdt_ECBX7g,6708,8
837,3.58,False,♡Akari-chan♡,15,False,35,False,20,0.0348,False,False,False,False,False,False,False,False,94,22,921,0,,False,2024-04-19T02:04:06Z,tâm lý học,10100,khi lớp học online có học sinh mới là nữ và cái kết. #funny không phải ship đâu nha mấy bro :),AlNNjgay1fs,26926,32
838,18.41,False,♡Akari-chan♡,75,False,0,False,37,0.0362,False,False,False,False,True,True,False,False,67,13,4938,0,odd,False,2024-04-18T00:44:23Z,tâm lý học,10100,khi học ngu mà được phù hộ #funny #kny | cre : @huyhahaofficial7117,2b5amG0oKsE,138367,165
839,11.03,False,♡Akari-chan♡,21,False,35,False,25,0.0343,False,False,False,False,False,False,False,False,43,9,2819,0,,False,2024-04-17T02:47:25Z,tâm lý học,10100,khi giáo viên đòi quà bất chấp. #funny #kny,Z7As7jT04Cg,82898,99
840,16.53,False,♡Akari-chan♡,54,False,16,False,42,0.0393,False,False,False,False,False,False,False,False,86,20,4824,0,,False,2024-04-16T01:37:09Z,tâm lý học,10100,sự khác biệt khi con gái đến nhà con trai và khi con trai đến nhà con gái. #funny #kny,iRiMdCv-hPs,124247,148
